District Name,District No,Jilha,Constituency Name,Constituency No,Total No. of Electors,Serial Poll,Total No. Valid Votes,No. of Rejected Votes,NOTA,Total,No. of Tendered Votes,Elected Person Name,Party Name of Elected Person,No. of Valid Votes Cast in Favour of Elected Person,Other Candidate Votes,Total EVM Votes,Total Postal ballot votes,Total Votes Polled
Mumbai Suburban,,,"Magathane Assembly Constituency
PART I
Name of the Assembly Segment",154,,1,3,440,0,443,0,,,0,874,874,0,874
Mumbai Suburban,,,"Magathane Assembly Constituency
PART I
Name of the Assembly Segment",154,,2,7,430,0,437,0,,,0,846,846,0,846
Mumbai Suburban,,,"Magathane Assembly Constituency
PART I
Name of the Assembly Segment",154,,3,15,501,0,516,0,,,0,972,972,0,972
Mumbai Suburban,,,"Magathane Assembly Constituency
PART I
Name of the Assembly Segment",154,,4,12,771,0,783,0,,,0,1518,1518,0,1518
Mumbai Suburban,,,"Magathane Assembly Constituency
PART I
Name of the Assembly Segment",154,,5,13,795,0,808,0,,,0,1564,1564,0,1564
Mumbai Suburban,,,"Magathane Assembly Constituency
PART I
Name of the Assembly Segment",154,,6,1,737,1,738,0,,,0,1472,1472,0,1472
Mumbai Suburban,,,"Magathane Assembly Constituency
PART I
Name of the Assembly Segment",154,,7,6,797,0,803,0,,,0,1582,1582,0,1582
Mumbai Suburban,,,"Magathane Assembly Constituency
PART I
Name of the Assembly Segment",154,,8,15,777,0,792,0,,,0,1524,1524,0,1524
Mumbai Suburban,,,"Magathane Assembly Constituency
PART I
Name of the Assembly Segment",154,,9,17,735,0,752,0,,,0,1436,1436,0,1436
Mumbai Suburban,,,"Magathane Assembly Constituency
PART I
Name of the Assembly Segment",154,,10,5,729,0,734,0,,,0,1448,1448,0,1448
Mumbai Suburban,,,"Magathane Assembly Constituency
PART I
Name of the Assembly Segment",154,,11,4,313,0,317,0,,,0,618,618,0,618
Mumbai Suburban,,,"Magathane Assembly Constituency
PART I
Name of the Assembly Segment",154,,12,7,576,0,583,0,,,0,1138,1138,0,1138
Mumbai Suburban,,,"Magathane Assembly Constituency
PART I
Name of the Assembly Segment",154,,13,16,745,0,761,0,,,0,1458,1458,0,1458
Mumbai Suburban,,,"Magathane Assembly Constituency
PART I
Name of the Assembly Segment",154,,14,10,718,0,728,0,,,0,1416,1416,0,1416
Mumbai Suburban,,,"Magathane Assembly Constituency
PART I
Name of the Assembly Segment",154,,15,12,767,0,779,0,,,0,1510,1510,0,1510
Mumbai Suburban,,,"Magathane Assembly Constituency
PART I
Name of the Assembly Segment",154,,16,6,645,0,651,0,,,0,1278,1278,0,1278
Mumbai Suburban,,,"Magathane Assembly Constituency
PART I
Name of the Assembly Segment",154,,17,8,570,0,578,0,,,0,1124,1124,0,1124
Mumbai Suburban,,,"Magathane Assembly Constituency
PART I
Name of the Assembly Segment",154,,18,11,825,0,836,0,,,0,1628,1628,0,1628
Mumbai Suburban,,,"Magathane Assembly Constituency
PART I
Name of the Assembly Segment",154,,19,3,612,0,615,0,,,0,1218,1218,0,1218
Mumbai Suburban,,,"Magathane Assembly Constituency
PART I
Name of the Assembly Segment",154,,20,11,643,0,654,0,,,0,1264,1264,0,1264
Mumbai Suburban,,,"Magathane Assembly Constituency
PART I
Name of the Assembly Segment",154,,21,4,838,1,842,0,,,0,1668,1668,0,1668
Mumbai Suburban,,,"Magathane Assembly Constituency
PART I
Name of the Assembly Segment",154,,22,10,896,0,906,0,,,0,1772,1772,0,1772
Mumbai Suburban,,,"Magathane Assembly Constituency
PART I
Name of the Assembly Segment",154,,23,13,722,0,735,0,,,0,1418,1418,0,1418
Mumbai Suburban,,,"Magathane Assembly Constituency
PART I
Name of the Assembly Segment",154,,24,10,619,0,629,0,,,0,1218,1218,0,1218
Mumbai Suburban,,,"Magathane Assembly Constituency
PART I
Name of the Assembly Segment",154,,25,10,745,0,755,0,,,0,1470,1470,0,1470
Mumbai Suburban,,,"Magathane Assembly Constituency
PART I
Name of the Assembly Segment",154,,26,14,733,0,747,0,,,0,1438,1438,0,1438
Mumbai Suburban,,,"Magathane Assembly Constituency
PART I
Name of the Assembly Segment",154,,27,7,562,1,569,0,,,0,1110,1110,0,1110
Mumbai Suburban,,,"Magathane Assembly Constituency
PART I
Name of the Assembly Segment",154,,28,1,571,0,572,0,,,0,1140,1140,0,1140
Mumbai Suburban,,,"Magathane Assembly Constituency
PART I
Name of the Assembly Segment",154,,29,6,593,0,599,0,,,0,1174,1174,0,1174
Mumbai Suburban,,,"Magathane Assembly Constituency
PART I
Name of the Assembly Segment",154,,30,7,718,0,725,0,,,0,1422,1422,0,1422
Mumbai Suburban,,,"Magathane Assembly Constituency
PART I
Name of the Assembly Segment",154,,31,5,510,0,515,0,,,0,1010,1010,0,1010
Mumbai Suburban,,,"Magathane Assembly Constituency
PART I
Name of the Assembly Segment",154,,32,6,663,0,669,0,,,0,1314,1314,0,1314
Mumbai Suburban,,,"Magathane Assembly Constituency
PART I
Name of the Assembly Segment",154,,33,7,475,0,482,0,,,0,936,936,0,936
Mumbai Suburban,,,"Magathane Assembly Constituency
PART I
Name of the Assembly Segment",154,,34,6,618,0,624,0,,,0,1224,1224,0,1224
Mumbai Suburban,,,"Magathane Assembly Constituency
PART I
Name of the Assembly Segment",154,,35,12,730,0,742,0,,,0,1436,1436,0,1436
Mumbai Suburban,,,"Magathane Assembly Constituency
PART I
Name of the Assembly Segment",154,,36,12,416,0,428,0,,,0,808,808,0,808
Mumbai Suburban,,,"Magathane Assembly Constituency
PART I
Name of the Assembly Segment",154,,37,7,503,1,510,0,,,0,992,992,0,992
Mumbai Suburban,,,"Magathane Assembly Constituency
PART I
Name of the Assembly Segment",154,,38,8,400,0,408,0,,,0,784,784,0,784
Mumbai Suburban,,,"Magathane Assembly Constituency
PART I
Name of the Assembly Segment",154,,39,11,428,0,439,0,,,0,834,834,0,834
Mumbai Suburban,,,"Magathane Assembly Constituency
PART I
Name of the Assembly Segment",154,,40,4,461,0,465,0,,,0,914,914,0,914
Mumbai Suburban,,,"Magathane Assembly Constituency
PART I
Name of the Assembly Segment",154,,41,4,686,0,690,0,,,0,1364,1364,0,1364
Mumbai Suburban,,,"Magathane Assembly Constituency
PART I
Name of the Assembly Segment",154,,42,13,529,0,542,0,,,0,1032,1032,0,1032
Mumbai Suburban,,,"Magathane Assembly Constituency
PART I
Name of the Assembly Segment",154,,43,6,645,0,651,0,,,0,1278,1278,0,1278
Mumbai Suburban,,,"Magathane Assembly Constituency
PART I
Name of the Assembly Segment",154,,44,5,442,0,447,0,,,0,874,874,0,874
Mumbai Suburban,,,"Magathane Assembly Constituency
PART I
Name of the Assembly Segment",154,,45,1,577,1,578,0,,,0,1152,1152,0,1152
Mumbai Suburban,,,"Magathane Assembly Constituency
PART I
Name of the Assembly Segment",154,,46,5,766,0,771,0,,,0,1522,1522,0,1522
Mumbai Suburban,,,"Magathane Assembly Constituency
PART I
Name of the Assembly Segment",154,,47,7,876,2,883,0,,,0,1738,1738,0,1738
Mumbai Suburban,,,"Magathane Assembly Constituency
PART I
Name of the Assembly Segment",154,,48,11,755,0,766,0,,,0,1488,1488,0,1488
Mumbai Suburban,,,"Magathane Assembly Constituency
PART I
Name of the Assembly Segment",154,,49,7,773,0,780,0,,,0,1532,1532,0,1532
Mumbai Suburban,,,"Magathane Assembly Constituency
PART I
Name of the Assembly Segment",154,,50,5,555,0,560,0,,,0,1100,1100,0,1100
Mumbai Suburban,,,"Magathane Assembly Constituency
PART I
Name of the Assembly Segment",154,,51,6,568,0,574,0,,,0,1124,1124,0,1124
Mumbai Suburban,,,"Magathane Assembly Constituency
PART I
Name of the Assembly Segment",154,,52,10,737,0,747,0,,,0,1454,1454,0,1454
Mumbai Suburban,,,"Magathane Assembly Constituency
PART I
Name of the Assembly Segment",154,,53,10,725,0,735,0,,,0,1430,1430,0,1430
Mumbai Suburban,,,"Magathane Assembly Constituency
PART I
Name of the Assembly Segment",154,,54,6,798,2,804,0,,,0,1584,1584,0,1584
Mumbai Suburban,,,"Magathane Assembly Constituency
PART I
Name of the Assembly Segment",154,,55,11,733,1,744,0,,,0,1444,1444,0,1444
Mumbai Suburban,,,"Magathane Assembly Constituency
PART I
Name of the Assembly Segment",154,,56,16,827,0,843,0,,,0,1622,1622,0,1622
Mumbai Suburban,,,"Magathane Assembly Constituency
PART I
Name of the Assembly Segment",154,,57,14,826,0,840,0,,,0,1624,1624,0,1624
Mumbai Suburban,,,"Magathane Assembly Constituency
PART I
Name of the Assembly Segment",154,,58,12,560,0,572,0,,,0,1096,1096,0,1096
Mumbai Suburban,,,"Magathane Assembly Constituency
PART I
Name of the Assembly Segment",154,,59,13,940,0,953,0,,,0,1854,1854,0,1854
Mumbai Suburban,,,"Magathane Assembly Constituency
PART I
Name of the Assembly Segment",154,,60,3,644,0,647,0,,,0,1282,1282,0,1282
Mumbai Suburban,,,"Magathane Assembly Constituency
PART I
Name of the Assembly Segment",154,,61,13,668,1,681,0,,,0,1310,1310,0,1310
Mumbai Suburban,,,"Magathane Assembly Constituency
PART I
Name of the Assembly Segment",154,,62,13,793,0,806,0,,,0,1560,1560,0,1560
Mumbai Suburban,,,"Magathane Assembly Constituency
PART I
Name of the Assembly Segment",154,,63,2,511,0,513,0,,,0,1018,1018,0,1018
Mumbai Suburban,,,"Magathane Assembly Constituency
PART I
Name of the Assembly Segment",154,,64,5,575,0,580,0,,,0,1140,1140,0,1140
Mumbai Suburban,,,"Magathane Assembly Constituency
PART I
Name of the Assembly Segment",154,,65,7,670,0,677,0,,,0,1326,1326,0,1326
Mumbai Suburban,,,"Magathane Assembly Constituency
PART I
Name of the Assembly Segment",154,,66,13,889,0,902,0,,,0,1752,1752,0,1752
Mumbai Suburban,,,"Magathane Assembly Constituency
PART I
Name of the Assembly Segment",154,,67,11,653,0,664,0,,,0,1284,1284,0,1284
Mumbai Suburban,,,"Magathane Assembly Constituency
PART I
Name of the Assembly Segment",154,,68,8,515,0,523,0,,,0,1014,1014,0,1014
Mumbai Suburban,,,"Magathane Assembly Constituency
PART I
Name of the Assembly Segment",154,,69,5,388,0,393,0,,,0,766,766,0,766
Mumbai Suburban,,,"Magathane Assembly Constituency
PART I
Name of the Assembly Segment",154,,70,1,431,0,432,0,,,0,860,860,0,860
Mumbai Suburban,,,"Magathane Assembly Constituency
PART I
Name of the Assembly Segment",154,,71,10,726,0,736,0,,,0,1432,1432,0,1432
Mumbai Suburban,,,"Magathane Assembly Constituency
PART I
Name of the Assembly Segment",154,,72,8,683,0,691,0,,,0,1350,1350,0,1350
Mumbai Suburban,,,"Magathane Assembly Constituency
PART I
Name of the Assembly Segment",154,,73,14,817,0,831,0,,,0,1606,1606,0,1606
Mumbai Suburban,,,"Magathane Assembly Constituency
PART I
Name of the Assembly Segment",154,,74,8,590,1,598,0,,,0,1164,1164,0,1164
Mumbai Suburban,,,"Magathane Assembly Constituency
PART I
Name of the Assembly Segment",154,,75,7,481,1,488,0,,,0,948,948,0,948
Mumbai Suburban,,,"Magathane Assembly Constituency
PART I
Name of the Assembly Segment",154,,76,9,647,0,656,0,,,0,1276,1276,0,1276
Mumbai Suburban,,,"Magathane Assembly Constituency
PART I
Name of the Assembly Segment",154,,77,16,737,0,753,0,,,0,1442,1442,0,1442
Mumbai Suburban,,,"Magathane Assembly Constituency
PART I
Name of the Assembly Segment",154,,78,9,781,0,790,0,,,0,1544,1544,0,1544
Mumbai Suburban,,,"Magathane Assembly Constituency
PART I
Name of the Assembly Segment",154,,79,16,785,1,801,0,,,0,1538,1538,0,1538
Mumbai Suburban,,,"Magathane Assembly Constituency
PART I
Name of the Assembly Segment",154,,80,3,603,0,606,0,,,0,1200,1200,0,1200
Mumbai Suburban,,,"Magathane Assembly Constituency
PART I
Name of the Assembly Segment",154,,81,9,659,0,668,0,,,0,1300,1300,0,1300
Mumbai Suburban,,,"Magathane Assembly Constituency
PART I
Name of the Assembly Segment",154,,82,8,439,0,447,0,,,0,862,862,0,862
Mumbai Suburban,,,"Magathane Assembly Constituency
PART I
Name of the Assembly Segment",154,,83,4,416,0,420,0,,,0,824,824,0,824
Mumbai Suburban,,,"Magathane Assembly Constituency
PART I
Name of the Assembly Segment",154,,84,5,403,0,408,0,,,0,796,796,0,796
Mumbai Suburban,,,"Magathane Assembly Constituency
PART I
Name of the Assembly Segment",154,,85,3,431,0,434,0,,,0,856,856,0,856
Mumbai Suburban,,,"Magathane Assembly Constituency
PART I
Name of the Assembly Segment",154,,86,7,446,0,453,0,,,0,878,878,0,878
Mumbai Suburban,,,"Magathane Assembly Constituency
PART I
Name of the Assembly Segment",154,,87,9,592,0,601,0,,,0,1166,1166,0,1166
Mumbai Suburban,,,"Magathane Assembly Constituency
PART I
Name of the Assembly Segment",154,,88,13,641,0,654,0,,,0,1256,1256,0,1256
Mumbai Suburban,,,"Magathane Assembly Constituency
PART I
Name of the Assembly Segment",154,,89,8,466,0,474,0,,,0,916,916,0,916
Mumbai Suburban,,,"Magathane Assembly Constituency
PART I
Name of the Assembly Segment",154,,90,13,808,0,821,0,,,0,1590,1590,0,1590
Mumbai Suburban,,,"Magathane Assembly Constituency
PART I
Name of the Assembly Segment",154,,91,12,798,0,810,0,,,0,1572,1572,0,1572
Mumbai Suburban,,,"Magathane Assembly Constituency
PART I
Name of the Assembly Segment",154,,92,8,784,0,792,0,,,0,1552,1552,0,1552
Mumbai Suburban,,,"Magathane Assembly Constituency
PART I
Name of the Assembly Segment",154,,93,16,741,0,757,0,,,0,1450,1450,0,1450
Mumbai Suburban,,,"Magathane Assembly Constituency
PART I
Name of the Assembly Segment",154,,94,11,652,0,663,0,,,0,1282,1282,0,1282
Mumbai Suburban,,,"Magathane Assembly Constituency
PART I
Name of the Assembly Segment",154,,95,10,451,0,461,0,,,0,882,882,0,882
Mumbai Suburban,,,"Magathane Assembly Constituency
PART I
Name of the Assembly Segment",154,,96,2,504,0,506,0,,,0,1004,1004,0,1004
Mumbai Suburban,,,"Magathane Assembly Constituency
PART I
Name of the Assembly Segment",154,,97,7,758,0,765,0,,,0,1502,1502,0,1502
Mumbai Suburban,,,"Magathane Assembly Constituency
PART I
Name of the Assembly Segment",154,,98,7,631,0,638,0,,,0,1248,1248,0,1248
Mumbai Suburban,,,"Magathane Assembly Constituency
PART I
Name of the Assembly Segment",154,,99,10,685,0,695,0,,,0,1350,1350,0,1350
Mumbai Suburban,,,"Magathane Assembly Constituency
PART I
Name of the Assembly Segment",154,,100,13,827,0,840,0,,,0,1628,1628,0,1628
Mumbai Suburban,,,"Magathane Assembly Constituency
PART I
Name of the Assembly Segment",154,,101,11,890,0,901,0,,,0,1758,1758,0,1758
Mumbai Suburban,,,"Magathane Assembly Constituency
PART I
Name of the Assembly Segment",154,,102,9,702,0,711,0,,,0,1386,1386,0,1386
Mumbai Suburban,,,"Magathane Assembly Constituency
PART I
Name of the Assembly Segment",154,,103,3,435,0,438,0,,,0,864,864,0,864
Mumbai Suburban,,,"Magathane Assembly Constituency
PART I
Name of the Assembly Segment",154,,104,10,461,0,471,0,,,0,902,902,0,902
Mumbai Suburban,,,"Magathane Assembly Constituency
PART I
Name of the Assembly Segment",154,,105,10,435,0,445,0,,,0,850,850,0,850
Mumbai Suburban,,,"Magathane Assembly Constituency
PART I
Name of the Assembly Segment",154,,106,9,500,0,509,0,,,0,982,982,0,982
Mumbai Suburban,,,"Magathane Assembly Constituency
PART I
Name of the Assembly Segment",154,,107,18,844,0,862,0,,,0,1652,1652,0,1652
Mumbai Suburban,,,"Magathane Assembly Constituency
PART I
Name of the Assembly Segment",154,,108,15,543,1,558,0,,,0,1056,1056,0,1056
Mumbai Suburban,,,"Magathane Assembly Constituency
PART I
Name of the Assembly Segment",154,,109,14,646,0,660,0,,,0,1264,1264,0,1264
Mumbai Suburban,,,"Magathane Assembly Constituency
PART I
Name of the Assembly Segment",154,,110,5,480,0,485,0,,,0,950,950,0,950
Mumbai Suburban,,,"Magathane Assembly Constituency
PART I
Name of the Assembly Segment",154,,111,5,611,0,616,0,,,0,1212,1212,0,1212
Mumbai Suburban,,,"Magathane Assembly Constituency
PART I
Name of the Assembly Segment",154,,112,5,501,0,506,0,,,0,992,992,0,992
Mumbai Suburban,,,"Magathane Assembly Constituency
PART I
Name of the Assembly Segment",154,,113,9,463,0,472,0,,,0,908,908,0,908
Mumbai Suburban,,,"Magathane Assembly Constituency
PART I
Name of the Assembly Segment",154,,114,2,447,0,449,0,,,0,890,890,0,890
Mumbai Suburban,,,"Magathane Assembly Constituency
PART I
Name of the Assembly Segment",154,,115,5,489,0,494,0,,,0,968,968,0,968
Mumbai Suburban,,,"Magathane Assembly Constituency
PART I
Name of the Assembly Segment",154,,116,11,903,0,914,0,,,0,1784,1784,0,1784
Mumbai Suburban,,,"Magathane Assembly Constituency
PART I
Name of the Assembly Segment",154,,117,17,779,0,796,0,,,0,1524,1524,0,1524
Mumbai Suburban,,,"Magathane Assembly Constituency
PART I
Name of the Assembly Segment",154,,118,11,723,0,734,0,,,0,1424,1424,0,1424
Mumbai Suburban,,,"Magathane Assembly Constituency
PART I
Name of the Assembly Segment",154,,119,10,697,0,707,0,,,0,1374,1374,0,1374
Mumbai Suburban,,,"Magathane Assembly Constituency
PART I
Name of the Assembly Segment",154,,120,8,680,0,688,0,,,0,1344,1344,0,1344
Mumbai Suburban,,,"Magathane Assembly Constituency
PART I
Name of the Assembly Segment",154,,121,11,798,0,809,0,,,0,1574,1574,0,1574
Mumbai Suburban,,,"Magathane Assembly Constituency
PART I
Name of the Assembly Segment",154,,122,5,557,0,562,0,,,0,1104,1104,0,1104
Mumbai Suburban,,,"Magathane Assembly Constituency
PART I
Name of the Assembly Segment",154,,123,13,821,0,834,0,,,0,1616,1616,0,1616
Mumbai Suburban,,,"Magathane Assembly Constituency
PART I
Name of the Assembly Segment",154,,124,7,863,0,870,0,,,0,1712,1712,0,1712
Mumbai Suburban,,,"Magathane Assembly Constituency
PART I
Name of the Assembly Segment",154,,125,22,859,2,881,0,,,0,1674,1674,0,1674
Mumbai Suburban,,,"Magathane Assembly Constituency
PART I
Name of the Assembly Segment",154,,126,8,528,0,536,0,,,0,1040,1040,0,1040
Mumbai Suburban,,,"Magathane Assembly Constituency
PART I
Name of the Assembly Segment",154,,127,11,785,0,796,0,,,0,1548,1548,0,1548
Mumbai Suburban,,,"Magathane Assembly Constituency
PART I
Name of the Assembly Segment",154,,128,14,679,0,693,0,,,0,1330,1330,0,1330
Mumbai Suburban,,,"Magathane Assembly Constituency
PART I
Name of the Assembly Segment",154,,129,22,757,1,779,0,,,0,1470,1470,0,1470
Mumbai Suburban,,,"Magathane Assembly Constituency
PART I
Name of the Assembly Segment",154,,130,19,649,1,668,0,,,0,1260,1260,0,1260
Mumbai Suburban,,,"Magathane Assembly Constituency
PART I
Name of the Assembly Segment",154,,131,10,543,0,553,0,,,0,1066,1066,0,1066
Mumbai Suburban,,,"Magathane Assembly Constituency
PART I
Name of the Assembly Segment",154,,132,7,449,0,456,0,,,0,884,884,0,884
Mumbai Suburban,,,"Magathane Assembly Constituency
PART I
Name of the Assembly Segment",154,,133,18,761,0,779,0,,,0,1486,1486,0,1486
Mumbai Suburban,,,"Magathane Assembly Constituency
PART I
Name of the Assembly Segment",154,,134,16,695,0,711,0,,,0,1358,1358,0,1358
Mumbai Suburban,,,"Magathane Assembly Constituency
PART I
Name of the Assembly Segment",154,,135,11,410,0,421,0,,,0,798,798,0,798
Mumbai Suburban,,,"Magathane Assembly Constituency
PART I
Name of the Assembly Segment",154,,136,13,506,0,519,0,,,0,986,986,0,986
Mumbai Suburban,,,"Magathane Assembly Constituency
PART I
Name of the Assembly Segment",154,,137,5,475,0,480,0,,,0,940,940,0,940
Mumbai Suburban,,,"Magathane Assembly Constituency
PART I
Name of the Assembly Segment",154,,138,5,456,1,461,0,,,0,902,902,0,902
Mumbai Suburban,,,"Magathane Assembly Constituency
PART I
Name of the Assembly Segment",154,,139,16,778,0,794,0,,,0,1524,1524,0,1524
Mumbai Suburban,,,"Magathane Assembly Constituency
PART I
Name of the Assembly Segment",154,,140,16,794,0,810,0,,,0,1556,1556,0,1556
Mumbai Suburban,,,"Magathane Assembly Constituency
PART I
Name of the Assembly Segment",154,,141,17,729,0,746,0,,,0,1424,1424,0,1424
Mumbai Suburban,,,"Magathane Assembly Constituency
PART I
Name of the Assembly Segment",154,,142,9,654,0,663,0,,,0,1290,1290,0,1290
Mumbai Suburban,,,"Magathane Assembly Constituency
PART I
Name of the Assembly Segment",154,,143,9,875,1,884,0,,,0,1732,1732,0,1732
Mumbai Suburban,,,"Magathane Assembly Constituency
PART I
Name of the Assembly Segment",154,,144,4,504,0,508,0,,,0,1000,1000,0,1000
Mumbai Suburban,,,"Magathane Assembly Constituency
PART I
Name of the Assembly Segment",154,,145,7,482,0,489,0,,,0,950,950,0,950
Mumbai Suburban,,,"Magathane Assembly Constituency
PART I
Name of the Assembly Segment",154,,146,12,904,0,916,0,,,0,1784,1784,0,1784
Mumbai Suburban,,,"Magathane Assembly Constituency
PART I
Name of the Assembly Segment",154,,147,9,870,0,879,0,,,0,1722,1722,0,1722
Mumbai Suburban,,,"Magathane Assembly Constituency
PART I
Name of the Assembly Segment",154,,148,4,551,1,555,0,,,0,1094,1094,0,1094
Mumbai Suburban,,,"Magathane Assembly Constituency
PART I
Name of the Assembly Segment",154,,149,17,633,0,650,0,,,0,1232,1232,0,1232
Mumbai Suburban,,,"Magathane Assembly Constituency
PART I
Name of the Assembly Segment",154,,150,9,616,0,625,0,,,0,1214,1214,0,1214
Mumbai Suburban,,,"Magathane Assembly Constituency
PART I
Name of the Assembly Segment",154,,151,1,524,0,525,0,,,0,1046,1046,0,1046
Mumbai Suburban,,,"Magathane Assembly Constituency
PART I
Name of the Assembly Segment",154,,152,19,917,0,936,0,,,0,1796,1796,0,1796
Mumbai Suburban,,,"Magathane Assembly Constituency
PART I
Name of the Assembly Segment",154,,153,16,822,0,838,0,,,0,1612,1612,0,1612
Mumbai Suburban,,,"Magathane Assembly Constituency
PART I
Name of the Assembly Segment",154,,154,13,759,0,772,0,,,0,1492,1492,0,1492
Mumbai Suburban,,,"Magathane Assembly Constituency
PART I
Name of the Assembly Segment",154,,155,5,520,1,525,0,,,0,1030,1030,0,1030
Mumbai Suburban,,,"Magathane Assembly Constituency
PART I
Name of the Assembly Segment",154,,156,11,589,0,600,0,,,0,1156,1156,0,1156
Mumbai Suburban,,,"Magathane Assembly Constituency
PART I
Name of the Assembly Segment",154,,157,8,599,1,607,0,,,0,1182,1182,0,1182
Mumbai Suburban,,,"Magathane Assembly Constituency
PART I
Name of the Assembly Segment",154,,158,15,855,0,870,0,,,0,1680,1680,0,1680
Mumbai Suburban,,,"Magathane Assembly Constituency
PART I
Name of the Assembly Segment",154,,159,9,821,0,830,0,,,0,1624,1624,0,1624
Mumbai Suburban,,,"Magathane Assembly Constituency
PART I
Name of the Assembly Segment",154,,160,14,667,0,681,0,,,0,1306,1306,0,1306
Mumbai Suburban,,,"Magathane Assembly Constituency
PART I
Name of the Assembly Segment",154,,161,10,508,0,518,0,,,0,996,996,0,996
Mumbai Suburban,,,"Magathane Assembly Constituency
PART I
Name of the Assembly Segment",154,,162,7,832,0,839,0,,,0,1650,1650,0,1650
Mumbai Suburban,,,"Magathane Assembly Constituency
PART I
Name of the Assembly Segment",154,,163,10,819,0,829,0,,,0,1618,1618,0,1618
Mumbai Suburban,,,"Magathane Assembly Constituency
PART I
Name of the Assembly Segment",154,,164,4,716,1,720,0,,,0,1424,1424,0,1424
Mumbai Suburban,,,"Magathane Assembly Constituency
PART I
Name of the Assembly Segment",154,,165,12,570,0,582,0,,,0,1116,1116,0,1116
Mumbai Suburban,,,"Magathane Assembly Constituency
PART I
Name of the Assembly Segment",154,,166,10,726,0,736,0,,,0,1432,1432,0,1432
Mumbai Suburban,,,"Magathane Assembly Constituency
PART I
Name of the Assembly Segment",154,,167,5,514,0,519,0,,,0,1018,1018,0,1018
Mumbai Suburban,,,"Magathane Assembly Constituency
PART I
Name of the Assembly Segment",154,,168,10,550,0,560,0,,,0,1080,1080,0,1080
Mumbai Suburban,,,"Magathane Assembly Constituency
PART I
Name of the Assembly Segment",154,,169,7,757,1,764,0,,,0,1500,1500,0,1500
Mumbai Suburban,,,"Magathane Assembly Constituency
PART I
Name of the Assembly Segment",154,,170,15,586,0,601,0,,,0,1142,1142,0,1142
Mumbai Suburban,,,"Magathane Assembly Constituency
PART I
Name of the Assembly Segment",154,,171,5,424,0,429,0,,,0,838,838,0,838
Mumbai Suburban,,,"Magathane Assembly Constituency
PART I
Name of the Assembly Segment",154,,172,8,600,1,608,0,,,0,1184,1184,0,1184
Mumbai Suburban,,,"Magathane Assembly Constituency
PART I
Name of the Assembly Segment",154,,173,2,457,0,459,0,,,0,910,910,0,910
Mumbai Suburban,,,"Magathane Assembly Constituency
PART I
Name of the Assembly Segment",154,,174,3,498,0,501,0,,,0,990,990,0,990
Mumbai Suburban,,,"Magathane Assembly Constituency
PART I
Name of the Assembly Segment",154,,175,6,766,1,772,0,,,0,1520,1520,0,1520
Mumbai Suburban,,,"Magathane Assembly Constituency
PART I
Name of the Assembly Segment",154,,176,10,550,0,560,0,,,0,1080,1080,0,1080
Mumbai Suburban,,,"Magathane Assembly Constituency
PART I
Name of the Assembly Segment",154,,177,5,434,0,439,0,,,0,858,858,0,858
Mumbai Suburban,,,"Magathane Assembly Constituency
PART I
Name of the Assembly Segment",154,,178,7,700,0,707,0,,,0,1386,1386,0,1386
Mumbai Suburban,,,"Magathane Assembly Constituency
PART I
Name of the Assembly Segment",154,,179,13,579,0,592,0,,,0,1132,1132,0,1132
Mumbai Suburban,,,"Magathane Assembly Constituency
PART I
Name of the Assembly Segment",154,,180,10,869,0,879,0,,,0,1718,1718,0,1718
Mumbai Suburban,,,"Magathane Assembly Constituency
PART I
Name of the Assembly Segment",154,,181,12,862,0,874,0,,,0,1700,1700,0,1700
Mumbai Suburban,,,"Magathane Assembly Constituency
PART I
Name of the Assembly Segment",154,,182,9,617,1,626,0,,,0,1216,1216,0,1216
Mumbai Suburban,,,"Magathane Assembly Constituency
PART I
Name of the Assembly Segment",154,,183,6,621,0,627,0,,,0,1230,1230,0,1230
Mumbai Suburban,,,"Magathane Assembly Constituency
PART I
Name of the Assembly Segment",154,,184,10,914,0,924,0,,,0,1808,1808,0,1808
Mumbai Suburban,,,"Magathane Assembly Constituency
PART I
Name of the Assembly Segment",154,,185,19,772,0,791,0,,,0,1506,1506,0,1506
Mumbai Suburban,,,"Magathane Assembly Constituency
PART I
Name of the Assembly Segment",154,,186,8,359,0,367,0,,,0,702,702,0,702
Mumbai Suburban,,,"Magathane Assembly Constituency
PART I
Name of the Assembly Segment",154,,187,5,584,0,589,0,,,0,1158,1158,0,1158
Mumbai Suburban,,,"Magathane Assembly Constituency
PART I
Name of the Assembly Segment",154,,188,6,376,0,382,0,,,0,740,740,0,740
Mumbai Suburban,,,"Magathane Assembly Constituency
PART I
Name of the Assembly Segment",154,,189,10,587,0,597,0,,,0,1154,1154,0,1154
Mumbai Suburban,,,"Magathane Assembly Constituency
PART I
Name of the Assembly Segment",154,,190,12,787,0,799,0,,,0,1550,1550,0,1550
Mumbai Suburban,,,"Magathane Assembly Constituency
PART I
Name of the Assembly Segment",154,,191,14,694,0,708,0,,,0,1360,1360,0,1360
Mumbai Suburban,,,"Magathane Assembly Constituency
PART I
Name of the Assembly Segment",154,,192,9,538,0,547,0,,,0,1058,1058,0,1058
Mumbai Suburban,,,"Magathane Assembly Constituency
PART I
Name of the Assembly Segment",154,,193,8,797,0,805,0,,,0,1578,1578,0,1578
Mumbai Suburban,,,"Magathane Assembly Constituency
PART I
Name of the Assembly Segment",154,,194,1,430,0,431,0,,,0,858,858,0,858
Mumbai Suburban,,,"Magathane Assembly Constituency
PART I
Name of the Assembly Segment",154,,195,14,752,0,766,0,,,0,1476,1476,0,1476
Mumbai Suburban,,,"Magathane Assembly Constituency
PART I
Name of the Assembly Segment",154,,196,10,471,0,481,0,,,0,922,922,0,922
Mumbai Suburban,,,"Magathane Assembly Constituency
PART I
Name of the Assembly Segment",154,,197,12,420,0,432,0,,,0,816,816,0,816
Mumbai Suburban,,,"Magathane Assembly Constituency
PART I
Name of the Assembly Segment",154,,198,13,458,0,471,0,,,0,890,890,0,890
Mumbai Suburban,,,"Magathane Assembly Constituency
PART I
Name of the Assembly Segment",154,,199,9,662,0,671,0,,,0,1306,1306,0,1306
Mumbai Suburban,,,"Magathane Assembly Constituency
PART I
Name of the Assembly Segment",154,,200,7,542,0,549,0,,,0,1070,1070,0,1070
Mumbai Suburban,,,"Magathane Assembly Constituency
PART I
Name of the Assembly Segment",154,,201,12,597,0,609,0,,,0,1170,1170,0,1170
Mumbai Suburban,,,"Magathane Assembly Constituency
PART I
Name of the Assembly Segment",154,,202,6,745,0,751,0,,,0,1478,1478,0,1478
Mumbai Suburban,,,"Magathane Assembly Constituency
PART I
Name of the Assembly Segment",154,,203,9,496,0,505,0,,,0,974,974,0,974
Mumbai Suburban,,,"Magathane Assembly Constituency
PART I
Name of the Assembly Segment",154,,204,7,554,0,561,0,,,0,1094,1094,0,1094
Mumbai Suburban,,,"Magathane Assembly Constituency
PART I
Name of the Assembly Segment",154,,205,10,492,0,502,0,,,0,964,964,0,964
Mumbai Suburban,,,"Magathane Assembly Constituency
PART I
Name of the Assembly Segment",154,,206,10,614,0,624,0,,,0,1208,1208,0,1208
Mumbai Suburban,,,"Magathane Assembly Constituency
PART I
Name of the Assembly Segment",154,,207,19,643,1,662,0,,,0,1248,1248,0,1248
Mumbai Suburban,,,"Magathane Assembly Constituency
PART I
Name of the Assembly Segment",154,,208,12,669,0,681,0,,,0,1314,1314,0,1314
Mumbai Suburban,,,"Magathane Assembly Constituency
PART I
Name of the Assembly Segment",154,,209,17,655,0,672,0,,,0,1276,1276,0,1276
Mumbai Suburban,,,"Magathane Assembly Constituency
PART I
Name of the Assembly Segment",154,,210,9,612,0,621,0,,,0,1206,1206,0,1206
Mumbai Suburban,,,"Magathane Assembly Constituency
PART I
Name of the Assembly Segment",154,,211,20,650,0,670,0,,,0,1260,1260,0,1260
Mumbai Suburban,,,"Magathane Assembly Constituency
PART I
Name of the Assembly Segment",154,,212,7,489,0,496,0,,,0,964,964,0,964
Mumbai Suburban,,,"Magathane Assembly Constituency
PART I
Name of the Assembly Segment",154,,213,22,620,0,642,0,,,0,1196,1196,0,1196
Mumbai Suburban,,,"Magathane Assembly Constituency
PART I
Name of the Assembly Segment",154,,214,15,532,0,547,0,,,0,1034,1034,0,1034
Mumbai Suburban,,,"Magathane Assembly Constituency
PART I
Name of the Assembly Segment",154,,215,21,514,0,535,0,,,0,986,986,0,986
Mumbai Suburban,,,"Magathane Assembly Constituency
PART I
Name of the Assembly Segment",154,,216,13,415,0,428,0,,,0,804,804,0,804
Mumbai Suburban,,,"Magathane Assembly Constituency
PART I
Name of the Assembly Segment",154,,217,26,734,0,760,0,,,0,1416,1416,0,1416
Mumbai Suburban,,,"Magathane Assembly Constituency
PART I
Name of the Assembly Segment",154,,218,6,355,0,361,0,,,0,698,698,0,698
Mumbai Suburban,,,"Magathane Assembly Constituency
PART I
Name of the Assembly Segment",154,,219,13,513,0,526,0,,,0,1000,1000,0,1000
Mumbai Suburban,,,"Magathane Assembly Constituency
PART I
Name of the Assembly Segment",154,,220,9,452,0,461,0,,,0,886,886,0,886
Mumbai Suburban,,,"Magathane Assembly Constituency
PART I
Name of the Assembly Segment",154,,221,17,495,0,512,0,,,0,956,956,0,956
Mumbai Suburban,,,"Magathane Assembly Constituency
PART I
Name of the Assembly Segment",154,,222,11,382,0,393,0,,,0,742,742,0,742
Mumbai Suburban,,,"Magathane Assembly Constituency
PART I
Name of the Assembly Segment",154,,223,6,417,0,423,0,,,0,822,822,0,822
Mumbai Suburban,,,"Magathane Assembly Constituency
PART I
Name of the Assembly Segment",154,,224,8,441,0,449,0,,,0,866,866,0,866
Mumbai Suburban,,,"Magathane Assembly Constituency
PART I
Name of the Assembly Segment",154,,225,0,398,0,398,0,,,0,796,796,0,796
Mumbai Suburban,,,"Magathane Assembly Constituency
PART I
Name of the Assembly Segment",154,,226,4,404,0,408,0,,,0,800,800,0,800
Mumbai Suburban,,,"Magathane Assembly Constituency
PART I
Name of the Assembly Segment",154,,227,3,257,1,260,0,,,0,508,508,0,508
Mumbai Suburban,,,"Magathane Assembly Constituency
PART I
Name of the Assembly Segment",154,,228,8,429,0,437,0,,,0,842,842,0,842
Mumbai Suburban,,,"Magathane Assembly Constituency
PART I
Name of the Assembly Segment",154,,229,6,313,0,319,0,,,0,614,614,0,614
Mumbai Suburban,,,"Magathane Assembly Constituency
PART I
Name of the Assembly Segment",154,,230,27,590,0,617,0,,,0,1126,1126,0,1126
Mumbai Suburban,,,"Magathane Assembly Constituency
PART I
Name of the Assembly Segment",154,,231,15,679,0,694,0,,,0,1328,1328,0,1328
Mumbai Suburban,,,"Magathane Assembly Constituency
PART I
Name of the Assembly Segment",154,,232,9,965,0,974,0,,,0,1912,1912,0,1912
Mumbai Suburban,,,"Magathane Assembly Constituency
PART I
Name of the Assembly Segment",154,,233,15,1149,0,1164,0,,,0,2268,2268,0,2268
Mumbai Suburban,,,"Magathane Assembly Constituency
PART I
Name of the Assembly Segment",154,,234,14,603,0,617,0,,,0,1178,1178,0,1178
Mumbai Suburban,,,"Magathane Assembly Constituency
PART I
Name of the Assembly Segment",154,,235,9,714,1,723,0,,,0,1410,1410,0,1410
Mumbai Suburban,,,"Magathane Assembly Constituency
PART I
Name of the Assembly Segment",154,,236,3,639,0,642,0,,,0,1272,1272,0,1272
Mumbai Suburban,,,"Magathane Assembly Constituency
PART I
Name of the Assembly Segment",154,,237,11,742,0,753,0,,,0,1462,1462,0,1462
Mumbai Suburban,,,"Magathane Assembly Constituency
PART I
Name of the Assembly Segment",154,,238,12,736,0,748,0,,,0,1448,1448,0,1448
Mumbai Suburban,,,"Magathane Assembly Constituency
PART I
Name of the Assembly Segment",154,,239,6,737,0,743,0,,,0,1462,1462,0,1462
Mumbai Suburban,,,"Magathane Assembly Constituency
PART I
Name of the Assembly Segment",154,,240,16,637,0,653,0,,,0,1242,1242,0,1242
Mumbai Suburban,,,"Magathane Assembly Constituency
PART I
Name of the Assembly Segment",154,,241,14,569,0,583,0,,,0,1110,1110,0,1110
Mumbai Suburban,,,"Magathane Assembly Constituency
PART I
Name of the Assembly Segment",154,,242,15,502,0,517,0,,,0,974,974,0,974
Mumbai Suburban,,,"Magathane Assembly Constituency
PART I
Name of the Assembly Segment",154,,243,10,507,0,517,0,,,0,994,994,0,994
Mumbai Suburban,,,"Magathane Assembly Constituency
PART I
Name of the Assembly Segment",154,,244,20,775,0,795,0,,,0,1510,1510,0,1510
Mumbai Suburban,,,"Magathane Assembly Constituency
PART I
Name of the Assembly Segment",154,,245,18,747,0,765,0,,,0,1458,1458,0,1458
Mumbai Suburban,,,"Magathane Assembly Constituency
PART I
Name of the Assembly Segment",154,,246,15,626,0,641,0,,,0,1222,1222,0,1222
Mumbai Suburban,,,"Magathane Assembly Constituency
PART I
Name of the Assembly Segment",154,,247,15,738,0,753,0,,,0,1446,1446,0,1446
Mumbai Suburban,,,"Magathane Assembly Constituency
PART I
Name of the Assembly Segment",154,,248,6,559,0,565,0,,,0,1106,1106,0,1106
Mumbai Suburban,,,"Magathane Assembly Constituency
PART I
Name of the Assembly Segment",154,,249,8,569,0,577,0,,,0,1122,1122,0,1122
Mumbai Suburban,,,"Magathane Assembly Constituency
PART I
Name of the Assembly Segment",154,,250,18,750,0,768,0,,,0,1464,1464,0,1464
Mumbai Suburban,,,"Magathane Assembly Constituency
PART I
Name of the Assembly Segment",154,,251,15,740,0,755,0,,,0,1450,1450,0,1450
Mumbai Suburban,,,"Magathane Assembly Constituency
PART I
Name of the Assembly Segment",154,,252,3,379,0,382,0,,,0,752,752,0,752
Mumbai Suburban,,,"Magathane Assembly Constituency
PART I
Name of the Assembly Segment",154,,253,4,462,0,466,0,,,0,916,916,0,916
Mumbai Suburban,,,"Magathane Assembly Constituency
PART I
Name of the Assembly Segment",154,,254,6,684,0,690,0,,,0,1356,1356,0,1356
Mumbai Suburban,,,"Magathane Assembly Constituency
PART I
Name of the Assembly Segment",154,,255,10,460,1,470,0,,,0,900,900,0,900
Mumbai Suburban,,,"Magathane Assembly Constituency
PART I
Name of the Assembly Segment",154,,256,11,510,0,521,0,,,0,998,998,0,998
Mumbai Suburban,,,"Magathane Assembly Constituency
PART I
Name of the Assembly Segment",154,,257,9,656,0,665,0,,,0,1294,1294,0,1294
Mumbai Suburban,,,"Magathane Assembly Constituency
PART I
Name of the Assembly Segment",154,,258,14,763,0,777,0,,,0,1498,1498,0,1498
Mumbai Suburban,,,"Magathane Assembly Constituency
PART I
Name of the Assembly Segment",154,,259,8,481,0,489,0,,,0,946,946,0,946
Mumbai Suburban,,,"Magathane Assembly Constituency
PART I
Name of the Assembly Segment",154,,260,15,483,0,498,0,,,0,936,936,0,936
Mumbai Suburban,,,"Magathane Assembly Constituency
PART I
Name of the Assembly Segment",154,,261,10,727,1,737,0,,,0,1434,1434,0,1434
Mumbai Suburban,,,"Magathane Assembly Constituency
PART I
Name of the Assembly Segment",154,,262,5,430,1,435,0,,,0,850,850,0,850
Mumbai Suburban,,,"Magathane Assembly Constituency
PART I
Name of the Assembly Segment",154,,263,4,451,0,455,0,,,0,894,894,0,894
Mumbai Suburban,,,"Magathane Assembly Constituency
PART I
Name of the Assembly Segment",154,,264,5,442,0,447,0,,,0,874,874,0,874
Mumbai Suburban,,,"Magathane Assembly Constituency
PART I
Name of the Assembly Segment",154,,265,7,427,0,434,0,,,0,840,840,0,840
Mumbai Suburban,,,"Magathane Assembly Constituency
PART I
Name of the Assembly Segment",154,,266,3,469,0,472,0,,,0,932,932,0,932
Mumbai Suburban,,,"Magathane Assembly Constituency
PART I
Name of the Assembly Segment",154,,267,1,430,0,431,0,,,0,858,858,0,858
Mumbai Suburban,,,"Magathane Assembly Constituency
PART I
Name of the Assembly Segment",154,,268,8,645,1,653,0,,,0,1274,1274,0,1274
Mumbai Suburban,,,"Magathane Assembly Constituency
PART I
Name of the Assembly Segment",154,,269,6,625,0,631,0,,,0,1238,1238,0,1238
Mumbai Suburban,,,"Magathane Assembly Constituency
PART I
Name of the Assembly Segment",154,,270,6,352,0,358,0,,,0,692,692,0,692
Mumbai Suburban,,,"Magathane Assembly Constituency
PART I
Name of the Assembly Segment",154,,271,9,815,0,824,0,,,0,1612,1612,0,1612
Mumbai Suburban,,,"Magathane Assembly Constituency
PART I
Name of the Assembly Segment",154,,272,5,468,0,473,0,,,0,926,926,0,926
Mumbai Suburban,,,"Magathane Assembly Constituency
PART I
Name of the Assembly Segment",154,,273,1,381,0,382,0,,,0,760,760,0,760
Mumbai Suburban,,,"Magathane Assembly Constituency
PART I
Name of the Assembly Segment",154,,274,9,701,0,710,0,,,0,1384,1384,0,1384
Mumbai Suburban,,,"Magathane Assembly Constituency
PART I
Name of the Assembly Segment",154,,275,4,818,0,822,0,,,0,1628,1628,0,1628
Mumbai Suburban,,,"Magathane Assembly Constituency
PART I
Name of the Assembly Segment",154,,276,13,824,0,837,0,,,0,1622,1622,0,1622
Mumbai Suburban,,,"Magathane Assembly Constituency
PART I
Name of the Assembly Segment",154,,277,10,636,0,646,0,,,0,1252,1252,0,1252
Mumbai Suburban,,,"Magathane Assembly Constituency
PART I
Name of the Assembly Segment",154,,278,10,761,0,771,0,,,0,1502,1502,0,1502
Mumbai Suburban,,,"Magathane Assembly Constituency
PART I
Name of the Assembly Segment",154,,279,19,701,0,720,0,,,0,1364,1364,0,1364
Mumbai Suburban,,,"Magathane Assembly Constituency
PART I
Name of the Assembly Segment",154,,280,11,679,0,690,0,,,0,1336,1336,0,1336
Mumbai Suburban,,,"Magathane Assembly Constituency
PART I
Name of the Assembly Segment",154,,281,7,431,0,438,0,,,0,848,848,0,848
Mumbai Suburban,,,"Magathane Assembly Constituency
PART I
Name of the Assembly Segment",154,,282,10,517,0,527,0,,,0,1014,1014,0,1014
Mumbai Suburban,,,"Magathane Assembly Constituency
PART I
Name of the Assembly Segment",154,,283,10,465,0,475,0,,,0,910,910,0,910
Mumbai Suburban,,,"Magathane Assembly Constituency
PART I
Name of the Assembly Segment",154,,284,6,415,0,421,0,,,0,818,818,0,818
Mumbai Suburban,,,"Magathane Assembly Constituency
PART I
Name of the Assembly Segment",154,,285,4,461,0,465,0,,,0,914,914,0,914
Mumbai Suburban,,,"Magathane Assembly Constituency
PART I
Name of the Assembly Segment",154,,286,5,428,0,433,0,,,0,846,846,0,846
Mumbai Suburban,,,"Magathane Assembly Constituency
PART I
Name of the Assembly Segment",154,,287,14,485,0,499,0,,,0,942,942,0,942
Mumbai Suburban,,,"Magathane Assembly Constituency
PART I
Name of the Assembly Segment",154,,288,14,559,0,573,0,,,0,1090,1090,0,1090
Mumbai Suburban,,,"Magathane Assembly Constituency
PART I
Name of the Assembly Segment",154,,289,11,541,1,552,0,,,0,1060,1060,0,1060
Mumbai Suburban,,,"Magathane Assembly Constituency
PART I
Name of the Assembly Segment",154,,290,10,667,0,677,0,,,0,1314,1314,0,1314
Mumbai Suburban,,,"Magathane Assembly Constituency
PART I
Name of the Assembly Segment",154,,291,12,675,0,687,0,,,0,1326,1326,0,1326
Mumbai Suburban,,,"Magathane Assembly Constituency
PART I
Name of the Assembly Segment",154,,208,15,657,0,672,0,,,0,1075,1075,0,1075
TOTAL,,,,,,,2818,181466,37,184284,0,,,0,357087,357087,0,357087
