District Name,District No,Jilha,Constituency Name,Constituency No,Total No. of Electors,Serial Poll,Total No. Valid Votes,No. of Rejected Votes,NOTA,Total,No. of Tendered Votes,Elected Person Name,Party Name of Elected Person,No. of Valid Votes Cast in Favour of Elected Person,Other Candidate Votes,Total EVM Votes,Total Postal ballot votes,Total Votes Polled
Mumbai Suburban,,,"CHANDIVALI Assembly Election
No of Valid Votes Cast in favour of
ADV",168,,1,5,580,1,585,0,,,0,1151,1151,0,1151
Mumbai Suburban,,,"CHANDIVALI Assembly Election
No of Valid Votes Cast in favour of
ADV",168,,2,4,624,1,628,0,,,0,1242,1242,0,1242
Mumbai Suburban,,,"CHANDIVALI Assembly Election
No of Valid Votes Cast in favour of
ADV",168,,3,6,586,0,592,0,,,0,1163,1163,0,1163
Mumbai Suburban,,,"CHANDIVALI Assembly Election
No of Valid Votes Cast in favour of
ADV",168,,4,7,567,0,574,0,,,0,1124,1124,0,1124
Mumbai Suburban,,,"CHANDIVALI Assembly Election
No of Valid Votes Cast in favour of
ADV",168,,5,2,669,0,671,0,,,0,1339,1339,0,1339
Mumbai Suburban,,,"CHANDIVALI Assembly Election
No of Valid Votes Cast in favour of
ADV",168,,6,5,593,0,598,0,,,0,1182,1182,0,1182
Mumbai Suburban,,,"CHANDIVALI Assembly Election
No of Valid Votes Cast in favour of
ADV",168,,7,5,725,1,730,0,,,0,1447,1447,0,1447
Mumbai Suburban,,,"CHANDIVALI Assembly Election
No of Valid Votes Cast in favour of
ADV",168,,8,8,640,0,648,0,,,0,1272,1272,0,1272
Mumbai Suburban,,,"CHANDIVALI Assembly Election
No of Valid Votes Cast in favour of
ADV",168,,9,4,691,0,695,0,,,0,1383,1383,0,1383
Mumbai Suburban,,,"CHANDIVALI Assembly Election
No of Valid Votes Cast in favour of
ADV",168,,10,2,655,0,657,0,,,0,1316,1316,0,1316
Mumbai Suburban,,,"CHANDIVALI Assembly Election
No of Valid Votes Cast in favour of
ADV",168,,11,8,747,0,755,0,,,0,1489,1489,0,1489
Mumbai Suburban,,,"CHANDIVALI Assembly Election
No of Valid Votes Cast in favour of
ADV",168,,12,2,465,0,467,0,,,0,938,938,0,938
Mumbai Suburban,,,"CHANDIVALI Assembly Election
No of Valid Votes Cast in favour of
ADV",168,,13,5,731,0,736,0,,,0,1465,1465,0,1465
Mumbai Suburban,,,"CHANDIVALI Assembly Election
No of Valid Votes Cast in favour of
ADV",168,,14,7,588,0,595,0,,,0,1176,1176,0,1176
Mumbai Suburban,,,"CHANDIVALI Assembly Election
No of Valid Votes Cast in favour of
ADV",168,,15,6,750,0,756,0,,,0,1503,1503,0,1503
Mumbai Suburban,,,"CHANDIVALI Assembly Election
No of Valid Votes Cast in favour of
ADV",168,,16,14,809,0,823,0,,,0,1606,1606,0,1606
Mumbai Suburban,,,"CHANDIVALI Assembly Election
No of Valid Votes Cast in favour of
ADV",168,,17,6,522,0,528,0,,,0,1049,1049,0,1049
Mumbai Suburban,,,"CHANDIVALI Assembly Election
No of Valid Votes Cast in favour of
ADV",168,,18,7,603,0,610,0,,,0,1210,1210,0,1210
Mumbai Suburban,,,"CHANDIVALI Assembly Election
No of Valid Votes Cast in favour of
ADV",168,,19,4,690,0,694,0,,,0,1391,1391,0,1391
Mumbai Suburban,,,"CHANDIVALI Assembly Election
No of Valid Votes Cast in favour of
ADV",168,,20,7,687,0,694,0,,,0,1380,1380,0,1380
Mumbai Suburban,,,"CHANDIVALI Assembly Election
No of Valid Votes Cast in favour of
ADV",168,,21,2,309,0,311,0,,,0,635,635,0,635
Mumbai Suburban,,,"CHANDIVALI Assembly Election
No of Valid Votes Cast in favour of
ADV",168,,22,3,347,0,350,0,,,0,710,710,0,710
Mumbai Suburban,,,"CHANDIVALI Assembly Election
No of Valid Votes Cast in favour of
ADV",168,,23,11,722,1,733,0,,,0,1445,1445,0,1445
Mumbai Suburban,,,"CHANDIVALI Assembly Election
No of Valid Votes Cast in favour of
ADV",168,,24,7,583,0,590,0,,,0,1176,1176,0,1176
Mumbai Suburban,,,"CHANDIVALI Assembly Election
No of Valid Votes Cast in favour of
ADV",168,,25,2,508,0,510,0,,,0,1037,1037,0,1037
Mumbai Suburban,,,"CHANDIVALI Assembly Election
No of Valid Votes Cast in favour of
ADV",168,,26,10,721,0,731,0,,,0,1448,1448,0,1448
Mumbai Suburban,,,"CHANDIVALI Assembly Election
No of Valid Votes Cast in favour of
ADV",168,,27,4,614,1,618,0,,,0,1247,1247,0,1247
Mumbai Suburban,,,"CHANDIVALI Assembly Election
No of Valid Votes Cast in favour of
ADV",168,,28,17,757,0,774,0,,,0,1508,1508,0,1508
Mumbai Suburban,,,"CHANDIVALI Assembly Election
No of Valid Votes Cast in favour of
ADV",168,,29,5,624,2,629,0,,,0,1267,1267,0,1267
Mumbai Suburban,,,"CHANDIVALI Assembly Election
No of Valid Votes Cast in favour of
ADV",168,,30,6,474,0,480,0,,,0,966,966,0,966
Mumbai Suburban,,,"CHANDIVALI Assembly Election
No of Valid Votes Cast in favour of
ADV",168,,31,8,643,1,651,0,,,0,1301,1301,0,1301
Mumbai Suburban,,,"CHANDIVALI Assembly Election
No of Valid Votes Cast in favour of
ADV",168,,32,13,455,0,468,0,,,0,916,916,0,916
Mumbai Suburban,,,"CHANDIVALI Assembly Election
No of Valid Votes Cast in favour of
ADV",168,,33,8,705,0,713,0,,,0,1427,1427,0,1427
Mumbai Suburban,,,"CHANDIVALI Assembly Election
No of Valid Votes Cast in favour of
ADV",168,,34,11,734,0,745,0,,,0,1480,1480,0,1480
Mumbai Suburban,,,"CHANDIVALI Assembly Election
No of Valid Votes Cast in favour of
ADV",168,,35,4,595,0,599,0,,,0,1217,1217,0,1217
Mumbai Suburban,,,"CHANDIVALI Assembly Election
No of Valid Votes Cast in favour of
ADV",168,,36,6,613,0,619,0,,,0,1250,1250,0,1250
Mumbai Suburban,,,"CHANDIVALI Assembly Election
No of Valid Votes Cast in favour of
ADV",168,,37,10,592,0,602,0,,,0,1201,1201,0,1201
Mumbai Suburban,,,"CHANDIVALI Assembly Election
No of Valid Votes Cast in favour of
ADV",168,,38,12,399,0,411,0,,,0,812,812,0,812
Mumbai Suburban,,,"CHANDIVALI Assembly Election
No of Valid Votes Cast in favour of
ADV",168,,39,5,715,0,720,0,,,0,1459,1459,0,1459
Mumbai Suburban,,,"CHANDIVALI Assembly Election
No of Valid Votes Cast in favour of
ADV",168,,40,8,628,1,636,0,,,0,1280,1280,0,1280
Mumbai Suburban,,,"CHANDIVALI Assembly Election
No of Valid Votes Cast in favour of
ADV",168,,41,26,778,0,804,0,,,0,1545,1545,0,1545
Mumbai Suburban,,,"CHANDIVALI Assembly Election
No of Valid Votes Cast in favour of
ADV",168,,42,7,566,0,573,0,,,0,1160,1160,0,1160
Mumbai Suburban,,,"CHANDIVALI Assembly Election
No of Valid Votes Cast in favour of
ADV",168,,43,13,575,0,588,0,,,0,1167,1167,0,1167
Mumbai Suburban,,,"CHANDIVALI Assembly Election
No of Valid Votes Cast in favour of
ADV",168,,44,9,416,0,425,0,,,0,858,858,0,858
Mumbai Suburban,,,"CHANDIVALI Assembly Election
No of Valid Votes Cast in favour of
ADV",168,,45,3,617,0,620,0,,,0,1273,1273,0,1273
Mumbai Suburban,,,"CHANDIVALI Assembly Election
No of Valid Votes Cast in favour of
ADV",168,,46,14,591,0,605,0,,,0,1200,1200,0,1200
Mumbai Suburban,,,"CHANDIVALI Assembly Election
No of Valid Votes Cast in favour of
ADV",168,,47,5,766,0,771,0,,,0,1569,1569,0,1569
Mumbai Suburban,,,"CHANDIVALI Assembly Election
No of Valid Votes Cast in favour of
ADV",168,,48,14,708,0,722,0,,,0,1436,1436,0,1436
Mumbai Suburban,,,"CHANDIVALI Assembly Election
No of Valid Votes Cast in favour of
ADV",168,,49,6,557,0,563,0,,,0,1151,1151,0,1151
Mumbai Suburban,,,"CHANDIVALI Assembly Election
No of Valid Votes Cast in favour of
ADV",168,,50,2,491,0,493,0,,,0,1028,1028,0,1028
Mumbai Suburban,,,"CHANDIVALI Assembly Election
No of Valid Votes Cast in favour of
ADV",168,,51,6,420,0,426,0,,,0,879,879,0,879
Mumbai Suburban,,,"CHANDIVALI Assembly Election
No of Valid Votes Cast in favour of
ADV",168,,52,11,391,0,402,0,,,0,812,812,0,812
Mumbai Suburban,,,"CHANDIVALI Assembly Election
No of Valid Votes Cast in favour of
ADV",168,,53,9,419,0,428,0,,,0,873,873,0,873
Mumbai Suburban,,,"CHANDIVALI Assembly Election
No of Valid Votes Cast in favour of
ADV",168,,54,7,329,0,336,0,,,0,698,698,0,698
Mumbai Suburban,,,"CHANDIVALI Assembly Election
No of Valid Votes Cast in favour of
ADV",168,,55,12,467,0,479,0,,,0,965,965,0,965
Mumbai Suburban,,,"CHANDIVALI Assembly Election
No of Valid Votes Cast in favour of
ADV",168,,56,6,568,0,574,0,,,0,1180,1180,0,1180
Mumbai Suburban,,,"CHANDIVALI Assembly Election
No of Valid Votes Cast in favour of
ADV",168,,57,11,433,0,444,0,,,0,901,901,0,901
Mumbai Suburban,,,"CHANDIVALI Assembly Election
No of Valid Votes Cast in favour of
ADV",168,,58,4,505,0,509,0,,,0,1060,1060,0,1060
Mumbai Suburban,,,"CHANDIVALI Assembly Election
No of Valid Votes Cast in favour of
ADV",168,,59,16,591,0,607,0,,,0,1209,1209,0,1209
Mumbai Suburban,,,"CHANDIVALI Assembly Election
No of Valid Votes Cast in favour of
ADV",168,,60,13,675,0,688,0,,,0,1384,1384,0,1384
Mumbai Suburban,,,"CHANDIVALI Assembly Election
No of Valid Votes Cast in favour of
ADV",168,,61,19,808,0,827,0,,,0,1639,1639,0,1639
Mumbai Suburban,,,"CHANDIVALI Assembly Election
No of Valid Votes Cast in favour of
ADV",168,,62,10,496,1,506,0,,,0,1034,1034,0,1034
Mumbai Suburban,,,"CHANDIVALI Assembly Election
No of Valid Votes Cast in favour of
ADV",168,,63,8,553,0,561,0,,,0,1153,1153,0,1153
Mumbai Suburban,,,"CHANDIVALI Assembly Election
No of Valid Votes Cast in favour of
ADV",168,,64,9,506,0,515,0,,,0,1058,1058,0,1058
Mumbai Suburban,,,"CHANDIVALI Assembly Election
No of Valid Votes Cast in favour of
ADV",168,,65,15,848,0,863,0,,,0,1731,1731,0,1731
Mumbai Suburban,,,"CHANDIVALI Assembly Election
No of Valid Votes Cast in favour of
ADV",168,,66,9,609,0,618,0,,,0,1266,1266,0,1266
Mumbai Suburban,,,"CHANDIVALI Assembly Election
No of Valid Votes Cast in favour of
ADV",168,,67,16,659,0,675,0,,,0,1353,1353,0,1353
Mumbai Suburban,,,"CHANDIVALI Assembly Election
No of Valid Votes Cast in favour of
ADV",168,,68,12,775,0,787,0,,,0,1594,1594,0,1594
Mumbai Suburban,,,"CHANDIVALI Assembly Election
No of Valid Votes Cast in favour of
ADV",168,,69,15,679,0,694,0,,,0,1397,1397,0,1397
Mumbai Suburban,,,"CHANDIVALI Assembly Election
No of Valid Votes Cast in favour of
ADV",168,,70,6,694,1,700,0,,,0,1446,1446,0,1446
Mumbai Suburban,,,"CHANDIVALI Assembly Election
No of Valid Votes Cast in favour of
ADV",168,,71,9,711,0,720,0,,,0,1475,1475,0,1475
Mumbai Suburban,,,"CHANDIVALI Assembly Election
No of Valid Votes Cast in favour of
ADV",168,,72,11,621,0,632,0,,,0,1292,1292,0,1292
Mumbai Suburban,,,"CHANDIVALI Assembly Election
No of Valid Votes Cast in favour of
ADV",168,,73,12,661,0,673,0,,,0,1371,1371,0,1371
Mumbai Suburban,,,"CHANDIVALI Assembly Election
No of Valid Votes Cast in favour of
ADV",168,,74,5,806,0,811,0,,,0,1676,1676,0,1676
Mumbai Suburban,,,"CHANDIVALI Assembly Election
No of Valid Votes Cast in favour of
ADV",168,,75,17,706,1,723,0,,,0,1453,1453,0,1453
Mumbai Suburban,,,"CHANDIVALI Assembly Election
No of Valid Votes Cast in favour of
ADV",168,,76,13,708,0,721,0,,,0,1466,1466,0,1466
Mumbai Suburban,,,"CHANDIVALI Assembly Election
No of Valid Votes Cast in favour of
ADV",168,,77,9,503,0,512,0,,,0,1065,1065,0,1065
Mumbai Suburban,,,"CHANDIVALI Assembly Election
No of Valid Votes Cast in favour of
ADV",168,,78,6,559,1,565,0,,,0,1184,1184,0,1184
Mumbai Suburban,,,"CHANDIVALI Assembly Election
No of Valid Votes Cast in favour of
ADV",168,,79,5,383,0,388,0,,,0,835,835,0,835
Mumbai Suburban,,,"CHANDIVALI Assembly Election
No of Valid Votes Cast in favour of
ADV",168,,80,11,554,0,565,0,,,0,1166,1166,0,1166
Mumbai Suburban,,,"CHANDIVALI Assembly Election
No of Valid Votes Cast in favour of
ADV",168,,81,14,780,1,794,0,,,0,1613,1613,0,1613
Mumbai Suburban,,,"CHANDIVALI Assembly Election
No of Valid Votes Cast in favour of
ADV",168,,82,4,399,0,403,0,,,0,872,872,0,872
Mumbai Suburban,,,"CHANDIVALI Assembly Election
No of Valid Votes Cast in favour of
ADV",168,,83,12,695,0,707,0,,,0,1449,1449,0,1449
Mumbai Suburban,,,"CHANDIVALI Assembly Election
No of Valid Votes Cast in favour of
ADV",168,,84,15,695,0,710,0,,,0,1444,1444,0,1444
Mumbai Suburban,,,"CHANDIVALI Assembly Election
No of Valid Votes Cast in favour of
ADV",168,,85,15,713,0,728,0,,,0,1481,1481,0,1481
Mumbai Suburban,,,"CHANDIVALI Assembly Election
No of Valid Votes Cast in favour of
ADV",168,,86,3,559,1,562,0,,,0,1198,1198,0,1198
Mumbai Suburban,,,"CHANDIVALI Assembly Election
No of Valid Votes Cast in favour of
ADV",168,,87,15,517,0,532,0,,,0,1091,1091,0,1091
Mumbai Suburban,,,"CHANDIVALI Assembly Election
No of Valid Votes Cast in favour of
ADV",168,,88,3,774,0,777,0,,,0,1630,1630,0,1630
Mumbai Suburban,,,"CHANDIVALI Assembly Election
No of Valid Votes Cast in favour of
ADV",168,,89,4,548,0,552,0,,,0,1177,1177,0,1177
Mumbai Suburban,,,"CHANDIVALI Assembly Election
No of Valid Votes Cast in favour of
ADV",168,,90,5,499,0,504,0,,,0,1078,1078,0,1078
Mumbai Suburban,,,"CHANDIVALI Assembly Election
No of Valid Votes Cast in favour of
ADV",168,,91,7,585,0,592,0,,,0,1247,1247,0,1247
Mumbai Suburban,,,"CHANDIVALI Assembly Election
No of Valid Votes Cast in favour of
ADV",168,,92,10,892,0,902,0,,,0,1856,1856,0,1856
Mumbai Suburban,,,"CHANDIVALI Assembly Election
No of Valid Votes Cast in favour of
ADV",168,,93,5,552,0,557,0,,,0,1187,1187,0,1187
Mumbai Suburban,,,"CHANDIVALI Assembly Election
No of Valid Votes Cast in favour of
ADV",168,,94,4,776,0,780,0,,,0,1638,1638,0,1638
Mumbai Suburban,,,"CHANDIVALI Assembly Election
No of Valid Votes Cast in favour of
ADV",168,,95,10,671,2,681,0,,,0,1417,1417,0,1417
Mumbai Suburban,,,"CHANDIVALI Assembly Election
No of Valid Votes Cast in favour of
ADV",168,,96,0,791,0,791,0,,,0,1678,1678,0,1678
Mumbai Suburban,,,"CHANDIVALI Assembly Election
No of Valid Votes Cast in favour of
ADV",168,,97,7,623,0,630,0,,,0,1329,1329,0,1329
Mumbai Suburban,,,"CHANDIVALI Assembly Election
No of Valid Votes Cast in favour of
ADV",168,,98,8,776,0,784,0,,,0,1634,1634,0,1634
Mumbai Suburban,,,"CHANDIVALI Assembly Election
No of Valid Votes Cast in favour of
ADV",168,,99,8,702,0,710,0,,,0,1487,1487,0,1487
Mumbai Suburban,,,"CHANDIVALI Assembly Election
No of Valid Votes Cast in favour of
ADV",168,,100,9,784,0,793,0,,,0,1650,1650,0,1650
Mumbai Suburban,,,"CHANDIVALI Assembly Election
No of Valid Votes Cast in favour of
ADV",168,,101,2,622,1,624,0,,,0,1341,1341,0,1341
Mumbai Suburban,,,"CHANDIVALI Assembly Election
No of Valid Votes Cast in favour of
ADV",168,,102,5,762,0,767,0,,,0,1616,1616,0,1616
Mumbai Suburban,,,"CHANDIVALI Assembly Election
No of Valid Votes Cast in favour of
ADV",168,,103,4,678,0,682,0,,,0,1451,1451,0,1451
Mumbai Suburban,,,"CHANDIVALI Assembly Election
No of Valid Votes Cast in favour of
ADV",168,,104,3,436,0,439,0,,,0,970,970,0,970
Mumbai Suburban,,,"CHANDIVALI Assembly Election
No of Valid Votes Cast in favour of
ADV",168,,105,3,723,0,726,0,,,0,1545,1545,0,1545
Mumbai Suburban,,,"CHANDIVALI Assembly Election
No of Valid Votes Cast in favour of
ADV",168,,106,9,684,0,693,0,,,0,1456,1456,0,1456
Mumbai Suburban,,,"CHANDIVALI Assembly Election
No of Valid Votes Cast in favour of
ADV",168,,107,4,510,1,514,0,,,0,1119,1119,0,1119
Mumbai Suburban,,,"CHANDIVALI Assembly Election
No of Valid Votes Cast in favour of
ADV",168,,108,4,652,0,656,0,,,0,1404,1404,0,1404
Mumbai Suburban,,,"CHANDIVALI Assembly Election
No of Valid Votes Cast in favour of
ADV",168,,109,6,692,0,698,0,,,0,1481,1481,0,1481
Mumbai Suburban,,,"CHANDIVALI Assembly Election
No of Valid Votes Cast in favour of
ADV",168,,110,14,627,0,641,0,,,0,1336,1336,0,1336
Mumbai Suburban,,,"CHANDIVALI Assembly Election
No of Valid Votes Cast in favour of
ADV",168,,111,4,742,0,746,0,,,0,1587,1587,0,1587
Mumbai Suburban,,,"CHANDIVALI Assembly Election
No of Valid Votes Cast in favour of
ADV",168,,112,11,676,0,687,0,,,0,1442,1442,0,1442
Mumbai Suburban,,,"CHANDIVALI Assembly Election
No of Valid Votes Cast in favour of
ADV",168,,113,7,495,0,502,0,,,0,1089,1089,0,1089
Mumbai Suburban,,,"CHANDIVALI Assembly Election
No of Valid Votes Cast in favour of
ADV",168,,114,4,545,0,549,0,,,0,1196,1196,0,1196
Mumbai Suburban,,,"CHANDIVALI Assembly Election
No of Valid Votes Cast in favour of
ADV",168,,115,8,765,0,773,0,,,0,1629,1629,0,1629
Mumbai Suburban,,,"CHANDIVALI Assembly Election
No of Valid Votes Cast in favour of
ADV",168,,116,7,768,0,775,0,,,0,1638,1638,0,1638
Mumbai Suburban,,,"CHANDIVALI Assembly Election
No of Valid Votes Cast in favour of
ADV",168,,117,5,787,0,792,0,,,0,1681,1681,0,1681
Mumbai Suburban,,,"CHANDIVALI Assembly Election
No of Valid Votes Cast in favour of
ADV",168,,118,6,615,0,621,0,,,0,1336,1336,0,1336
Mumbai Suburban,,,"CHANDIVALI Assembly Election
No of Valid Votes Cast in favour of
ADV",168,,119,9,727,1,736,0,,,0,1555,1555,0,1555
Mumbai Suburban,,,"CHANDIVALI Assembly Election
No of Valid Votes Cast in favour of
ADV",168,,120,3,381,0,384,0,,,0,876,876,0,876
Mumbai Suburban,,,"CHANDIVALI Assembly Election
No of Valid Votes Cast in favour of
ADV",168,,121,15,792,0,807,0,,,0,1675,1675,0,1675
Mumbai Suburban,,,"CHANDIVALI Assembly Election
No of Valid Votes Cast in favour of
ADV",168,,122,4,783,0,787,0,,,0,1680,1680,0,1680
Mumbai Suburban,,,"CHANDIVALI Assembly Election
No of Valid Votes Cast in favour of
ADV",168,,123,2,533,0,535,0,,,0,1185,1185,0,1185
Mumbai Suburban,,,"CHANDIVALI Assembly Election
No of Valid Votes Cast in favour of
ADV",168,,124,4,522,0,526,0,,,0,1160,1160,0,1160
Mumbai Suburban,,,"CHANDIVALI Assembly Election
No of Valid Votes Cast in favour of
ADV",168,,125,3,391,1,394,0,,,0,901,901,0,901
Mumbai Suburban,,,"CHANDIVALI Assembly Election
No of Valid Votes Cast in favour of
ADV",168,,126,5,728,0,733,0,,,0,1572,1572,0,1572
Mumbai Suburban,,,"CHANDIVALI Assembly Election
No of Valid Votes Cast in favour of
ADV",168,,127,5,737,0,742,0,,,0,1591,1591,0,1591
Mumbai Suburban,,,"CHANDIVALI Assembly Election
No of Valid Votes Cast in favour of
ADV",168,,128,0,712,1,712,0,,,0,1552,1552,0,1552
Mumbai Suburban,,,"CHANDIVALI Assembly Election
No of Valid Votes Cast in favour of
ADV",168,,129,6,737,0,743,0,,,0,1591,1591,0,1591
Mumbai Suburban,,,"CHANDIVALI Assembly Election
No of Valid Votes Cast in favour of
ADV",168,,130,1,539,0,540,0,,,0,1206,1206,0,1206
Mumbai Suburban,,,"CHANDIVALI Assembly Election
No of Valid Votes Cast in favour of
ADV",168,,131,0,335,0,335,0,,,0,801,801,0,801
Mumbai Suburban,,,"CHANDIVALI Assembly Election
No of Valid Votes Cast in favour of
ADV",168,,132,3,626,0,629,0,,,0,1378,1378,0,1378
Mumbai Suburban,,,"CHANDIVALI Assembly Election
No of Valid Votes Cast in favour of
ADV",168,,133,10,673,0,683,0,,,0,1459,1459,0,1459
Mumbai Suburban,,,"CHANDIVALI Assembly Election
No of Valid Votes Cast in favour of
ADV",168,,134,3,673,3,676,0,,,0,1474,1474,0,1474
Mumbai Suburban,,,"CHANDIVALI Assembly Election
No of Valid Votes Cast in favour of
ADV",168,,135,3,791,1,794,0,,,0,1711,1711,0,1711
Mumbai Suburban,,,"CHANDIVALI Assembly Election
No of Valid Votes Cast in favour of
ADV",168,,136,5,572,1,577,0,,,0,1270,1270,0,1270
Mumbai Suburban,,,"CHANDIVALI Assembly Election
No of Valid Votes Cast in favour of
ADV",168,,137,7,665,0,672,0,,,0,1453,1453,0,1453
Mumbai Suburban,,,"CHANDIVALI Assembly Election
No of Valid Votes Cast in favour of
ADV",168,,138,5,634,0,639,0,,,0,1396,1396,0,1396
Mumbai Suburban,,,"CHANDIVALI Assembly Election
No of Valid Votes Cast in favour of
ADV",168,,139,4,710,2,714,0,,,0,1551,1551,0,1551
Mumbai Suburban,,,"CHANDIVALI Assembly Election
No of Valid Votes Cast in favour of
ADV",168,,140,7,583,0,590,0,,,0,1292,1292,0,1292
Mumbai Suburban,,,"CHANDIVALI Assembly Election
No of Valid Votes Cast in favour of
ADV",168,,141,8,626,0,634,0,,,0,1377,1377,0,1377
Mumbai Suburban,,,"CHANDIVALI Assembly Election
No of Valid Votes Cast in favour of
ADV",168,,142,3,735,1,738,0,,,0,1606,1606,0,1606
Mumbai Suburban,,,"CHANDIVALI Assembly Election
No of Valid Votes Cast in favour of
ADV",168,,143,5,544,0,549,0,,,0,1221,1221,0,1221
Mumbai Suburban,,,"CHANDIVALI Assembly Election
No of Valid Votes Cast in favour of
ADV",168,,144,5,712,0,717,0,,,0,1558,1558,0,1558
Mumbai Suburban,,,"CHANDIVALI Assembly Election
No of Valid Votes Cast in favour of
ADV",168,,145,6,651,0,657,0,,,0,1435,1435,0,1435
Mumbai Suburban,,,"CHANDIVALI Assembly Election
No of Valid Votes Cast in favour of
ADV",168,,146,3,488,0,491,0,,,0,1116,1116,0,1116
Mumbai Suburban,,,"CHANDIVALI Assembly Election
No of Valid Votes Cast in favour of
ADV",168,,147,4,672,0,676,0,,,0,1483,1483,0,1483
Mumbai Suburban,,,"CHANDIVALI Assembly Election
No of Valid Votes Cast in favour of
ADV",168,,148,3,625,1,628,0,,,0,1392,1392,0,1392
Mumbai Suburban,,,"CHANDIVALI Assembly Election
No of Valid Votes Cast in favour of
ADV",168,,149,4,447,0,451,0,,,0,1035,1035,0,1035
Mumbai Suburban,,,"CHANDIVALI Assembly Election
No of Valid Votes Cast in favour of
ADV",168,,150,1,462,0,463,0,,,0,1072,1072,0,1072
Mumbai Suburban,,,"CHANDIVALI Assembly Election
No of Valid Votes Cast in favour of
ADV",168,,151,6,542,0,548,0,,,0,1223,1223,0,1223
Mumbai Suburban,,,"CHANDIVALI Assembly Election
No of Valid Votes Cast in favour of
ADV",168,,152,3,321,0,324,0,,,0,788,788,0,788
Mumbai Suburban,,,"CHANDIVALI Assembly Election
No of Valid Votes Cast in favour of
ADV",168,,153,4,648,0,652,0,,,0,1441,1441,0,1441
Mumbai Suburban,,,"CHANDIVALI Assembly Election
No of Valid Votes Cast in favour of
ADV",168,,154,5,530,0,535,0,,,0,1204,1204,0,1204
Mumbai Suburban,,,"CHANDIVALI Assembly Election
No of Valid Votes Cast in favour of
ADV",168,,155,5,616,0,621,0,,,0,1377,1377,0,1377
Mumbai Suburban,,,"CHANDIVALI Assembly Election
No of Valid Votes Cast in favour of
ADV",168,,156,1,594,0,595,0,,,0,1342,1342,0,1342
Mumbai Suburban,,,"CHANDIVALI Assembly Election
No of Valid Votes Cast in favour of
ADV",168,,157,4,716,0,720,0,,,0,1581,1581,0,1581
Mumbai Suburban,,,"CHANDIVALI Assembly Election
No of Valid Votes Cast in favour of
ADV",168,,158,2,562,0,564,0,,,0,1278,1278,0,1278
Mumbai Suburban,,,"CHANDIVALI Assembly Election
No of Valid Votes Cast in favour of
ADV",168,,159,10,593,0,603,0,,,0,1325,1325,0,1325
Mumbai Suburban,,,"CHANDIVALI Assembly Election
No of Valid Votes Cast in favour of
ADV",168,,160,4,797,0,801,0,,,0,1746,1746,0,1746
Mumbai Suburban,,,"CHANDIVALI Assembly Election
No of Valid Votes Cast in favour of
ADV",168,,161,4,679,1,683,0,,,0,1511,1511,0,1511
Mumbai Suburban,,,"CHANDIVALI Assembly Election
No of Valid Votes Cast in favour of
ADV",168,,162,5,573,0,578,0,,,0,1298,1298,0,1298
Mumbai Suburban,,,"CHANDIVALI Assembly Election
No of Valid Votes Cast in favour of
ADV",168,,163,0,586,0,586,0,,,0,1335,1335,0,1335
Mumbai Suburban,,,"CHANDIVALI Assembly Election
No of Valid Votes Cast in favour of
ADV",168,,164,8,657,0,665,0,,,0,1462,1462,0,1462
Mumbai Suburban,,,"CHANDIVALI Assembly Election
No of Valid Votes Cast in favour of
ADV",168,,165,7,570,0,577,0,,,0,1291,1291,0,1291
Mumbai Suburban,,,"CHANDIVALI Assembly Election
No of Valid Votes Cast in favour of
ADV",168,,166,7,776,0,783,0,,,0,1704,1704,0,1704
Mumbai Suburban,,,"CHANDIVALI Assembly Election
No of Valid Votes Cast in favour of
ADV",168,,167,4,484,1,488,0,,,0,1127,1127,0,1127
Mumbai Suburban,,,"CHANDIVALI Assembly Election
No of Valid Votes Cast in favour of
ADV",168,,168,4,700,0,704,0,,,0,1560,1560,0,1560
Mumbai Suburban,,,"CHANDIVALI Assembly Election
No of Valid Votes Cast in favour of
ADV",168,,169,5,660,0,665,0,,,0,1479,1479,0,1479
Mumbai Suburban,,,"CHANDIVALI Assembly Election
No of Valid Votes Cast in favour of
ADV",168,,170,13,556,0,569,0,,,0,1256,1256,0,1256
Mumbai Suburban,,,"CHANDIVALI Assembly Election
No of Valid Votes Cast in favour of
ADV",168,,171,4,721,0,725,0,,,0,1605,1605,0,1605
Mumbai Suburban,,,"CHANDIVALI Assembly Election
No of Valid Votes Cast in favour of
ADV",168,,172,8,579,0,587,0,,,0,1314,1314,0,1314
Mumbai Suburban,,,"CHANDIVALI Assembly Election
No of Valid Votes Cast in favour of
ADV",168,,173,4,622,0,626,0,,,0,1409,1409,0,1409
Mumbai Suburban,,,"CHANDIVALI Assembly Election
No of Valid Votes Cast in favour of
ADV",168,,174,5,592,0,597,0,,,0,1348,1348,0,1348
Mumbai Suburban,,,"CHANDIVALI Assembly Election
No of Valid Votes Cast in favour of
ADV",168,,175,3,541,0,544,0,,,0,1251,1251,0,1251
Mumbai Suburban,,,"CHANDIVALI Assembly Election
No of Valid Votes Cast in favour of
ADV",168,,176,3,595,0,598,0,,,0,1360,1360,0,1360
Mumbai Suburban,,,"CHANDIVALI Assembly Election
No of Valid Votes Cast in favour of
ADV",168,,177,4,794,0,798,0,,,0,1757,1757,0,1757
Mumbai Suburban,,,"CHANDIVALI Assembly Election
No of Valid Votes Cast in favour of
ADV",168,,178,12,640,0,652,0,,,0,1434,1434,0,1434
Mumbai Suburban,,,"CHANDIVALI Assembly Election
No of Valid Votes Cast in favour of
ADV",168,,179,5,685,1,690,0,,,0,1539,1539,0,1539
Mumbai Suburban,,,"CHANDIVALI Assembly Election
No of Valid Votes Cast in favour of
ADV",168,,180,5,526,0,531,0,,,0,1222,1222,0,1222
Mumbai Suburban,,,"CHANDIVALI Assembly Election
No of Valid Votes Cast in favour of
ADV",168,,181,15,798,0,813,0,,,0,1747,1747,0,1747
Mumbai Suburban,,,"CHANDIVALI Assembly Election
No of Valid Votes Cast in favour of
ADV",168,,182,7,686,0,693,0,,,0,1540,1540,0,1540
Mumbai Suburban,,,"CHANDIVALI Assembly Election
No of Valid Votes Cast in favour of
ADV",168,,183,2,346,0,348,0,,,0,871,871,0,871
Mumbai Suburban,,,"CHANDIVALI Assembly Election
No of Valid Votes Cast in favour of
ADV",168,,184,2,417,0,419,0,,,0,1014,1014,0,1014
Mumbai Suburban,,,"CHANDIVALI Assembly Election
No of Valid Votes Cast in favour of
ADV",168,,185,0,391,0,391,0,,,0,967,967,0,967
Mumbai Suburban,,,"CHANDIVALI Assembly Election
No of Valid Votes Cast in favour of
ADV",168,,186,7,440,0,447,0,,,0,1052,1052,0,1052
Mumbai Suburban,,,"CHANDIVALI Assembly Election
No of Valid Votes Cast in favour of
ADV",168,,187,7,578,0,585,0,,,0,1329,1329,0,1329
Mumbai Suburban,,,"CHANDIVALI Assembly Election
No of Valid Votes Cast in favour of
ADV",168,,188,3,599,1,602,0,,,0,1380,1380,0,1380
Mumbai Suburban,,,"CHANDIVALI Assembly Election
No of Valid Votes Cast in favour of
ADV",168,,189,9,851,0,860,0,,,0,1873,1873,0,1873
Mumbai Suburban,,,"CHANDIVALI Assembly Election
No of Valid Votes Cast in favour of
ADV",168,,190,8,628,0,636,0,,,0,1430,1430,0,1430
Mumbai Suburban,,,"CHANDIVALI Assembly Election
No of Valid Votes Cast in favour of
ADV",168,,191,4,701,1,705,0,,,0,1585,1585,0,1585
Mumbai Suburban,,,"CHANDIVALI Assembly Election
No of Valid Votes Cast in favour of
ADV",168,,192,1,645,0,646,0,,,0,1480,1480,0,1480
Mumbai Suburban,,,"CHANDIVALI Assembly Election
No of Valid Votes Cast in favour of
ADV",168,,193,5,777,1,782,0,,,0,1737,1737,0,1737
Mumbai Suburban,,,"CHANDIVALI Assembly Election
No of Valid Votes Cast in favour of
ADV",168,,194,8,739,0,747,0,,,0,1656,1656,0,1656
Mumbai Suburban,,,"CHANDIVALI Assembly Election
No of Valid Votes Cast in favour of
ADV",168,,195,5,610,0,615,0,,,0,1405,1405,0,1405
Mumbai Suburban,,,"CHANDIVALI Assembly Election
No of Valid Votes Cast in favour of
ADV",168,,196,7,444,0,451,0,,,0,1070,1070,0,1070
Mumbai Suburban,,,"CHANDIVALI Assembly Election
No of Valid Votes Cast in favour of
ADV",168,,197,4,695,0,699,0,,,0,1579,1579,0,1579
Mumbai Suburban,,,"CHANDIVALI Assembly Election
No of Valid Votes Cast in favour of
ADV",168,,198,4,626,0,630,0,,,0,1442,1442,0,1442
Mumbai Suburban,,,"CHANDIVALI Assembly Election
No of Valid Votes Cast in favour of
ADV",168,,199,5,534,0,539,0,,,0,1257,1257,0,1257
Mumbai Suburban,,,"CHANDIVALI Assembly Election
No of Valid Votes Cast in favour of
ADV",168,,200,4,590,0,594,0,,,0,1372,1372,0,1372
Mumbai Suburban,,,"CHANDIVALI Assembly Election
No of Valid Votes Cast in favour of
ADV",168,,201,5,655,0,660,0,,,0,1501,1501,0,1501
Mumbai Suburban,,,"CHANDIVALI Assembly Election
No of Valid Votes Cast in favour of
ADV",168,,202,4,538,0,542,0,,,0,1270,1270,0,1270
Mumbai Suburban,,,"CHANDIVALI Assembly Election
No of Valid Votes Cast in favour of
ADV",168,,203,6,634,0,640,0,,,0,1459,1459,0,1459
Mumbai Suburban,,,"CHANDIVALI Assembly Election
No of Valid Votes Cast in favour of
ADV",168,,204,1,577,0,578,0,,,0,1356,1356,0,1356
Mumbai Suburban,,,"CHANDIVALI Assembly Election
No of Valid Votes Cast in favour of
ADV",168,,205,4,521,1,525,0,,,0,1239,1239,0,1239
Mumbai Suburban,,,"CHANDIVALI Assembly Election
No of Valid Votes Cast in favour of
ADV",168,,206,5,815,1,820,0,,,0,1826,1826,0,1826
Mumbai Suburban,,,"CHANDIVALI Assembly Election
No of Valid Votes Cast in favour of
ADV",168,,207,3,474,0,477,0,,,0,1149,1149,0,1149
Mumbai Suburban,,,"CHANDIVALI Assembly Election
No of Valid Votes Cast in favour of
ADV",168,,208,1,491,0,492,0,,,0,1188,1188,0,1188
Mumbai Suburban,,,"CHANDIVALI Assembly Election
No of Valid Votes Cast in favour of
ADV",168,,209,4,478,0,482,0,,,0,1157,1157,0,1157
Mumbai Suburban,,,"CHANDIVALI Assembly Election
No of Valid Votes Cast in favour of
ADV",168,,210,5,498,0,503,0,,,0,1196,1196,0,1196
Mumbai Suburban,,,"CHANDIVALI Assembly Election
No of Valid Votes Cast in favour of
ADV",168,,211,4,534,0,538,0,,,0,1271,1271,0,1271
Mumbai Suburban,,,"CHANDIVALI Assembly Election
No of Valid Votes Cast in favour of
ADV",168,,212,5,667,0,672,0,,,0,1536,1536,0,1536
Mumbai Suburban,,,"CHANDIVALI Assembly Election
No of Valid Votes Cast in favour of
ADV",168,,213,8,562,0,570,0,,,0,1321,1321,0,1321
Mumbai Suburban,,,"CHANDIVALI Assembly Election
No of Valid Votes Cast in favour of
ADV",168,,214,5,724,0,729,0,,,0,1652,1652,0,1652
Mumbai Suburban,,,"CHANDIVALI Assembly Election
No of Valid Votes Cast in favour of
ADV",168,,215,7,740,0,747,0,,,0,1681,1681,0,1681
Mumbai Suburban,,,"CHANDIVALI Assembly Election
No of Valid Votes Cast in favour of
ADV",168,,216,5,563,0,568,0,,,0,1332,1332,0,1332
Mumbai Suburban,,,"CHANDIVALI Assembly Election
No of Valid Votes Cast in favour of
ADV",168,,217,3,735,0,738,0,,,0,1681,1681,0,1681
Mumbai Suburban,,,"CHANDIVALI Assembly Election
No of Valid Votes Cast in favour of
ADV",168,,218,6,653,0,659,0,,,0,1512,1512,0,1512
Mumbai Suburban,,,"CHANDIVALI Assembly Election
No of Valid Votes Cast in favour of
ADV",168,,219,5,493,0,498,0,,,0,1195,1195,0,1195
Mumbai Suburban,,,"CHANDIVALI Assembly Election
No of Valid Votes Cast in favour of
ADV",168,,220,4,777,0,781,0,,,0,1766,1766,0,1766
Mumbai Suburban,,,"CHANDIVALI Assembly Election
No of Valid Votes Cast in favour of
ADV",168,,221,2,530,0,532,0,,,0,1277,1277,0,1277
Mumbai Suburban,,,"CHANDIVALI Assembly Election
No of Valid Votes Cast in favour of
ADV",168,,222,2,699,1,701,0,,,0,1616,1616,0,1616
Mumbai Suburban,,,"CHANDIVALI Assembly Election
No of Valid Votes Cast in favour of
ADV",168,,223,6,684,0,690,0,,,0,1579,1579,0,1579
Mumbai Suburban,,,"CHANDIVALI Assembly Election
No of Valid Votes Cast in favour of
ADV",168,,224,5,525,1,530,0,,,0,1264,1264,0,1264
Mumbai Suburban,,,"CHANDIVALI Assembly Election
No of Valid Votes Cast in favour of
ADV",168,,225,2,459,0,461,0,,,0,1139,1139,0,1139
Mumbai Suburban,,,"CHANDIVALI Assembly Election
No of Valid Votes Cast in favour of
ADV",168,,226,5,714,0,719,0,,,0,1644,1644,0,1644
Mumbai Suburban,,,"CHANDIVALI Assembly Election
No of Valid Votes Cast in favour of
ADV",168,,227,4,690,0,694,0,,,0,1599,1599,0,1599
Mumbai Suburban,,,"CHANDIVALI Assembly Election
No of Valid Votes Cast in favour of
ADV",168,,228,5,750,0,755,0,,,0,1718,1718,0,1718
Mumbai Suburban,,,"CHANDIVALI Assembly Election
No of Valid Votes Cast in favour of
ADV",168,,229,4,627,1,631,0,,,0,1475,1475,0,1475
Mumbai Suburban,,,"CHANDIVALI Assembly Election
No of Valid Votes Cast in favour of
ADV",168,,230,4,657,0,661,0,,,0,1536,1536,0,1536
Mumbai Suburban,,,"CHANDIVALI Assembly Election
No of Valid Votes Cast in favour of
ADV",168,,231,3,636,0,639,0,,,0,1497,1497,0,1497
Mumbai Suburban,,,"CHANDIVALI Assembly Election
No of Valid Votes Cast in favour of
ADV",168,,232,6,556,0,562,0,,,0,1332,1332,0,1332
Mumbai Suburban,,,"CHANDIVALI Assembly Election
No of Valid Votes Cast in favour of
ADV",168,,233,2,492,0,494,0,,,0,1213,1213,0,1213
Mumbai Suburban,,,"CHANDIVALI Assembly Election
No of Valid Votes Cast in favour of
ADV",168,,234,3,454,0,457,0,,,0,1136,1136,0,1136
Mumbai Suburban,,,"CHANDIVALI Assembly Election
No of Valid Votes Cast in favour of
ADV",168,,235,3,568,0,571,0,,,0,1365,1365,0,1365
Mumbai Suburban,,,"CHANDIVALI Assembly Election
No of Valid Votes Cast in favour of
ADV",168,,236,2,526,0,528,0,,,0,1284,1284,0,1284
Mumbai Suburban,,,"CHANDIVALI Assembly Election
No of Valid Votes Cast in favour of
ADV",168,,237,10,633,1,643,0,,,0,1483,1483,0,1483
Mumbai Suburban,,,"CHANDIVALI Assembly Election
No of Valid Votes Cast in favour of
ADV",168,,238,6,602,0,608,0,,,0,1430,1430,0,1430
Mumbai Suburban,,,"CHANDIVALI Assembly Election
No of Valid Votes Cast in favour of
ADV",168,,239,6,651,0,657,0,,,0,1529,1529,0,1529
Mumbai Suburban,,,"CHANDIVALI Assembly Election
No of Valid Votes Cast in favour of
ADV",168,,240,4,539,0,543,0,,,0,1310,1310,0,1310
Mumbai Suburban,,,"CHANDIVALI Assembly Election
No of Valid Votes Cast in favour of
ADV",168,,241,10,595,0,605,0,,,0,1411,1411,0,1411
Mumbai Suburban,,,"CHANDIVALI Assembly Election
No of Valid Votes Cast in favour of
ADV",168,,242,5,595,0,600,0,,,0,1422,1422,0,1422
Mumbai Suburban,,,"CHANDIVALI Assembly Election
No of Valid Votes Cast in favour of
ADV",168,,243,4,537,0,541,0,,,0,1309,1309,0,1309
Mumbai Suburban,,,"CHANDIVALI Assembly Election
No of Valid Votes Cast in favour of
ADV",168,,244,6,682,0,688,0,,,0,1596,1596,0,1596
Mumbai Suburban,,,"CHANDIVALI Assembly Election
No of Valid Votes Cast in favour of
ADV",168,,245,5,601,0,606,0,,,0,1437,1437,0,1437
Mumbai Suburban,,,"CHANDIVALI Assembly Election
No of Valid Votes Cast in favour of
ADV",168,,246,7,596,0,603,0,,,0,1424,1424,0,1424
Mumbai Suburban,,,"CHANDIVALI Assembly Election
No of Valid Votes Cast in favour of
ADV",168,,247,7,742,0,749,0,,,0,1717,1717,0,1717
Mumbai Suburban,,,"CHANDIVALI Assembly Election
No of Valid Votes Cast in favour of
ADV",168,,248,0,673,0,673,0,,,0,1594,1594,0,1594
Mumbai Suburban,,,"CHANDIVALI Assembly Election
No of Valid Votes Cast in favour of
ADV",168,,249,3,531,0,534,0,,,0,1305,1305,0,1305
Mumbai Suburban,,,"CHANDIVALI Assembly Election
No of Valid Votes Cast in favour of
ADV",168,,250,5,635,0,640,0,,,0,1510,1510,0,1510
Mumbai Suburban,,,"CHANDIVALI Assembly Election
No of Valid Votes Cast in favour of
ADV",168,,251,6,720,0,726,0,,,0,1679,1679,0,1679
Mumbai Suburban,,,"CHANDIVALI Assembly Election
No of Valid Votes Cast in favour of
ADV",168,,252,2,363,0,365,0,,,0,974,974,0,974
Mumbai Suburban,,,"CHANDIVALI Assembly Election
No of Valid Votes Cast in favour of
ADV",168,,253,1,662,0,663,0,,,0,1575,1575,0,1575
Mumbai Suburban,,,"CHANDIVALI Assembly Election
No of Valid Votes Cast in favour of
ADV",168,,254,7,784,0,791,0,,,0,1808,1808,0,1808
Mumbai Suburban,,,"CHANDIVALI Assembly Election
No of Valid Votes Cast in favour of
ADV",168,,255,2,464,0,466,0,,,0,1179,1179,0,1179
Mumbai Suburban,,,"CHANDIVALI Assembly Election
No of Valid Votes Cast in favour of
ADV",168,,256,7,548,0,555,0,,,0,1338,1338,0,1338
Mumbai Suburban,,,"CHANDIVALI Assembly Election
No of Valid Votes Cast in favour of
ADV",168,,257,4,775,0,779,0,,,0,1799,1799,0,1799
Mumbai Suburban,,,"CHANDIVALI Assembly Election
No of Valid Votes Cast in favour of
ADV",168,,258,3,543,0,546,0,,,0,1338,1338,0,1338
Mumbai Suburban,,,"CHANDIVALI Assembly Election
No of Valid Votes Cast in favour of
ADV",168,,259,8,755,0,763,0,,,0,1753,1753,0,1753
Mumbai Suburban,,,"CHANDIVALI Assembly Election
No of Valid Votes Cast in favour of
ADV",168,,260,0,371,0,371,0,,,0,1002,1002,0,1002
Mumbai Suburban,,,"CHANDIVALI Assembly Election
No of Valid Votes Cast in favour of
ADV",168,,261,1,489,0,490,0,,,0,1237,1237,0,1237
Mumbai Suburban,,,"CHANDIVALI Assembly Election
No of Valid Votes Cast in favour of
ADV",168,,262,3,587,0,590,0,,,0,1430,1430,0,1430
Mumbai Suburban,,,"CHANDIVALI Assembly Election
No of Valid Votes Cast in favour of
ADV",168,,263,5,368,0,373,0,,,0,726,726,0,726
Mumbai Suburban,,,"CHANDIVALI Assembly Election
No of Valid Votes Cast in favour of
ADV",168,,264,3,733,1,736,0,,,0,1723,1723,0,1723
Mumbai Suburban,,,"CHANDIVALI Assembly Election
No of Valid Votes Cast in favour of
ADV",168,,265,3,458,0,461,0,,,0,1174,1174,0,1174
Mumbai Suburban,,,"CHANDIVALI Assembly Election
No of Valid Votes Cast in favour of
ADV",168,,266,8,637,0,645,0,,,0,1523,1523,0,1523
Mumbai Suburban,,,"CHANDIVALI Assembly Election
No of Valid Votes Cast in favour of
ADV",168,,267,4,558,0,562,0,,,0,1374,1374,0,1374
Mumbai Suburban,,,"CHANDIVALI Assembly Election
No of Valid Votes Cast in favour of
ADV",168,,268,7,598,0,605,0,,,0,1449,1449,0,1449
Mumbai Suburban,,,"CHANDIVALI Assembly Election
No of Valid Votes Cast in favour of
ADV",168,,269,2,552,1,554,0,,,0,1368,1368,0,1368
Mumbai Suburban,,,"CHANDIVALI Assembly Election
No of Valid Votes Cast in favour of
ADV",168,,270,5,669,0,674,0,,,0,1597,1597,0,1597
Mumbai Suburban,,,"CHANDIVALI Assembly Election
No of Valid Votes Cast in favour of
ADV",168,,271,4,584,1,588,0,,,0,1430,1430,0,1430
Mumbai Suburban,,,"CHANDIVALI Assembly Election
No of Valid Votes Cast in favour of
ADV",168,,272,9,691,0,700,0,,,0,1635,1635,0,1635
Mumbai Suburban,,,"CHANDIVALI Assembly Election
No of Valid Votes Cast in favour of
ADV",168,,273,13,649,0,662,0,,,0,1544,1544,0,1544
Mumbai Suburban,,,"CHANDIVALI Assembly Election
No of Valid Votes Cast in favour of
ADV",168,,274,3,490,0,493,0,,,0,1247,1247,0,1247
Mumbai Suburban,,,"CHANDIVALI Assembly Election
No of Valid Votes Cast in favour of
ADV",168,,275,5,707,0,712,0,,,0,1678,1678,0,1678
Mumbai Suburban,,,"CHANDIVALI Assembly Election
No of Valid Votes Cast in favour of
ADV",168,,276,3,600,0,603,0,,,0,1469,1469,0,1469
Mumbai Suburban,,,"CHANDIVALI Assembly Election
No of Valid Votes Cast in favour of
ADV",168,,277,6,529,0,535,0,,,0,1322,1322,0,1322
Mumbai Suburban,,,"CHANDIVALI Assembly Election
No of Valid Votes Cast in favour of
ADV",168,,278,0,411,0,411,0,,,0,1099,1099,0,1099
Mumbai Suburban,,,"CHANDIVALI Assembly Election
No of Valid Votes Cast in favour of
ADV",168,,279,1,360,0,361,0,,,0,996,996,0,996
Mumbai Suburban,,,"CHANDIVALI Assembly Election
No of Valid Votes Cast in favour of
ADV",168,,280,3,414,0,417,0,,,0,1101,1101,0,1101
Mumbai Suburban,,,"CHANDIVALI Assembly Election
No of Valid Votes Cast in favour of
ADV",168,,281,2,329,0,331,0,,,0,934,934,0,934
Mumbai Suburban,,,"CHANDIVALI Assembly Election
No of Valid Votes Cast in favour of
ADV",168,,282,3,478,0,481,0,,,0,1231,1231,0,1231
Mumbai Suburban,,,"CHANDIVALI Assembly Election
No of Valid Votes Cast in favour of
ADV",168,,283,2,277,1,279,0,,,0,832,832,0,832
Mumbai Suburban,,,"CHANDIVALI Assembly Election
No of Valid Votes Cast in favour of
ADV",168,,284,3,539,0,542,0,,,0,1355,1355,0,1355
Mumbai Suburban,,,"CHANDIVALI Assembly Election
No of Valid Votes Cast in favour of
ADV",168,,285,2,474,0,476,0,,,0,1228,1228,0,1228
Mumbai Suburban,,,"CHANDIVALI Assembly Election
No of Valid Votes Cast in favour of
ADV",168,,286,1,357,0,358,0,,,0,997,997,0,997
Mumbai Suburban,,,"CHANDIVALI Assembly Election
No of Valid Votes Cast in favour of
ADV",168,,287,4,513,0,517,0,,,0,1304,1304,0,1304
Mumbai Suburban,,,"CHANDIVALI Assembly Election
No of Valid Votes Cast in favour of
ADV",168,,288,2,620,0,622,0,,,0,1523,1523,0,1523
Mumbai Suburban,,,"CHANDIVALI Assembly Election
No of Valid Votes Cast in favour of
ADV",168,,289,4,615,1,619,0,,,0,1510,1510,0,1510
Mumbai Suburban,,,"CHANDIVALI Assembly Election
No of Valid Votes Cast in favour of
ADV",168,,290,4,441,0,445,0,,,0,1163,1163,0,1163
Mumbai Suburban,,,"CHANDIVALI Assembly Election
No of Valid Votes Cast in favour of
ADV",168,,291,2,418,0,420,0,,,0,1122,1122,0,1122
Mumbai Suburban,,,"CHANDIVALI Assembly Election
No of Valid Votes Cast in favour of
ADV",168,,292,3,462,0,465,0,,,0,1209,1209,0,1209
Mumbai Suburban,,,"CHANDIVALI Assembly Election
No of Valid Votes Cast in favour of
ADV",168,,293,2,462,0,464,0,,,0,1212,1212,0,1212
Mumbai Suburban,,,"CHANDIVALI Assembly Election
No of Valid Votes Cast in favour of
ADV",168,,294,7,582,0,589,0,,,0,1443,1443,0,1443
Mumbai Suburban,,,"CHANDIVALI Assembly Election
No of Valid Votes Cast in favour of
ADV",168,,295,2,698,0,700,0,,,0,1686,1686,0,1686
Mumbai Suburban,,,"CHANDIVALI Assembly Election
No of Valid Votes Cast in favour of
ADV",168,,296,2,576,0,578,0,,,0,1443,1443,0,1443
Mumbai Suburban,,,"CHANDIVALI Assembly Election
No of Valid Votes Cast in favour of
ADV",168,,297,2,634,0,636,0,,,0,1560,1560,0,1560
Mumbai Suburban,,,"CHANDIVALI Assembly Election
No of Valid Votes Cast in favour of
ADV",168,,298,4,622,0,626,0,,,0,1533,1533,0,1533
Mumbai Suburban,,,"CHANDIVALI Assembly Election
No of Valid Votes Cast in favour of
ADV",168,,299,2,555,1,557,0,,,0,1404,1404,0,1404
Mumbai Suburban,,,"CHANDIVALI Assembly Election
No of Valid Votes Cast in favour of
ADV",168,,300,7,651,0,658,0,,,0,1587,1587,0,1587
Mumbai Suburban,,,"CHANDIVALI Assembly Election
No of Valid Votes Cast in favour of
ADV",168,,301,3,544,0,547,0,,,0,1382,1382,0,1382
Mumbai Suburban,,,"CHANDIVALI Assembly Election
No of Valid Votes Cast in favour of
ADV",168,,302,4,562,0,566,0,,,0,1417,1417,0,1417
Mumbai Suburban,,,"CHANDIVALI Assembly Election
No of Valid Votes Cast in favour of
ADV",168,,303,6,772,0,778,0,,,0,1834,1834,0,1834
Mumbai Suburban,,,"CHANDIVALI Assembly Election
No of Valid Votes Cast in favour of
ADV",168,,304,5,636,0,641,0,,,0,1565,1565,0,1565
Mumbai Suburban,,,"CHANDIVALI Assembly Election
No of Valid Votes Cast in favour of
ADV",168,,305,1,600,1,601,0,,,0,1502,1502,0,1502
Mumbai Suburban,,,"CHANDIVALI Assembly Election
No of Valid Votes Cast in favour of
ADV",168,,306,2,393,0,395,0,,,0,1087,1087,0,1087
Mumbai Suburban,,,"CHANDIVALI Assembly Election
No of Valid Votes Cast in favour of
ADV",168,,307,3,556,0,559,0,,,0,1412,1412,0,1412
Mumbai Suburban,,,"CHANDIVALI Assembly Election
No of Valid Votes Cast in favour of
ADV",168,,308,4,595,0,599,0,,,0,1489,1489,0,1489
Mumbai Suburban,,,"CHANDIVALI Assembly Election
No of Valid Votes Cast in favour of
ADV",168,,309,3,467,0,470,0,,,0,1236,1236,0,1236
Mumbai Suburban,,,"CHANDIVALI Assembly Election
No of Valid Votes Cast in favour of
ADV",168,,310,7,392,1,399,0,,,0,1079,1079,0,1079
Mumbai Suburban,,,"CHANDIVALI Assembly Election
No of Valid Votes Cast in favour of
ADV",168,,311,4,468,0,472,0,,,0,1238,1238,0,1238
Mumbai Suburban,,,"CHANDIVALI Assembly Election
No of Valid Votes Cast in favour of
ADV",168,,312,4,543,0,547,0,,,0,1389,1389,0,1389
Mumbai Suburban,,,"CHANDIVALI Assembly Election
No of Valid Votes Cast in favour of
ADV",168,,313,0,480,0,480,0,,,0,1272,1272,0,1272
Mumbai Suburban,,,"CHANDIVALI Assembly Election
No of Valid Votes Cast in favour of
ADV",168,,314,0,360,0,360,0,,,0,1033,1033,0,1033
Mumbai Suburban,,,"CHANDIVALI Assembly Election
No of Valid Votes Cast in favour of
ADV",168,,315,9,726,0,735,0,,,0,1748,1748,0,1748
Mumbai Suburban,,,"CHANDIVALI Assembly Election
No of Valid Votes Cast in favour of
ADV",168,,316,4,309,0,313,0,,,0,925,925,0,925
Mumbai Suburban,,,"CHANDIVALI Assembly Election
No of Valid Votes Cast in favour of
ADV",168,,317,6,409,0,415,0,,,0,1122,1122,0,1122
Mumbai Suburban,,,"CHANDIVALI Assembly Election
No of Valid Votes Cast in favour of
ADV",168,,318,4,390,0,394,0,,,0,1089,1089,0,1089
Mumbai Suburban,,,"CHANDIVALI Assembly Election
No of Valid Votes Cast in favour of
ADV",168,,319,1,450,2,451,0,,,0,1216,1216,0,1216
Mumbai Suburban,,,"CHANDIVALI Assembly Election
No of Valid Votes Cast in favour of
ADV",168,,320,2,353,0,355,0,,,0,1021,1021,0,1021
Mumbai Suburban,,,"CHANDIVALI Assembly Election
No of Valid Votes Cast in favour of
ADV",168,,321,2,555,0,557,0,,,0,1426,1426,0,1426
Mumbai Suburban,,,"CHANDIVALI Assembly Election
No of Valid Votes Cast in favour of
ADV",168,,322,4,607,0,611,0,,,0,1527,1527,0,1527
Mumbai Suburban,,,"CHANDIVALI Assembly Election
No of Valid Votes Cast in favour of
ADV",168,,323,4,721,1,725,0,,,0,1756,1756,0,1756
Mumbai Suburban,,,"CHANDIVALI Assembly Election
No of Valid Votes Cast in favour of
ADV",168,,324,6,748,0,754,0,,,0,1807,1807,0,1807
Mumbai Suburban,,,"CHANDIVALI Assembly Election
No of Valid Votes Cast in favour of
ADV",168,,325,3,407,1,410,0,,,0,1132,1132,0,1132
Mumbai Suburban,,,"CHANDIVALI Assembly Election
No of Valid Votes Cast in favour of
ADV",168,,326,1,452,0,453,0,,,0,1227,1227,0,1227
Mumbai Suburban,,,"CHANDIVALI Assembly Election
No of Valid Votes Cast in favour of
ADV",168,,327,4,602,0,606,0,,,0,1522,1522,0,1522
Mumbai Suburban,,,"CHANDIVALI Assembly Election
No of Valid Votes Cast in favour of
ADV",168,,328,1,484,1,485,0,,,0,1293,1293,0,1293
Mumbai Suburban,,,"CHANDIVALI Assembly Election
No of Valid Votes Cast in favour of
ADV",168,,329,1,480,1,481,0,,,0,1286,1286,0,1286
Mumbai Suburban,,,"CHANDIVALI Assembly Election
No of Valid Votes Cast in favour of
ADV",168,,330,4,498,0,502,0,,,0,1317,1317,0,1317
Mumbai Suburban,,,"CHANDIVALI Assembly Election
No of Valid Votes Cast in favour of
ADV",168,,331,2,402,0,404,0,,,0,1130,1130,0,1130
Mumbai Suburban,,,"CHANDIVALI Assembly Election
No of Valid Votes Cast in favour of
ADV",168,,332,3,524,0,527,0,,,0,1373,1373,0,1373
Mumbai Suburban,,,"CHANDIVALI Assembly Election
No of Valid Votes Cast in favour of
ADV",168,,333,4,576,0,580,0,,,0,1476,1476,0,1476
Mumbai Suburban,,,"CHANDIVALI Assembly Election
No of Valid Votes Cast in favour of
ADV",168,,334,5,487,0,492,0,,,0,1297,1297,0,1297
Mumbai Suburban,,,"CHANDIVALI Assembly Election
No of Valid Votes Cast in favour of
ADV",168,,335,4,615,0,619,0,,,0,1556,1556,0,1556
Mumbai Suburban,,,"CHANDIVALI Assembly Election
No of Valid Votes Cast in favour of
ADV",168,,336,3,279,0,282,0,,,0,887,887,0,887
Mumbai Suburban,,,"CHANDIVALI Assembly Election
No of Valid Votes Cast in favour of
ADV",168,,337,2,672,0,674,0,,,0,1676,1676,0,1676
Mumbai Suburban,,,"CHANDIVALI Assembly Election
No of Valid Votes Cast in favour of
ADV",168,,338,7,674,0,681,0,,,0,1671,1671,0,1671
Mumbai Suburban,,,"CHANDIVALI Assembly Election
No of Valid Votes Cast in favour of
ADV",168,,339,6,670,0,676,0,,,0,1666,1666,0,1666
Mumbai Suburban,,,"CHANDIVALI Assembly Election
No of Valid Votes Cast in favour of
ADV",168,,340,7,664,0,671,0,,,0,1653,1653,0,1653
Mumbai Suburban,,,"CHANDIVALI Assembly Election
No of Valid Votes Cast in favour of
ADV",168,,341,3,738,0,741,0,,,0,1810,1810,0,1810
Mumbai Suburban,,,"CHANDIVALI Assembly Election
No of Valid Votes Cast in favour of
ADV",168,,342,5,556,0,561,0,,,0,1443,1443,0,1443
Mumbai Suburban,,,"CHANDIVALI Assembly Election
No of Valid Votes Cast in favour of
ADV",168,,343,3,709,0,712,0,,,0,1754,1754,0,1754
Mumbai Suburban,,,"CHANDIVALI Assembly Election
No of Valid Votes Cast in favour of
ADV",168,,344,5,597,0,602,0,,,0,1527,1527,0,1527
Mumbai Suburban,,,"CHANDIVALI Assembly Election
No of Valid Votes Cast in favour of
ADV",168,,345,5,694,0,699,0,,,0,1722,1722,0,1722
Mumbai Suburban,,,"CHANDIVALI Assembly Election
No of Valid Votes Cast in favour of
ADV",168,,346,3,642,0,645,0,,,0,1623,1623,0,1623
Mumbai Suburban,,,"CHANDIVALI Assembly Election
No of Valid Votes Cast in favour of
ADV",168,,347,2,585,0,587,0,,,0,1512,1512,0,1512
Mumbai Suburban,,,"CHANDIVALI Assembly Election
No of Valid Votes Cast in favour of
ADV",168,,348,5,593,1,598,0,,,0,1523,1523,0,1523
Mumbai Suburban,,,"CHANDIVALI Assembly Election
No of Valid Votes Cast in favour of
ADV",168,,349,3,353,0,356,0,,,0,1048,1048,0,1048
Mumbai Suburban,,,"CHANDIVALI Assembly Election
No of Valid Votes Cast in favour of
ADV",168,,350,2,371,0,373,0,,,0,1087,1087,0,1087
Mumbai Suburban,,,"CHANDIVALI Assembly Election
No of Valid Votes Cast in favour of
ADV",168,,351,5,515,0,520,0,,,0,1370,1370,0,1370
Mumbai Suburban,,,"CHANDIVALI Assembly Election
No of Valid Votes Cast in favour of
ADV",168,,352,2,480,0,482,0,,,0,1307,1307,0,1307
Mumbai Suburban,,,"CHANDIVALI Assembly Election
No of Valid Votes Cast in favour of
ADV",168,,353,4,538,0,542,0,,,0,1420,1420,0,1420
Mumbai Suburban,,,"CHANDIVALI Assembly Election
No of Valid Votes Cast in favour of
ADV",168,,354,6,503,1,509,0,,,0,1347,1347,0,1347
Mumbai Suburban,,,"CHANDIVALI Assembly Election
No of Valid Votes Cast in favour of
ADV",168,,355,0,653,0,653,0,,,0,1660,1660,0,1660
Mumbai Suburban,,,"CHANDIVALI Assembly Election
No of Valid Votes Cast in favour of
ADV",168,,356,1,676,0,677,0,,,0,1705,1705,0,1705
Mumbai Suburban,,,"CHANDIVALI Assembly Election
No of Valid Votes Cast in favour of
ADV",168,,357,2,509,1,511,0,,,0,1370,1370,0,1370
Mumbai Suburban,,,"CHANDIVALI Assembly Election
No of Valid Votes Cast in favour of
ADV",168,,358,1,668,0,669,0,,,0,1691,1691,0,1691
Mumbai Suburban,,,"CHANDIVALI Assembly Election
No of Valid Votes Cast in favour of
ADV",168,,359,3,519,0,522,0,,,0,1390,1390,0,1390
Mumbai Suburban,,,"CHANDIVALI Assembly Election
No of Valid Votes Cast in favour of
ADV",168,,360,4,705,0,709,0,,,0,1761,1761,0,1761
Mumbai Suburban,,,"CHANDIVALI Assembly Election
No of Valid Votes Cast in favour of
ADV",168,,361,4,600,1,604,0,,,0,1552,1552,0,1552
Mumbai Suburban,,,"CHANDIVALI Assembly Election
No of Valid Votes Cast in favour of
ADV",168,,362,9,677,1,686,0,,,0,1697,1697,0,1697
Mumbai Suburban,,,"CHANDIVALI Assembly Election
No of Valid Votes Cast in favour of
ADV",168,,363,1,597,0,598,0,,,0,1554,1554,0,1554
Mumbai Suburban,,,"CHANDIVALI Assembly Election
No of Valid Votes Cast in favour of
ADV",168,,364,3,686,0,689,0,,,0,1729,1729,0,1729
Mumbai Suburban,,,"CHANDIVALI Assembly Election
No of Valid Votes Cast in favour of
ADV",168,,365,4,792,2,796,0,,,0,1940,1940,0,1940
Mumbai Suburban,,,"CHANDIVALI Assembly Election
No of Valid Votes Cast in favour of
ADV",168,,366,4,450,0,454,0,,,0,1257,1257,0,1257
Mumbai Suburban,,,"CHANDIVALI Assembly Election
No of Valid Votes Cast in favour of
ADV",168,,367,7,601,0,608,0,,,0,1554,1554,0,1554
Mumbai Suburban,,,"CHANDIVALI Assembly Election
No of Valid Votes Cast in favour of
ADV",168,,368,2,541,0,543,0,,,0,1445,1445,0,1445
Mumbai Suburban,,,"CHANDIVALI Assembly Election
No of Valid Votes Cast in favour of
ADV",168,,369,6,530,0,536,0,,,0,1416,1416,0,1416
Mumbai Suburban,,,"CHANDIVALI Assembly Election
No of Valid Votes Cast in favour of
ADV",168,,370,1,423,0,424,0,,,0,1213,1213,0,1213
Mumbai Suburban,,,"CHANDIVALI Assembly Election
No of Valid Votes Cast in favour of
ADV",168,,371,7,507,0,514,0,,,0,1370,1370,0,1370
Mumbai Suburban,,,"CHANDIVALI Assembly Election
No of Valid Votes Cast in favour of
ADV",168,,372,3,574,0,577,0,,,0,1513,1513,0,1513
Mumbai Suburban,,,"CHANDIVALI Assembly Election
No of Valid Votes Cast in favour of
ADV",168,,373,3,666,1,669,0,,,0,1698,1698,0,1698
Mumbai Suburban,,,"CHANDIVALI Assembly Election
No of Valid Votes Cast in favour of
ADV",168,,374,7,473,0,480,0,,,0,1305,1305,0,1305
Mumbai Suburban,,,"CHANDIVALI Assembly Election
No of Valid Votes Cast in favour of
ADV",168,,375,2,520,2,522,0,,,0,1410,1410,0,1410
Mumbai Suburban,,,"CHANDIVALI Assembly Election
No of Valid Votes Cast in favour of
ADV",168,,376,2,588,0,590,0,,,0,1547,1547,0,1547
Mumbai Suburban,,,"CHANDIVALI Assembly Election
No of Valid Votes Cast in favour of
ADV",168,,377,8,606,0,614,0,,,0,1572,1572,0,1572
Mumbai Suburban,,,"CHANDIVALI Assembly Election
No of Valid Votes Cast in favour of
ADV",168,,378,4,770,0,774,0,,,0,1909,1909,0,1909
Mumbai Suburban,,,"CHANDIVALI Assembly Election
No of Valid Votes Cast in favour of
ADV",168,,379,1,542,0,543,0,,,0,1460,1460,0,1460
Mumbai Suburban,,,"CHANDIVALI Assembly Election
No of Valid Votes Cast in favour of
ADV",168,,380,9,733,1,742,0,,,0,1827,1827,0,1827
Mumbai Suburban,,,"CHANDIVALI Assembly Election
No of Valid Votes Cast in favour of
ADV",168,,381,3,529,0,532,0,,,0,1432,1432,0,1432
Mumbai Suburban,,,"CHANDIVALI Assembly Election
No of Valid Votes Cast in favour of
ADV",168,,382,3,497,0,500,0,,,0,1369,1369,0,1369
Mumbai Suburban,,,"CHANDIVALI Assembly Election
No of Valid Votes Cast in favour of
ADV",168,,383,7,581,0,588,0,,,0,1530,1530,0,1530
Mumbai Suburban,,,"CHANDIVALI Assembly Election
No of Valid Votes Cast in favour of
ADV",168,,384,10,611,0,621,0,,,0,1585,1585,0,1585
Mumbai Suburban,,,"CHANDIVALI Assembly Election
No of Valid Votes Cast in favour of
ADV",168,,385,15,680,0,695,0,,,0,1714,1714,0,1714
Mumbai Suburban,,,"CHANDIVALI Assembly Election
No of Valid Votes Cast in favour of
ADV",168,,386,4,645,0,649,0,,,0,1667,1667,0,1667
Mumbai Suburban,,,"CHANDIVALI Assembly Election
No of Valid Votes Cast in favour of
ADV",168,,387,12,482,0,494,0,,,0,1326,1326,0,1326
Mumbai Suburban,,,"CHANDIVALI Assembly Election
No of Valid Votes Cast in favour of
ADV",168,,388,5,558,0,563,0,,,0,1493,1493,0,1493
Mumbai Suburban,,,"CHANDIVALI Assembly Election
No of Valid Votes Cast in favour of
ADV",168,,389,6,561,0,567,0,,,0,1498,1498,0,1498
Mumbai Suburban,,,"CHANDIVALI Assembly Election
No of Valid Votes Cast in favour of
ADV",168,,390,5,565,0,570,0,,,0,1509,1509,0,1509
Mumbai Suburban,,,"CHANDIVALI Assembly Election
No of Valid Votes Cast in favour of
ADV",168,,391,5,439,1,444,0,,,0,1258,1258,0,1258
Mumbai Suburban,,,"CHANDIVALI Assembly Election
No of Valid Votes Cast in favour of
ADV",168,,392,5,584,0,589,0,,,0,1549,1549,0,1549
Mumbai Suburban,,,"CHANDIVALI Assembly Election
No of Valid Votes Cast in favour of
ADV",168,,393,6,527,0,533,0,,,0,1434,1434,0,1434
Mumbai Suburban,,,"CHANDIVALI Assembly Election
No of Valid Votes Cast in favour of
ADV",168,,394,14,836,0,850,0,,,0,2037,2037,0,2037
Mumbai Suburban,,,"CHANDIVALI Assembly Election
No of Valid Votes Cast in favour of
ADV",168,,395,7,817,0,824,0,,,0,2014,2014,0,2014
Mumbai Suburban,,,"CHANDIVALI Assembly Election
No of Valid Votes Cast in favour of
ADV",168,,396,7,555,0,562,0,,,0,1491,1491,0,1491
Mumbai Suburban,,,"CHANDIVALI Assembly Election
No of Valid Votes Cast in favour of
ADV",168,,397,10,925,0,935,0,,,0,2226,2226,0,2226
Mumbai Suburban,,,"CHANDIVALI Assembly Election
No of Valid Votes Cast in favour of
ADV",168,,398,10,861,0,871,0,,,0,2099,2099,0,2099
Mumbai Suburban,,,"CHANDIVALI Assembly Election
No of Valid Votes Cast in favour of
ADV",168,,399,10,551,0,561,0,,,0,1480,1480,0,1480
Mumbai Suburban,,,"CHANDIVALI Assembly Election
No of Valid Votes Cast in favour of
ADV",168,,400,11,637,0,648,0,,,0,1651,1651,0,1651
Mumbai Suburban,,,"CHANDIVALI Assembly Election
No of Valid Votes Cast in favour of
ADV",168,,401,9,592,0,601,0,,,0,1566,1566,0,1566
Mumbai Suburban,,,"CHANDIVALI Assembly Election
No of Valid Votes Cast in favour of
ADV",168,,402,9,340,0,349,0,,,0,1063,1063,0,1063
TOTAL,,,,,,,2231,239483,69,241714,0,,,0,555105,555105,0,555105
