District Name,District No,Jilha,Constituency Name,Constituency No,Total No. of Electors,Serial Poll,Total No. Valid Votes,No. of Rejected Votes,NOTA,Total,No. of Tendered Votes,Elected Person Name,Party Name of Elected Person,No. of Valid Votes Cast in Favour of Elected Person,Other Candidate Votes,Total EVM Votes,Total Postal ballot votes,Total Votes Polled
Pune,,,Hadapsar,213,,1,4,1,0,5,0,EPUT LAHTTIV NATEHC,,1,371,372,0,372
Pune,,,Hadapsar,213,,2,5,0,0,5,0,EPUT LAHTTIV NATEHC,,0,296,296,0,296
Pune,,,Hadapsar,213,,3,18,0,0,18,0,EPUT LAHTTIV NATEHC,,2,625,627,0,627
Pune,,,Hadapsar,213,,4,9,0,0,9,2,EPUT LAHTTIV NATEHC,,3,677,680,2,682
Pune,,,Hadapsar,213,,5,10,0,0,10,1,EPUT LAHTTIV NATEHC,,4,608,612,1,613
Pune,,,Hadapsar,213,,6,9,0,0,9,0,EPUT LAHTTIV NATEHC,,5,398,403,0,403
Pune,,,Hadapsar,213,,7,1,0,0,1,0,EPUT LAHTTIV NATEHC,,6,448,454,0,454
Pune,,,Hadapsar,213,,8,4,1,0,5,1,EPUT LAHTTIV NATEHC,,7,698,705,1,706
Pune,,,Hadapsar,213,,9,6,0,0,6,2,EPUT LAHTTIV NATEHC,,8,717,725,2,727
Pune,,,Hadapsar,213,,10,4,1,0,5,3,EPUT LAHTTIV NATEHC,,9,599,608,3,611
Pune,,,Hadapsar,213,,11,4,1,0,5,1,EPUT LAHTTIV NATEHC,,10,583,593,1,594
Pune,,,Hadapsar,213,,12,5,1,0,6,1,EPUT LAHTTIV NATEHC,,11,660,671,1,672
Pune,,,Hadapsar,213,,13,20,0,0,20,2,EPUT LAHTTIV NATEHC,,12,579,591,2,593
Pune,,,Hadapsar,213,,14,3,1,0,4,3,EPUT LAHTTIV NATEHC,,13,605,618,3,621
Pune,,,Hadapsar,213,,15,8,2,0,10,0,EPUT LAHTTIV NATEHC,,14,664,678,0,678
Pune,,,Hadapsar,213,,16,5,0,0,5,2,EPUT LAHTTIV NATEHC,,15,682,697,2,699
Pune,,,Hadapsar,213,,17,4,0,0,4,0,EPUT LAHTTIV NATEHC,,16,489,505,0,505
Pune,,,Hadapsar,213,,18,4,0,0,4,1,EPUT LAHTTIV NATEHC,,17,497,514,1,515
Pune,,,Hadapsar,213,,19,5,0,0,5,0,EPUT LAHTTIV NATEHC,,18,432,450,0,450
Pune,,,Hadapsar,213,,20,4,0,0,4,0,EPUT LAHTTIV NATEHC,,19,602,621,0,621
Pune,,,Hadapsar,213,,21,6,2,0,8,2,EPUT LAHTTIV NATEHC,,20,635,655,2,657
Pune,,,Hadapsar,213,,22,0,1,0,1,3,EPUT LAHTTIV NATEHC,,21,477,498,3,501
Pune,,,Hadapsar,213,,23,6,1,0,7,1,EPUT LAHTTIV NATEHC,,22,384,406,1,407
Pune,,,Hadapsar,213,,24,6,0,0,6,1,EPUT LAHTTIV NATEHC,,23,479,502,1,503
Pune,,,Hadapsar,213,,25,6,0,0,6,0,EPUT LAHTTIV NATEHC,,24,464,488,0,488
Pune,,,Hadapsar,213,,26,2,1,0,3,0,EPUT LAHTTIV NATEHC,,25,641,666,0,666
Pune,,,Hadapsar,213,,27,2,0,0,2,0,EPUT LAHTTIV NATEHC,,26,484,510,0,510
Pune,,,Hadapsar,213,,28,3,2,0,5,1,EPUT LAHTTIV NATEHC,,27,753,780,1,781
Pune,,,Hadapsar,213,,29,6,0,0,6,0,EPUT LAHTTIV NATEHC,,28,745,773,0,773
Pune,,,Hadapsar,213,,30,1,2,0,3,0,EPUT LAHTTIV NATEHC,,29,807,836,0,836
Pune,,,Hadapsar,213,,31,7,0,0,7,1,EPUT LAHTTIV NATEHC,,30,678,708,1,709
Pune,,,Hadapsar,213,,32,2,0,0,2,0,EPUT LAHTTIV NATEHC,,31,678,709,0,709
Pune,,,Hadapsar,213,,33,3,0,0,3,0,EPUT LAHTTIV NATEHC,,32,679,711,0,711
Pune,,,Hadapsar,213,,34,0,0,0,0,0,EPUT LAHTTIV NATEHC,,33,574,607,0,607
Pune,,,Hadapsar,213,,35,2,0,0,2,1,EPUT LAHTTIV NATEHC,,34,579,613,1,614
Pune,,,Hadapsar,213,,36,3,3,0,6,0,EPUT LAHTTIV NATEHC,,35,745,780,0,780
Pune,,,Hadapsar,213,,37,2,0,0,2,1,EPUT LAHTTIV NATEHC,,36,650,686,1,687
Pune,,,Hadapsar,213,,38,5,1,0,6,1,EPUT LAHTTIV NATEHC,,37,738,775,1,776
Pune,,,Hadapsar,213,,39,4,1,0,5,0,EPUT LAHTTIV NATEHC,,38,702,740,0,740
Pune,,,Hadapsar,213,,40,1,0,0,1,1,EPUT LAHTTIV NATEHC,,39,516,555,1,556
Pune,,,Hadapsar,213,,41,4,4,0,8,2,EPUT LAHTTIV NATEHC,,40,624,664,2,666
Pune,,,Hadapsar,213,,42,6,0,0,6,0,EPUT LAHTTIV NATEHC,,41,654,695,0,695
Pune,,,Hadapsar,213,,43,4,2,0,6,0,EPUT LAHTTIV NATEHC,,42,526,568,0,568
Pune,,,Hadapsar,213,,44,3,0,0,3,0,EPUT LAHTTIV NATEHC,,43,618,661,0,661
Pune,,,Hadapsar,213,,45,6,0,0,6,0,EPUT LAHTTIV NATEHC,,44,437,481,0,481
Pune,,,Hadapsar,213,,46,2,1,0,3,0,EPUT LAHTTIV NATEHC,,45,395,440,0,440
Pune,,,Hadapsar,213,,47,2,0,0,2,0,EPUT LAHTTIV NATEHC,,46,530,576,0,576
Pune,,,Hadapsar,213,,49,6,1,0,7,2,EPUT LAHTTIV NATEHC,,48,625,673,2,675
Pune,,,Hadapsar,213,,50,1,3,0,4,0,EPUT LAHTTIV NATEHC,,49,354,403,0,403
Pune,,,Hadapsar,213,,51,2,1,0,3,0,EPUT LAHTTIV NATEHC,,50,460,510,0,510
Pune,,,Hadapsar,213,,52,3,1,0,4,1,EPUT LAHTTIV NATEHC,,51,608,659,1,660
Pune,,,Hadapsar,213,,53,4,2,0,6,0,EPUT LAHTTIV NATEHC,,52,438,490,0,490
Pune,,,Hadapsar,213,,54,5,1,0,6,0,EPUT LAHTTIV NATEHC,,53,448,501,0,501
Pune,,,Hadapsar,213,,55,7,0,0,7,1,EPUT LAHTTIV NATEHC,,54,541,595,1,596
Pune,,,Hadapsar,213,,56,3,0,0,3,0,EPUT LAHTTIV NATEHC,,55,412,467,0,467
Pune,,,Hadapsar,213,,57,4,2,0,6,1,EPUT LAHTTIV NATEHC,,56,492,548,1,549
Pune,,,Hadapsar,213,,58,4,2,0,6,1,EPUT LAHTTIV NATEHC,,57,484,541,1,542
Pune,,,Hadapsar,213,,59,2,0,0,2,0,EPUT LAHTTIV NATEHC,,58,387,445,0,445
Pune,,,Hadapsar,213,,60,0,1,0,1,1,EPUT LAHTTIV NATEHC,,59,252,311,1,312
Pune,,,Hadapsar,213,,61,7,1,0,8,0,EPUT LAHTTIV NATEHC,,60,612,672,0,672
Pune,,,Hadapsar,213,,62,5,3,0,8,1,EPUT LAHTTIV NATEHC,,61,633,694,1,695
Pune,,,Hadapsar,213,,63,11,1,0,12,5,EPUT LAHTTIV NATEHC,,62,624,686,5,691
Pune,,,Hadapsar,213,,64,0,0,0,0,0,EPUT LAHTTIV NATEHC,,63,702,765,0,765
Pune,,,Hadapsar,213,,65,2,0,0,2,1,EPUT LAHTTIV NATEHC,,64,647,711,1,712
Pune,,,Hadapsar,213,,66,1,1,0,2,0,EPUT LAHTTIV NATEHC,,65,720,785,0,785
Pune,,,Hadapsar,213,,67,2,0,0,2,1,EPUT LAHTTIV NATEHC,,66,734,800,1,801
Pune,,,Hadapsar,213,,68,1,0,0,1,1,EPUT LAHTTIV NATEHC,,67,666,733,1,734
Pune,,,Hadapsar,213,,69,2,0,0,2,0,EPUT LAHTTIV NATEHC,,68,698,766,0,766
Pune,,,Hadapsar,213,,70,1,1,0,2,0,EPUT LAHTTIV NATEHC,,69,620,689,0,689
Pune,,,Hadapsar,213,,71,1,1,0,2,2,EPUT LAHTTIV NATEHC,,70,695,765,2,767
Pune,,,Hadapsar,213,,72,1,0,0,1,1,EPUT LAHTTIV NATEHC,,71,566,637,1,638
Pune,,,Hadapsar,213,,73,2,1,0,3,0,EPUT LAHTTIV NATEHC,,72,693,765,0,765
Pune,,,Hadapsar,213,,74,1,0,0,1,0,EPUT LAHTTIV NATEHC,,73,659,732,0,732
Pune,,,Hadapsar,213,,75,6,2,0,8,7,EPUT LAHTTIV NATEHC,,74,936,1010,7,1017
Pune,,,Hadapsar,213,,76,2,0,0,2,0,EPUT LAHTTIV NATEHC,,75,854,929,0,929
Pune,,,Hadapsar,213,,77,2,2,0,4,1,EPUT LAHTTIV NATEHC,,76,799,875,1,876
Pune,,,Hadapsar,213,,78,3,1,0,4,1,EPUT LAHTTIV NATEHC,,77,621,698,1,699
Pune,,,Hadapsar,213,,79,2,0,0,2,0,EPUT LAHTTIV NATEHC,,78,766,844,0,844
Pune,,,Hadapsar,213,,80,4,1,0,5,0,EPUT LAHTTIV NATEHC,,79,789,868,0,868
Pune,,,Hadapsar,213,,81,3,1,0,4,1,EPUT LAHTTIV NATEHC,,80,733,813,1,814
Pune,,,Hadapsar,213,,82,5,1,0,6,0,EPUT LAHTTIV NATEHC,,81,704,785,0,785
Pune,,,Hadapsar,213,,83,6,4,0,10,0,EPUT LAHTTIV NATEHC,,82,655,737,0,737
Pune,,,Hadapsar,213,,84,8,0,0,8,1,EPUT LAHTTIV NATEHC,,83,579,662,1,663
Pune,,,Hadapsar,213,,85,13,0,0,13,1,EPUT LAHTTIV NATEHC,,84,667,751,1,752
Pune,,,Hadapsar,213,,86,6,0,0,6,0,EPUT LAHTTIV NATEHC,,85,823,908,0,908
Pune,,,Hadapsar,213,,87,6,2,0,8,1,EPUT LAHTTIV NATEHC,,86,670,756,1,757
Pune,,,Hadapsar,213,,88,9,1,0,10,0,EPUT LAHTTIV NATEHC,,87,662,749,0,749
Pune,,,Hadapsar,213,,89,5,0,0,5,5,EPUT LAHTTIV NATEHC,,88,672,760,5,765
Pune,,,Hadapsar,213,,90,5,0,0,5,1,EPUT LAHTTIV NATEHC,,89,671,760,1,761
Pune,,,Hadapsar,213,,91,5,1,0,6,1,EPUT LAHTTIV NATEHC,,90,640,730,1,731
Pune,,,Hadapsar,213,,92,6,0,0,6,0,EPUT LAHTTIV NATEHC,,91,511,602,0,602
Pune,,,Hadapsar,213,,93,7,1,0,8,0,EPUT LAHTTIV NATEHC,,92,767,859,0,859
Pune,,,Hadapsar,213,,94,3,1,0,4,0,EPUT LAHTTIV NATEHC,,93,577,670,0,670
Pune,,,Hadapsar,213,,95,4,1,0,5,1,EPUT LAHTTIV NATEHC,,94,555,649,1,650
Pune,,,Hadapsar,213,,97,0,0,0,0,0,EPUT LAHTTIV NATEHC,,96,531,627,0,627
Pune,,,Hadapsar,213,,98,2,0,0,2,0,EPUT LAHTTIV NATEHC,,97,548,645,0,645
Pune,,,Hadapsar,213,,99,2,0,0,2,0,EPUT LAHTTIV NATEHC,,98,674,772,0,772
Pune,,,Hadapsar,213,,100,5,0,0,5,0,EPUT LAHTTIV NATEHC,,99,691,790,0,790
Pune,,,Hadapsar,213,,101,2,0,0,2,0,EPUT LAHTTIV NATEHC,,100,771,871,0,871
Pune,,,Hadapsar,213,,102,7,0,0,7,0,EPUT LAHTTIV NATEHC,,101,726,827,0,827
Pune,,,Hadapsar,213,,103,2,0,0,2,1,EPUT LAHTTIV NATEHC,,102,725,827,1,828
Pune,,,Hadapsar,213,,104,4,2,0,6,1,EPUT LAHTTIV NATEHC,,103,811,914,1,915
Pune,,,Hadapsar,213,,105,2,1,0,3,0,EPUT LAHTTIV NATEHC,,104,683,787,0,787
Pune,,,Hadapsar,213,,106,5,1,0,6,0,EPUT LAHTTIV NATEHC,,105,647,752,0,752
Pune,,,Hadapsar,213,,107,1,1,0,2,0,EPUT LAHTTIV NATEHC,,106,579,685,0,685
Pune,,,Hadapsar,213,,108,2,0,0,2,0,EPUT LAHTTIV NATEHC,,107,467,574,0,574
Pune,,,Hadapsar,213,,109,2,1,0,3,0,EPUT LAHTTIV NATEHC,,108,575,683,0,683
Pune,,,Hadapsar,213,,110,1,1,0,2,0,EPUT LAHTTIV NATEHC,,109,475,584,0,584
Pune,,,Hadapsar,213,,111,6,1,0,7,0,EPUT LAHTTIV NATEHC,,110,683,793,0,793
Pune,,,Hadapsar,213,,112,2,0,0,2,0,EPUT LAHTTIV NATEHC,,111,663,774,0,774
Pune,,,Hadapsar,213,,113,2,0,0,2,0,EPUT LAHTTIV NATEHC,,112,555,667,0,667
Pune,,,Hadapsar,213,,114,2,0,0,2,0,EPUT LAHTTIV NATEHC,,113,594,707,0,707
Pune,,,Hadapsar,213,,115,2,0,0,2,1,EPUT LAHTTIV NATEHC,,114,617,731,1,732
Pune,,,Hadapsar,213,,116,4,0,0,4,0,EPUT LAHTTIV NATEHC,,115,653,768,0,768
Pune,,,Hadapsar,213,,117,6,1,0,7,2,EPUT LAHTTIV NATEHC,,116,664,780,2,782
Pune,,,Hadapsar,213,,118,2,0,0,2,1,EPUT LAHTTIV NATEHC,,117,697,814,1,815
Pune,,,Hadapsar,213,,119,3,1,0,4,1,EPUT LAHTTIV NATEHC,,118,424,542,1,543
Pune,,,Hadapsar,213,,120,3,1,0,4,0,EPUT LAHTTIV NATEHC,,0,439,439,0,439
Pune,,,Hadapsar,213,,121,5,0,0,5,0,EPUT LAHTTIV NATEHC,,119,679,798,0,798
Pune,,,Hadapsar,213,,122,5,0,0,5,2,EPUT LAHTTIV NATEHC,,120,697,817,2,819
Pune,,,Hadapsar,213,,123,9,1,0,10,0,EPUT LAHTTIV NATEHC,,121,747,868,0,868
Pune,,,Hadapsar,213,,124,4,0,0,4,0,EPUT LAHTTIV NATEHC,,122,598,720,0,720
Pune,,,Hadapsar,213,,125,6,0,0,6,1,EPUT LAHTTIV NATEHC,,123,676,799,1,800
Pune,,,Hadapsar,213,,126,3,0,0,3,0,EPUT LAHTTIV NATEHC,,124,644,768,0,768
Pune,,,Hadapsar,213,,127,4,0,0,4,0,EPUT LAHTTIV NATEHC,,125,632,757,0,757
Pune,,,Hadapsar,213,,128,5,0,0,5,0,EPUT LAHTTIV NATEHC,,126,646,772,0,772
Pune,,,Hadapsar,213,,129,2,0,0,2,0,EPUT LAHTTIV NATEHC,,127,664,791,0,791
Pune,,,Hadapsar,213,,130,2,1,0,3,0,EPUT LAHTTIV NATEHC,,128,655,783,0,783
Pune,,,Hadapsar,213,,131,2,1,0,3,0,EPUT LAHTTIV NATEHC,,129,758,887,0,887
Pune,,,Hadapsar,213,,132,1,3,0,4,0,EPUT LAHTTIV NATEHC,,130,621,751,0,751
Pune,,,Hadapsar,213,,133,1,0,0,1,0,EPUT LAHTTIV NATEHC,,131,517,648,0,648
Pune,,,Hadapsar,213,,134,2,0,0,2,0,EPUT LAHTTIV NATEHC,,132,679,811,0,811
Pune,,,Hadapsar,213,,135,0,1,0,1,0,EPUT LAHTTIV NATEHC,,133,640,773,0,773
Pune,,,Hadapsar,213,,136,0,0,0,0,0,EPUT LAHTTIV NATEHC,,134,762,896,0,896
Pune,,,Hadapsar,213,,137,2,0,0,2,0,EPUT LAHTTIV NATEHC,,135,627,762,0,762
Pune,,,Hadapsar,213,,138,4,0,0,4,1,EPUT LAHTTIV NATEHC,,136,632,768,1,769
Pune,,,Hadapsar,213,,139,5,0,0,5,1,EPUT LAHTTIV NATEHC,,137,571,708,1,709
Pune,,,Hadapsar,213,,140,8,0,0,8,0,EPUT LAHTTIV NATEHC,,138,639,777,0,777
Pune,,,Hadapsar,213,,141,4,0,0,4,0,EPUT LAHTTIV NATEHC,,139,693,832,0,832
Pune,,,Hadapsar,213,,142,4,0,0,4,0,EPUT LAHTTIV NATEHC,,140,521,661,0,661
Pune,,,Hadapsar,213,,143,2,0,0,2,0,EPUT LAHTTIV NATEHC,,141,535,676,0,676
Pune,,,Hadapsar,213,,145,3,0,0,3,0,EPUT LAHTTIV NATEHC,,143,610,753,0,753
Pune,,,Hadapsar,213,,146,2,0,0,2,1,EPUT LAHTTIV NATEHC,,144,629,773,1,774
Pune,,,Hadapsar,213,,147,2,0,0,2,0,EPUT LAHTTIV NATEHC,,145,691,836,0,836
Pune,,,Hadapsar,213,,148,2,1,0,3,2,EPUT LAHTTIV NATEHC,,146,671,817,2,819
Pune,,,Hadapsar,213,,149,2,0,0,2,1,EPUT LAHTTIV NATEHC,,147,568,715,1,716
Pune,,,Hadapsar,213,,150,5,1,0,6,0,EPUT LAHTTIV NATEHC,,148,720,868,0,868
Pune,,,Hadapsar,213,,151,2,0,0,2,2,EPUT LAHTTIV NATEHC,,149,582,731,2,733
Pune,,,Hadapsar,213,,152,2,2,0,4,0,EPUT LAHTTIV NATEHC,,150,723,873,0,873
Pune,,,Hadapsar,213,,153,2,0,0,2,0,EPUT LAHTTIV NATEHC,,151,747,898,0,898
Pune,,,Hadapsar,213,,154,3,1,0,4,1,EPUT LAHTTIV NATEHC,,152,511,663,1,664
Pune,,,Hadapsar,213,,155,1,0,0,1,0,EPUT LAHTTIV NATEHC,,153,592,745,0,745
Pune,,,Hadapsar,213,,156,1,0,0,1,3,EPUT LAHTTIV NATEHC,,154,592,746,3,749
Pune,,,Hadapsar,213,,157,6,2,0,8,1,EPUT LAHTTIV NATEHC,,155,665,820,1,821
Pune,,,Hadapsar,213,,158,4,0,0,4,1,EPUT LAHTTIV NATEHC,,156,806,962,1,963
Pune,,,Hadapsar,213,,159,4,0,0,4,1,EPUT LAHTTIV NATEHC,,157,650,807,1,808
Pune,,,Hadapsar,213,,160,3,1,0,4,0,EPUT LAHTTIV NATEHC,,158,675,833,0,833
Pune,,,Hadapsar,213,,161,4,0,0,4,0,EPUT LAHTTIV NATEHC,,159,492,651,0,651
Pune,,,Hadapsar,213,,162,4,3,0,7,1,EPUT LAHTTIV NATEHC,,160,541,701,1,702
Pune,,,Hadapsar,213,,163,9,2,0,11,2,EPUT LAHTTIV NATEHC,,161,663,824,2,826
Pune,,,Hadapsar,213,,164,6,0,0,6,1,EPUT LAHTTIV NATEHC,,162,678,840,1,841
Pune,,,Hadapsar,213,,165,8,4,0,12,1,EPUT LAHTTIV NATEHC,,163,741,904,1,905
Pune,,,Hadapsar,213,,166,6,0,0,6,1,EPUT LAHTTIV NATEHC,,164,628,792,1,793
Pune,,,Hadapsar,213,,167,4,0,0,4,2,EPUT LAHTTIV NATEHC,,165,670,835,2,837
Pune,,,Hadapsar,213,,168,7,0,0,7,3,EPUT LAHTTIV NATEHC,,166,430,596,3,599
Pune,,,Hadapsar,213,,169,4,1,0,5,0,EPUT LAHTTIV NATEHC,,167,431,598,0,598
Pune,,,Hadapsar,213,,170,5,1,0,6,2,EPUT LAHTTIV NATEHC,,168,290,458,2,460
Pune,,,Hadapsar,213,,171,2,1,0,3,1,EPUT LAHTTIV NATEHC,,169,375,544,1,545
Pune,,,Hadapsar,213,,172,8,2,0,10,1,EPUT LAHTTIV NATEHC,,170,577,747,1,748
Pune,,,Hadapsar,213,,173,6,0,0,6,0,EPUT LAHTTIV NATEHC,,171,485,656,0,656
Pune,,,Hadapsar,213,,174,9,0,0,9,1,EPUT LAHTTIV NATEHC,,172,394,566,1,567
Pune,,,Hadapsar,213,,175,7,4,0,11,2,EPUT LAHTTIV NATEHC,,173,477,650,2,652
Pune,,,Hadapsar,213,,176,4,2,0,6,4,EPUT LAHTTIV NATEHC,,174,527,701,4,705
Pune,,,Hadapsar,213,,177,3,1,0,4,1,EPUT LAHTTIV NATEHC,,175,550,725,1,726
Pune,,,Hadapsar,213,,178,9,2,0,11,0,EPUT LAHTTIV NATEHC,,176,603,779,0,779
Pune,,,Hadapsar,213,,179,15,1,0,16,1,EPUT LAHTTIV NATEHC,,177,633,810,1,811
Pune,,,Hadapsar,213,,180,10,0,0,10,3,EPUT LAHTTIV NATEHC,,178,643,821,3,824
Pune,,,Hadapsar,213,,181,7,2,0,9,1,EPUT LAHTTIV NATEHC,,179,679,858,1,859
Pune,,,Hadapsar,213,,182,9,6,0,15,1,EPUT LAHTTIV NATEHC,,180,782,962,1,963
Pune,,,Hadapsar,213,,183,6,1,0,7,1,EPUT LAHTTIV NATEHC,,181,735,916,1,917
Pune,,,Hadapsar,213,,184,6,1,0,7,2,EPUT LAHTTIV NATEHC,,182,667,849,2,851
Pune,,,Hadapsar,213,,185,6,1,0,7,2,EPUT LAHTTIV NATEHC,,183,675,858,2,860
Pune,,,Hadapsar,213,,186,8,0,0,8,0,EPUT LAHTTIV NATEHC,,184,639,823,0,823
Pune,,,Hadapsar,213,,187,10,3,0,13,1,EPUT LAHTTIV NATEHC,,185,674,859,1,860
Pune,,,Hadapsar,213,,188,10,0,0,10,4,EPUT LAHTTIV NATEHC,,186,737,923,4,927
Pune,,,Hadapsar,213,,189,7,1,0,8,2,EPUT LAHTTIV NATEHC,,187,526,713,2,715
Pune,,,Hadapsar,213,,190,7,1,0,8,1,EPUT LAHTTIV NATEHC,,188,550,738,1,739
Pune,,,Hadapsar,213,,191,3,0,0,3,4,EPUT LAHTTIV NATEHC,,189,697,886,4,890
Pune,,,Hadapsar,213,,193,6,2,0,8,1,EPUT LAHTTIV NATEHC,,191,635,826,1,827
Pune,,,Hadapsar,213,,194,1,0,0,1,1,EPUT LAHTTIV NATEHC,,192,531,723,1,724
Pune,,,Hadapsar,213,,195,3,1,0,4,1,EPUT LAHTTIV NATEHC,,193,642,835,1,836
Pune,,,Hadapsar,213,,196,4,2,0,6,2,EPUT LAHTTIV NATEHC,,194,513,707,2,709
Pune,,,Hadapsar,213,,197,2,0,0,2,1,EPUT LAHTTIV NATEHC,,195,692,887,1,888
Pune,,,Hadapsar,213,,198,3,0,0,3,1,EPUT LAHTTIV NATEHC,,196,708,904,1,905
Pune,,,Hadapsar,213,,199,6,1,0,7,5,EPUT LAHTTIV NATEHC,,197,621,818,5,823
Pune,,,Hadapsar,213,,200,4,2,0,6,0,EPUT LAHTTIV NATEHC,,198,673,871,0,871
Pune,,,Hadapsar,213,,201,1,1,0,2,0,EPUT LAHTTIV NATEHC,,199,573,772,0,772
Pune,,,Hadapsar,213,,202,2,1,0,3,2,EPUT LAHTTIV NATEHC,,200,743,943,2,945
Pune,,,Hadapsar,213,,203,4,1,0,5,0,EPUT LAHTTIV NATEHC,,201,606,807,0,807
Pune,,,Hadapsar,213,,204,3,1,0,4,0,EPUT LAHTTIV NATEHC,,202,631,833,0,833
Pune,,,Hadapsar,213,,205,1,0,0,1,0,EPUT LAHTTIV NATEHC,,203,492,695,0,695
Pune,,,Hadapsar,213,,206,2,0,0,2,0,EPUT LAHTTIV NATEHC,,204,591,795,0,795
Pune,,,Hadapsar,213,,207,2,0,0,2,3,EPUT LAHTTIV NATEHC,,205,646,851,3,854
Pune,,,Hadapsar,213,,208,2,0,0,2,0,EPUT LAHTTIV NATEHC,,206,648,854,0,854
Pune,,,Hadapsar,213,,209,1,0,0,1,1,EPUT LAHTTIV NATEHC,,207,534,741,1,742
Pune,,,Hadapsar,213,,210,6,0,0,6,0,EPUT LAHTTIV NATEHC,,208,559,767,0,767
Pune,,,Hadapsar,213,,211,7,0,0,7,0,EPUT LAHTTIV NATEHC,,209,644,853,0,853
Pune,,,Hadapsar,213,,212,1,0,0,1,0,EPUT LAHTTIV NATEHC,,210,578,788,0,788
Pune,,,Hadapsar,213,,213,1,0,0,1,0,EPUT LAHTTIV NATEHC,,211,714,925,0,925
Pune,,,Hadapsar,213,,214,8,0,0,8,2,EPUT LAHTTIV NATEHC,,212,582,794,2,796
Pune,,,Hadapsar,213,,215,4,1,0,5,0,EPUT LAHTTIV NATEHC,,213,492,705,0,705
Pune,,,Hadapsar,213,,216,4,1,0,5,2,EPUT LAHTTIV NATEHC,,214,393,607,2,609
Pune,,,Hadapsar,213,,217,7,0,0,7,0,EPUT LAHTTIV NATEHC,,215,558,773,0,773
Pune,,,Hadapsar,213,,218,1,0,0,1,0,EPUT LAHTTIV NATEHC,,216,494,710,0,710
Pune,,,Hadapsar,213,,219,0,1,0,1,2,EPUT LAHTTIV NATEHC,,217,516,733,2,735
Pune,,,Hadapsar,213,,220,2,3,0,5,0,EPUT LAHTTIV NATEHC,,218,449,667,0,667
Pune,,,Hadapsar,213,,221,1,0,0,1,0,EPUT LAHTTIV NATEHC,,219,547,766,0,766
Pune,,,Hadapsar,213,,222,2,0,0,2,0,EPUT LAHTTIV NATEHC,,220,336,556,0,556
Pune,,,Hadapsar,213,,223,1,0,0,1,2,EPUT LAHTTIV NATEHC,,221,335,556,2,558
Pune,,,Hadapsar,213,,224,4,0,0,4,0,EPUT LAHTTIV NATEHC,,222,339,561,0,561
Pune,,,Hadapsar,213,,225,1,0,0,1,0,EPUT LAHTTIV NATEHC,,223,599,822,0,822
Pune,,,Hadapsar,213,,226,1,0,0,1,0,EPUT LAHTTIV NATEHC,,224,462,686,0,686
Pune,,,Hadapsar,213,,227,0,0,0,0,0,EPUT LAHTTIV NATEHC,,225,360,585,0,585
Pune,,,Hadapsar,213,,228,7,1,0,8,1,EPUT LAHTTIV NATEHC,,226,691,917,1,918
Pune,,,Hadapsar,213,,229,1,1,0,2,1,EPUT LAHTTIV NATEHC,,227,630,857,1,858
Pune,,,Hadapsar,213,,230,1,1,0,2,0,EPUT LAHTTIV NATEHC,,228,722,950,0,950
Pune,,,Hadapsar,213,,231,2,0,0,2,0,EPUT LAHTTIV NATEHC,,229,721,950,0,950
Pune,,,Hadapsar,213,,232,2,1,0,3,1,EPUT LAHTTIV NATEHC,,230,789,1019,1,1020
Pune,,,Hadapsar,213,,233,3,2,0,5,0,EPUT LAHTTIV NATEHC,,231,687,918,0,918
Pune,,,Hadapsar,213,,234,3,2,0,5,1,EPUT LAHTTIV NATEHC,,232,646,878,1,879
Pune,,,Hadapsar,213,,235,6,1,0,7,0,EPUT LAHTTIV NATEHC,,233,684,917,0,917
Pune,,,Hadapsar,213,,236,1,0,0,1,2,EPUT LAHTTIV NATEHC,,234,420,654,2,656
Pune,,,Hadapsar,213,,237,4,2,0,6,0,EPUT LAHTTIV NATEHC,,0,500,500,0,500
Pune,,,Hadapsar,213,,238,5,1,0,6,1,EPUT LAHTTIV NATEHC,,235,662,897,1,898
Pune,,,Hadapsar,213,,239,5,2,0,7,1,EPUT LAHTTIV NATEHC,,236,637,873,1,874
Pune,,,Hadapsar,213,,241,8,0,0,8,0,EPUT LAHTTIV NATEHC,,238,724,962,0,962
Pune,,,Hadapsar,213,,242,3,2,0,5,1,EPUT LAHTTIV NATEHC,,239,646,885,1,886
Pune,,,Hadapsar,213,,243,4,1,0,5,1,EPUT LAHTTIV NATEHC,,240,567,807,1,808
Pune,,,Hadapsar,213,,244,3,0,0,3,0,EPUT LAHTTIV NATEHC,,241,363,604,0,604
Pune,,,Hadapsar,213,,245,0,2,0,2,1,EPUT LAHTTIV NATEHC,,242,428,670,1,671
Pune,,,Hadapsar,213,,246,3,0,0,3,0,EPUT LAHTTIV NATEHC,,243,306,549,0,549
Pune,,,Hadapsar,213,,247,3,1,0,4,0,EPUT LAHTTIV NATEHC,,244,396,640,0,640
Pune,,,Hadapsar,213,,248,3,0,0,3,1,EPUT LAHTTIV NATEHC,,245,833,1078,1,1079
Pune,,,Hadapsar,213,,249,6,1,0,7,1,EPUT LAHTTIV NATEHC,,246,806,1052,1,1053
Pune,,,Hadapsar,213,,250,2,1,0,3,0,EPUT LAHTTIV NATEHC,,247,807,1054,0,1054
Pune,,,Hadapsar,213,,251,2,0,0,2,0,EPUT LAHTTIV NATEHC,,248,672,920,0,920
Pune,,,Hadapsar,213,,252,2,1,0,3,1,EPUT LAHTTIV NATEHC,,249,677,926,1,927
Pune,,,Hadapsar,213,,253,9,2,0,11,3,EPUT LAHTTIV NATEHC,,250,580,830,3,833
Pune,,,Hadapsar,213,,254,5,2,0,7,0,EPUT LAHTTIV NATEHC,,251,634,885,0,885
Pune,,,Hadapsar,213,,255,3,0,0,3,0,EPUT LAHTTIV NATEHC,,252,654,906,0,906
Pune,,,Hadapsar,213,,256,2,0,0,2,2,EPUT LAHTTIV NATEHC,,253,529,782,2,784
Pune,,,Hadapsar,213,,257,1,2,0,3,0,EPUT LAHTTIV NATEHC,,254,617,871,0,871
Pune,,,Hadapsar,213,,258,1,0,0,1,0,EPUT LAHTTIV NATEHC,,255,561,816,0,816
Pune,,,Hadapsar,213,,259,5,0,0,5,0,EPUT LAHTTIV NATEHC,,256,464,720,0,720
Pune,,,Hadapsar,213,,260,1,0,0,1,0,EPUT LAHTTIV NATEHC,,257,342,599,0,599
Pune,,,Hadapsar,213,,261,0,0,0,0,0,EPUT LAHTTIV NATEHC,,258,431,689,0,689
Pune,,,Hadapsar,213,,262,1,0,0,1,0,EPUT LAHTTIV NATEHC,,259,442,701,0,701
Pune,,,Hadapsar,213,,263,5,2,0,7,0,EPUT LAHTTIV NATEHC,,260,539,799,0,799
Pune,,,Hadapsar,213,,264,1,0,0,1,2,EPUT LAHTTIV NATEHC,,261,445,706,2,708
Pune,,,Hadapsar,213,,265,2,1,0,3,2,EPUT LAHTTIV NATEHC,,262,519,781,2,783
Pune,,,Hadapsar,213,,266,5,1,0,6,0,EPUT LAHTTIV NATEHC,,263,575,838,0,838
Pune,,,Hadapsar,213,,267,0,0,0,0,0,EPUT LAHTTIV NATEHC,,264,462,726,0,726
Pune,,,Hadapsar,213,,268,8,0,0,8,0,EPUT LAHTTIV NATEHC,,265,699,964,0,964
Pune,,,Hadapsar,213,,269,7,0,0,7,1,EPUT LAHTTIV NATEHC,,266,631,897,1,898
Pune,,,Hadapsar,213,,270,5,0,0,5,1,EPUT LAHTTIV NATEHC,,267,627,894,1,895
Pune,,,Hadapsar,213,,271,10,0,0,10,0,EPUT LAHTTIV NATEHC,,268,515,783,0,783
Pune,,,Hadapsar,213,,272,5,0,0,5,0,EPUT LAHTTIV NATEHC,,269,391,660,0,660
Pune,,,Hadapsar,213,,273,5,0,0,5,2,EPUT LAHTTIV NATEHC,,270,646,916,2,918
Pune,,,Hadapsar,213,,274,6,0,0,6,0,EPUT LAHTTIV NATEHC,,271,505,776,0,776
Pune,,,Hadapsar,213,,275,5,0,0,5,0,EPUT LAHTTIV NATEHC,,272,585,857,0,857
Pune,,,Hadapsar,213,,276,11,1,0,12,1,EPUT LAHTTIV NATEHC,,273,614,887,1,888
Pune,,,Hadapsar,213,,277,6,0,0,6,2,EPUT LAHTTIV NATEHC,,274,585,859,2,861
Pune,,,Hadapsar,213,,278,10,1,0,11,0,EPUT LAHTTIV NATEHC,,275,707,982,0,982
Pune,,,Hadapsar,213,,279,2,0,0,2,0,EPUT LAHTTIV NATEHC,,276,452,728,0,728
Pune,,,Hadapsar,213,,280,1,1,0,2,1,EPUT LAHTTIV NATEHC,,277,600,877,1,878
Pune,,,Hadapsar,213,,281,1,0,0,1,0,EPUT LAHTTIV NATEHC,,278,446,724,0,724
Pune,,,Hadapsar,213,,282,2,1,0,3,0,EPUT LAHTTIV NATEHC,,279,362,641,0,641
Pune,,,Hadapsar,213,,283,1,1,0,2,1,EPUT LAHTTIV NATEHC,,280,585,865,1,866
Pune,,,Hadapsar,213,,284,0,0,0,0,0,EPUT LAHTTIV NATEHC,,281,505,786,0,786
Pune,,,Hadapsar,213,,285,0,0,0,0,1,EPUT LAHTTIV NATEHC,,282,644,926,1,927
Pune,,,Hadapsar,213,,286,4,0,0,4,0,EPUT LAHTTIV NATEHC,,283,599,882,0,882
Pune,,,Hadapsar,213,,287,3,1,0,4,0,EPUT LAHTTIV NATEHC,,284,552,836,0,836
Pune,,,Hadapsar,213,,289,1,0,0,1,1,EPUT LAHTTIV NATEHC,,286,503,789,1,790
Pune,,,Hadapsar,213,,290,3,0,0,3,0,EPUT LAHTTIV NATEHC,,287,653,940,0,940
Pune,,,Hadapsar,213,,291,3,0,0,3,0,EPUT LAHTTIV NATEHC,,288,545,833,0,833
Pune,,,Hadapsar,213,,292,3,0,0,3,1,EPUT LAHTTIV NATEHC,,289,581,870,1,871
Pune,,,Hadapsar,213,,293,7,1,0,8,1,EPUT LAHTTIV NATEHC,,290,638,928,1,929
Pune,,,Hadapsar,213,,294,5,1,0,6,0,EPUT LAHTTIV NATEHC,,291,513,804,0,804
Pune,,,Hadapsar,213,,295,4,0,0,4,0,EPUT LAHTTIV NATEHC,,292,494,786,0,786
Pune,,,Hadapsar,213,,296,7,1,0,8,0,EPUT LAHTTIV NATEHC,,293,685,978,0,978
Pune,,,Hadapsar,213,,297,3,0,0,3,0,EPUT LAHTTIV NATEHC,,294,606,900,0,900
Pune,,,Hadapsar,213,,298,7,1,0,8,0,EPUT LAHTTIV NATEHC,,295,660,955,0,955
Pune,,,Hadapsar,213,,299,2,0,0,2,1,EPUT LAHTTIV NATEHC,,296,559,855,1,856
Pune,,,Hadapsar,213,,300,2,0,0,2,0,EPUT LAHTTIV NATEHC,,297,439,736,0,736
Pune,,,Hadapsar,213,,301,6,0,0,6,0,EPUT LAHTTIV NATEHC,,298,436,734,0,734
Pune,,,Hadapsar,213,,302,7,1,0,8,3,EPUT LAHTTIV NATEHC,,299,694,993,3,996
Pune,,,Hadapsar,213,,303,2,6,0,8,3,EPUT LAHTTIV NATEHC,,300,749,1049,3,1052
Pune,,,Hadapsar,213,,304,4,2,0,6,5,EPUT LAHTTIV NATEHC,,301,646,947,5,952
Pune,,,Hadapsar,213,,305,5,1,0,6,0,EPUT LAHTTIV NATEHC,,302,651,953,0,953
Pune,,,Hadapsar,213,,306,3,1,0,4,0,EPUT LAHTTIV NATEHC,,303,662,965,0,965
Pune,,,Hadapsar,213,,307,1,0,0,1,1,EPUT LAHTTIV NATEHC,,304,383,687,1,688
Pune,,,Hadapsar,213,,308,1,1,0,2,3,EPUT LAHTTIV NATEHC,,0,585,585,3,588
Pune,,,Hadapsar,213,,309,7,1,0,8,1,EPUT LAHTTIV NATEHC,,305,577,882,1,883
Pune,,,Hadapsar,213,,310,6,1,0,7,1,EPUT LAHTTIV NATEHC,,306,487,793,1,794
Pune,,,Hadapsar,213,,311,4,2,0,6,0,EPUT LAHTTIV NATEHC,,307,601,908,0,908
Pune,,,Hadapsar,213,,312,4,1,0,5,1,EPUT LAHTTIV NATEHC,,308,485,793,1,794
Pune,,,Hadapsar,213,,313,4,0,0,4,0,EPUT LAHTTIV NATEHC,,309,546,855,0,855
Pune,,,Hadapsar,213,,314,4,3,0,7,2,EPUT LAHTTIV NATEHC,,310,607,917,2,919
Pune,,,Hadapsar,213,,315,6,0,0,6,0,EPUT LAHTTIV NATEHC,,311,474,785,0,785
Pune,,,Hadapsar,213,,316,1,0,0,1,0,EPUT LAHTTIV NATEHC,,312,532,844,0,844
Pune,,,Hadapsar,213,,317,11,1,0,12,0,EPUT LAHTTIV NATEHC,,313,560,873,0,873
Pune,,,Hadapsar,213,,318,6,2,0,8,0,EPUT LAHTTIV NATEHC,,314,505,819,0,819
Pune,,,Hadapsar,213,,319,0,0,0,0,1,EPUT LAHTTIV NATEHC,,315,473,788,1,789
Pune,,,Hadapsar,213,,320,3,0,0,3,0,EPUT LAHTTIV NATEHC,,316,495,811,0,811
Pune,,,Hadapsar,213,,321,5,1,0,6,0,EPUT LAHTTIV NATEHC,,317,536,853,0,853
Pune,,,Hadapsar,213,,322,0,3,0,3,1,EPUT LAHTTIV NATEHC,,318,573,891,1,892
Pune,,,Hadapsar,213,,323,5,1,0,6,1,EPUT LAHTTIV NATEHC,,319,728,1047,1,1048
Pune,,,Hadapsar,213,,324,0,0,0,0,1,EPUT LAHTTIV NATEHC,,320,298,618,1,619
Pune,,,Hadapsar,213,,325,4,1,0,5,0,EPUT LAHTTIV NATEHC,,321,299,620,0,620
Pune,,,Hadapsar,213,,326,3,0,0,3,0,EPUT LAHTTIV NATEHC,,322,362,684,0,684
Pune,,,Hadapsar,213,,327,2,1,0,3,0,EPUT LAHTTIV NATEHC,,323,300,623,0,623
Pune,,,Hadapsar,213,,328,1,1,0,2,0,EPUT LAHTTIV NATEHC,,324,396,720,0,720
Pune,,,Hadapsar,213,,329,8,0,0,8,0,EPUT LAHTTIV NATEHC,,325,659,984,0,984
Pune,,,Hadapsar,213,,330,1,1,0,2,0,EPUT LAHTTIV NATEHC,,326,666,992,0,992
Pune,,,Hadapsar,213,,331,3,0,0,3,0,EPUT LAHTTIV NATEHC,,327,642,969,0,969
Pune,,,Hadapsar,213,,332,2,0,0,2,0,EPUT LAHTTIV NATEHC,,328,475,803,0,803
Pune,,,Hadapsar,213,,333,4,1,0,5,0,EPUT LAHTTIV NATEHC,,329,562,891,0,891
Pune,,,Hadapsar,213,,334,7,1,0,8,0,EPUT LAHTTIV NATEHC,,330,629,959,0,959
Pune,,,Hadapsar,213,,335,1,1,0,2,0,EPUT LAHTTIV NATEHC,,331,490,821,0,821
Pune,,,Hadapsar,213,,337,4,2,0,6,0,EPUT LAHTTIV NATEHC,,333,370,703,0,703
Pune,,,Hadapsar,213,,338,2,0,0,2,0,EPUT LAHTTIV NATEHC,,334,525,859,0,859
Pune,,,Hadapsar,213,,339,2,0,0,2,1,EPUT LAHTTIV NATEHC,,335,410,745,1,746
Pune,,,Hadapsar,213,,340,3,0,0,3,0,EPUT LAHTTIV NATEHC,,336,309,645,0,645
Pune,,,Hadapsar,213,,341,5,0,0,5,0,EPUT LAHTTIV NATEHC,,337,453,790,0,790
Pune,,,Hadapsar,213,,342,4,1,0,5,0,EPUT LAHTTIV NATEHC,,338,507,845,0,845
Pune,,,Hadapsar,213,,343,2,0,0,2,0,EPUT LAHTTIV NATEHC,,339,350,689,0,689
Pune,,,Hadapsar,213,,344,3,1,0,4,0,EPUT LAHTTIV NATEHC,,340,480,820,0,820
Pune,,,Hadapsar,213,,345,2,1,0,3,0,EPUT LAHTTIV NATEHC,,341,374,715,0,715
Pune,,,Hadapsar,213,,346,3,0,0,3,1,EPUT LAHTTIV NATEHC,,342,352,694,1,695
Pune,,,Hadapsar,213,,347,4,0,0,4,1,EPUT LAHTTIV NATEHC,,343,352,695,1,696
Pune,,,Hadapsar,213,,348,4,0,0,4,0,EPUT LAHTTIV NATEHC,,344,454,798,0,798
Pune,,,Hadapsar,213,,349,2,0,0,2,0,EPUT LAHTTIV NATEHC,,345,353,698,0,698
Pune,,,Hadapsar,213,,350,2,3,0,5,2,EPUT LAHTTIV NATEHC,,346,632,978,2,980
Pune,,,Hadapsar,213,,351,10,1,0,11,1,EPUT LAHTTIV NATEHC,,347,666,1013,1,1014
Pune,,,Hadapsar,213,,352,5,1,0,6,0,EPUT LAHTTIV NATEHC,,348,486,834,0,834
Pune,,,Hadapsar,213,,353,3,1,0,4,0,EPUT LAHTTIV NATEHC,,349,691,1040,0,1040
Pune,,,Hadapsar,213,,354,8,0,0,8,0,EPUT LAHTTIV NATEHC,,350,474,824,0,824
Pune,,,Hadapsar,213,,355,5,3,0,8,0,EPUT LAHTTIV NATEHC,,351,585,936,0,936
Pune,,,Hadapsar,213,,356,4,0,0,4,0,EPUT LAHTTIV NATEHC,,352,454,806,0,806
Pune,,,Hadapsar,213,,357,2,3,0,5,2,EPUT LAHTTIV NATEHC,,353,658,1011,2,1013
Pune,,,Hadapsar,213,,358,7,0,0,7,0,EPUT LAHTTIV NATEHC,,354,610,964,0,964
Pune,,,Hadapsar,213,,359,2,0,0,2,0,EPUT LAHTTIV NATEHC,,355,516,871,0,871
Pune,,,Hadapsar,213,,360,10,0,0,10,0,EPUT LAHTTIV NATEHC,,356,634,990,0,990
Pune,,,Hadapsar,213,,361,7,1,0,8,0,EPUT LAHTTIV NATEHC,,357,632,989,0,989
Pune,,,Hadapsar,213,,362,6,1,0,7,2,EPUT LAHTTIV NATEHC,,358,535,893,2,895
Pune,,,Hadapsar,213,,363,3,0,0,3,1,EPUT LAHTTIV NATEHC,,359,611,970,1,971
Pune,,,Hadapsar,213,,364,2,5,0,7,0,EPUT LAHTTIV NATEHC,,360,485,845,0,845
Pune,,,Hadapsar,213,,365,1,2,0,3,3,EPUT LAHTTIV NATEHC,,361,430,791,3,794
Pune,,,Hadapsar,213,,366,6,1,0,7,1,EPUT LAHTTIV NATEHC,,362,521,883,1,884
Pune,,,Hadapsar,213,,367,4,1,0,5,1,EPUT LAHTTIV NATEHC,,363,363,726,1,727
Pune,,,Hadapsar,213,,368,5,0,0,5,0,EPUT LAHTTIV NATEHC,,364,328,692,0,692
Pune,,,Hadapsar,213,,369,6,2,0,8,2,EPUT LAHTTIV NATEHC,,365,542,907,2,909
Pune,,,Hadapsar,213,,370,4,0,0,4,0,EPUT LAHTTIV NATEHC,,366,325,691,0,691
Pune,,,Hadapsar,213,,371,2,1,0,3,1,EPUT LAHTTIV NATEHC,,367,345,712,1,713
Pune,,,Hadapsar,213,,372,0,1,0,1,0,EPUT LAHTTIV NATEHC,,368,313,681,0,681
Pune,,,Hadapsar,213,,373,2,1,0,3,5,EPUT LAHTTIV NATEHC,,369,388,757,5,762
Pune,,,Hadapsar,213,,374,3,0,0,3,2,EPUT LAHTTIV NATEHC,,370,406,776,2,778
Pune,,,Hadapsar,213,,375,1,0,0,1,6,EPUT LAHTTIV NATEHC,,371,404,775,6,781
Pune,,,Hadapsar,213,,376,6,1,0,7,5,EPUT LAHTTIV NATEHC,,372,457,829,5,834
Pune,,,Hadapsar,213,,377,3,0,0,3,5,EPUT LAHTTIV NATEHC,,373,469,842,5,847
Pune,,,Hadapsar,213,,378,10,0,0,10,0,EPUT LAHTTIV NATEHC,,374,664,1038,0,1038
Pune,,,Hadapsar,213,,379,15,0,0,15,0,EPUT LAHTTIV NATEHC,,375,789,1164,0,1164
Pune,,,Hadapsar,213,,380,7,2,0,9,0,EPUT LAHTTIV NATEHC,,376,670,1046,0,1046
Pune,,,Hadapsar,213,,381,6,2,0,8,3,EPUT LAHTTIV NATEHC,,377,739,1116,3,1119
Pune,,,Hadapsar,213,,382,4,0,0,4,0,EPUT LAHTTIV NATEHC,,378,446,824,0,824
Pune,,,Hadapsar,213,,383,5,0,0,5,0,EPUT LAHTTIV NATEHC,,0,473,473,0,473
Pune,,,Hadapsar,213,,385,12,2,0,14,1,EPUT LAHTTIV NATEHC,,380,754,1134,1,1135
Pune,,,Hadapsar,213,,386,5,1,0,6,0,EPUT LAHTTIV NATEHC,,381,767,1148,0,1148
Pune,,,Hadapsar,213,,387,14,1,0,15,0,EPUT LAHTTIV NATEHC,,382,814,1196,0,1196
Pune,,,Hadapsar,213,,388,5,0,0,5,0,EPUT LAHTTIV NATEHC,,383,728,1111,0,1111
Pune,,,Hadapsar,213,,389,14,0,0,14,0,EPUT LAHTTIV NATEHC,,384,747,1131,0,1131
Pune,,,Hadapsar,213,,390,11,1,0,12,0,EPUT LAHTTIV NATEHC,,385,776,1161,0,1161
Pune,,,Hadapsar,213,,391,5,2,0,7,0,EPUT LAHTTIV NATEHC,,386,689,1075,0,1075
Pune,,,Hadapsar,213,,392,8,1,0,9,0,EPUT LAHTTIV NATEHC,,387,425,812,0,812
Pune,,,Hadapsar,213,,393,5,0,0,5,0,EPUT LAHTTIV NATEHC,,0,426,426,0,426
Pune,,,Hadapsar,213,,394,8,0,0,8,0,EPUT LAHTTIV NATEHC,,388,639,1027,0,1027
Pune,,,Hadapsar,213,,395,5,1,0,6,1,EPUT LAHTTIV NATEHC,,389,679,1068,1,1069
Pune,,,Hadapsar,213,,396,5,0,0,5,1,EPUT LAHTTIV NATEHC,,390,638,1028,1,1029
Pune,,,Hadapsar,213,,397,12,0,0,12,0,EPUT LAHTTIV NATEHC,,391,533,924,0,924
Pune,,,Hadapsar,213,,398,6,0,0,6,0,EPUT LAHTTIV NATEHC,,392,532,924,0,924
Pune,,,Hadapsar,213,,399,15,0,0,15,0,EPUT LAHTTIV NATEHC,,393,560,953,0,953
Pune,,,Hadapsar,213,,400,8,2,0,10,0,EPUT LAHTTIV NATEHC,,394,416,810,0,810
Pune,,,Hadapsar,213,,401,3,2,0,5,1,EPUT LAHTTIV NATEHC,,395,440,835,1,836
Pune,,,Hadapsar,213,,402,7,0,0,7,0,EPUT LAHTTIV NATEHC,,396,640,1036,0,1036
Pune,,,Hadapsar,213,,403,7,0,0,7,1,EPUT LAHTTIV NATEHC,,397,620,1017,1,1018
Pune,,,Hadapsar,213,,404,8,0,0,8,1,EPUT LAHTTIV NATEHC,,398,618,1016,1,1017
Pune,,,Hadapsar,213,,405,5,0,0,5,1,EPUT LAHTTIV NATEHC,,399,640,1039,1,1040
Pune,,,Hadapsar,213,,406,6,1,0,7,1,EPUT LAHTTIV NATEHC,,400,633,1033,1,1034
Pune,,,Hadapsar,213,,407,10,1,0,11,0,EPUT LAHTTIV NATEHC,,401,454,855,0,855
Pune,,,Hadapsar,213,,408,7,0,0,7,1,EPUT LAHTTIV NATEHC,,402,655,1057,1,1058
Pune,,,Hadapsar,213,,409,5,0,0,5,1,EPUT LAHTTIV NATEHC,,403,601,1004,1,1005
Pune,,,Hadapsar,213,,410,4,0,0,4,0,EPUT LAHTTIV NATEHC,,404,601,1005,0,1005
Pune,,,Hadapsar,213,,411,10,0,0,10,0,EPUT LAHTTIV NATEHC,,405,613,1018,0,1018
Pune,,,Hadapsar,213,,412,5,0,0,5,0,EPUT LAHTTIV NATEHC,,406,389,795,0,795
Pune,,,Hadapsar,213,,413,7,0,0,7,0,EPUT LAHTTIV NATEHC,,407,475,882,0,882
Pune,,,Hadapsar,213,,414,9,1,0,10,1,EPUT LAHTTIV NATEHC,,408,641,1049,1,1050
Pune,,,Hadapsar,213,,415,8,0,0,8,0,EPUT LAHTTIV NATEHC,,409,743,1152,0,1152
Pune,,,Hadapsar,213,,416,5,0,0,5,0,EPUT LAHTTIV NATEHC,,410,574,984,0,984
Pune,,,Hadapsar,213,,417,13,0,0,13,1,EPUT LAHTTIV NATEHC,,411,675,1086,1,1087
Pune,,,Hadapsar,213,,418,7,0,0,7,2,EPUT LAHTTIV NATEHC,,412,538,950,2,952
Pune,,,Hadapsar,213,,419,6,0,0,6,0,EPUT LAHTTIV NATEHC,,413,555,968,0,968
Pune,,,Hadapsar,213,,420,7,0,0,7,0,EPUT LAHTTIV NATEHC,,414,579,993,0,993
Pune,,,Hadapsar,213,,421,4,1,0,5,1,EPUT LAHTTIV NATEHC,,415,517,932,1,933
Pune,,,Hadapsar,213,,422,5,0,0,5,0,EPUT LAHTTIV NATEHC,,416,696,1112,0,1112
Pune,,,Hadapsar,213,,423,3,0,0,3,0,EPUT LAHTTIV NATEHC,,417,696,1113,0,1113
Pune,,,Hadapsar,213,,424,6,0,0,6,0,EPUT LAHTTIV NATEHC,,418,625,1043,0,1043
Pune,,,Hadapsar,213,,425,2,0,0,2,0,EPUT LAHTTIV NATEHC,,419,466,885,0,885
Pune,,,Hadapsar,213,,426,3,0,0,3,2,EPUT LAHTTIV NATEHC,,420,634,1054,2,1056
Pune,,,Hadapsar,213,,427,1,0,0,1,0,EPUT LAHTTIV NATEHC,,421,619,1040,0,1040
Pune,,,Hadapsar,213,,428,1,0,0,1,1,EPUT LAHTTIV NATEHC,,422,537,959,1,960
Pune,,,Hadapsar,213,,429,2,0,0,2,0,EPUT LAHTTIV NATEHC,,423,627,1050,0,1050
Pune,,,Hadapsar,213,,430,3,0,0,3,0,EPUT LAHTTIV NATEHC,,424,515,939,0,939
Pune,,,Hadapsar,213,,431,3,0,0,3,3,EPUT LAHTTIV NATEHC,,425,656,1081,3,1084
Pune,,,Hadapsar,213,,433,4,0,0,4,1,EPUT LAHTTIV NATEHC,,427,673,1100,1,1101
Pune,,,Hadapsar,213,,434,2,0,0,2,1,EPUT LAHTTIV NATEHC,,428,554,982,1,983
Pune,,,Hadapsar,213,,435,4,1,0,5,0,EPUT LAHTTIV NATEHC,,429,579,1008,0,1008
Pune,,,Hadapsar,213,,436,2,0,0,2,1,EPUT LAHTTIV NATEHC,,430,494,924,1,925
Pune,,,Hadapsar,213,,437,2,0,0,2,1,EPUT LAHTTIV NATEHC,,431,593,1024,1,1025
Pune,,,Hadapsar,213,,438,9,1,0,10,1,EPUT LAHTTIV NATEHC,,432,618,1050,1,1051
Pune,,,Hadapsar,213,,439,3,0,0,3,0,EPUT LAHTTIV NATEHC,,433,429,862,0,862
Pune,,,Hadapsar,213,,440,3,0,0,3,1,EPUT LAHTTIV NATEHC,,434,464,898,1,899
Pune,,,Hadapsar,213,,441,2,1,0,3,0,EPUT LAHTTIV NATEHC,,435,693,1128,0,1128
Pune,,,Hadapsar,213,,442,5,1,0,6,0,EPUT LAHTTIV NATEHC,,436,524,960,0,960
Pune,,,Hadapsar,213,,443,3,0,0,3,0,EPUT LAHTTIV NATEHC,,437,351,788,0,788
Pune,,,Hadapsar,213,,444,5,1,0,6,0,EPUT LAHTTIV NATEHC,,438,407,845,0,845
Pune,,,Hadapsar,213,,445,3,1,0,4,1,EPUT LAHTTIV NATEHC,,439,698,1137,1,1138
Pune,,,Hadapsar,213,,446,5,0,0,5,0,EPUT LAHTTIV NATEHC,,440,606,1046,0,1046
Pune,,,Hadapsar,213,,447,3,2,0,5,2,EPUT LAHTTIV NATEHC,,441,605,1046,2,1048
Pune,,,Hadapsar,213,,448,8,0,0,8,2,EPUT LAHTTIV NATEHC,,442,589,1031,2,1033
Pune,,,Hadapsar,213,,449,3,0,0,3,1,EPUT LAHTTIV NATEHC,,443,589,1032,1,1033
Pune,,,Hadapsar,213,,450,5,0,0,5,1,EPUT LAHTTIV NATEHC,,444,539,983,1,984
Pune,,,Hadapsar,213,,451,9,0,0,9,0,EPUT LAHTTIV NATEHC,,445,674,1119,0,1119
Pune,,,Hadapsar,213,,452,6,1,0,7,0,EPUT LAHTTIV NATEHC,,446,554,1000,0,1000
Pune,,,Hadapsar,213,,453,5,0,0,5,0,EPUT LAHTTIV NATEHC,,447,702,1149,0,1149
Pune,,,Hadapsar,213,,454,5,1,0,6,1,EPUT LAHTTIV NATEHC,,448,545,993,1,994
Pune,,,Hadapsar,213,,455,8,1,0,9,0,EPUT LAHTTIV NATEHC,,449,532,981,0,981
Pune,,,Hadapsar,213,,456,1,2,0,3,2,EPUT LAHTTIV NATEHC,,450,583,1033,2,1035
Pune,,,Hadapsar,213,,457,0,1,0,1,1,EPUT LAHTTIV NATEHC,,451,764,1215,1,1216
Pune,,,Hadapsar,213,,458,7,0,0,7,0,EPUT LAHTTIV NATEHC,,452,612,1064,0,1064
Pune,,,Hadapsar,213,,459,5,1,0,6,1,EPUT LAHTTIV NATEHC,,453,602,1055,1,1056
Pune,,,Hadapsar,213,,460,4,0,0,4,0,EPUT LAHTTIV NATEHC,,454,617,1071,0,1071
Pune,,,Hadapsar,213,,461,10,0,0,10,0,EPUT LAHTTIV NATEHC,,455,591,1046,0,1046
Pune,,,Hadapsar,213,,462,2,0,0,2,0,EPUT LAHTTIV NATEHC,,456,652,1108,0,1108
Pune,,,Hadapsar,213,,463,2,0,0,2,0,EPUT LAHTTIV NATEHC,,457,640,1097,0,1097
Pune,,,Hadapsar,213,,464,1,0,0,1,0,EPUT LAHTTIV NATEHC,,458,620,1078,0,1078
Pune,,,Hadapsar,213,,465,6,1,0,7,1,EPUT LAHTTIV NATEHC,,459,486,945,1,946
Pune,,,Hadapsar,213,,466,1,0,0,1,1,EPUT LAHTTIV NATEHC,,460,297,757,1,758
Pune,,,Hadapsar,213,,467,4,0,0,4,0,EPUT LAHTTIV NATEHC,,461,353,814,0,814
Pune,,,Hadapsar,213,,468,1,0,0,1,0,EPUT LAHTTIV NATEHC,,462,426,888,0,888
Pune,,,Hadapsar,213,,469,3,0,0,3,0,EPUT LAHTTIV NATEHC,,463,593,1056,0,1056
Pune,,,Hadapsar,213,,470,4,0,0,4,1,EPUT LAHTTIV NATEHC,,464,548,1012,1,1013
Pune,,,Hadapsar,213,,471,4,0,0,4,0,EPUT LAHTTIV NATEHC,,465,453,918,0,918
Pune,,,Hadapsar,213,,472,5,0,0,5,0,EPUT LAHTTIV NATEHC,,466,560,1026,0,1026
Pune,,,Hadapsar,213,,473,4,3,0,7,0,EPUT LAHTTIV NATEHC,,467,366,833,0,833
Pune,,,Hadapsar,213,,474,3,0,0,3,0,EPUT LAHTTIV NATEHC,,468,407,875,0,875
Pune,,,Hadapsar,213,,475,3,1,0,4,0,EPUT LAHTTIV NATEHC,,469,584,1053,0,1053
Pune,,,Hadapsar,213,,476,2,1,0,3,0,EPUT LAHTTIV NATEHC,,470,559,1029,0,1029
Pune,,,Hadapsar,213,,477,0,3,0,3,1,EPUT LAHTTIV NATEHC,,471,482,953,1,954
Pune,,,Hadapsar,213,,478,7,0,0,7,0,EPUT LAHTTIV NATEHC,,472,499,971,0,971
Pune,,,Hadapsar,213,,479,3,1,0,4,0,EPUT LAHTTIV NATEHC,,473,459,932,0,932
Pune,,,Hadapsar,213,,481,3,1,0,4,1,EPUT LAHTTIV NATEHC,,475,520,995,1,996
Pune,,,Hadapsar,213,,482,3,1,0,4,1,EPUT LAHTTIV NATEHC,,476,327,803,1,804
Pune,,,Hadapsar,213,,483,7,1,0,8,0,EPUT LAHTTIV NATEHC,,477,575,1052,0,1052
Pune,,,Hadapsar,213,,484,5,2,0,7,2,EPUT LAHTTIV NATEHC,,478,499,977,2,979
Pune,,,Hadapsar,213,,485,6,1,0,7,0,EPUT LAHTTIV NATEHC,,479,431,910,0,910
Pune,,,Hadapsar,213,,486,3,0,0,3,0,EPUT LAHTTIV NATEHC,,480,579,1059,0,1059
Pune,,,Hadapsar,213,,487,5,1,0,6,0,EPUT LAHTTIV NATEHC,,481,416,897,0,897
Pune,,,Hadapsar,213,,488,8,1,0,9,0,EPUT LAHTTIV NATEHC,,482,498,980,0,980
Pune,,,Hadapsar,213,,489,7,2,0,9,0,EPUT LAHTTIV NATEHC,,483,512,995,0,995
Pune,,,Hadapsar,213,,490,5,1,0,6,3,EPUT LAHTTIV NATEHC,,484,574,1058,3,1061
Pune,,,Hadapsar,213,,491,7,1,0,8,2,EPUT LAHTTIV NATEHC,,485,590,1075,2,1077
Pune,,,Hadapsar,213,,492,3,2,0,5,1,EPUT LAHTTIV NATEHC,,486,518,1004,1,1005
Pune,,,Hadapsar,213,,493,5,0,0,5,0,EPUT LAHTTIV NATEHC,,487,506,993,0,993
Pune,,,Hadapsar,213,,494,5,0,0,5,1,EPUT LAHTTIV NATEHC,,488,525,1013,1,1014
Pune,,,Hadapsar,213,,495,4,0,0,4,0,EPUT LAHTTIV NATEHC,,489,600,1089,0,1089
Pune,,,Hadapsar,213,,496,3,1,0,4,0,EPUT LAHTTIV NATEHC,,490,571,1061,0,1061
Pune,,,Hadapsar,213,,497,6,1,0,7,0,EPUT LAHTTIV NATEHC,,491,640,1131,0,1131
Pune,,,Hadapsar,213,,498,3,1,0,4,0,EPUT LAHTTIV NATEHC,,492,579,1071,0,1071
Pune,,,Hadapsar,213,,499,4,1,0,5,0,EPUT LAHTTIV NATEHC,,493,327,820,0,820
Pune,,,Hadapsar,213,,500,8,0,0,8,1,EPUT LAHTTIV NATEHC,,494,483,977,1,978
Pune,,,Hadapsar,213,,501,2,0,0,2,0,EPUT LAHTTIV NATEHC,,495,422,917,0,917
Pune,,,Hadapsar,213,,502,2,0,0,2,1,EPUT LAHTTIV NATEHC,,496,520,1016,1,1017
Pune,,,Hadapsar,213,,503,1,1,0,2,0,EPUT LAHTTIV NATEHC,,497,297,794,0,794
Pune,,,Hadapsar,213,,504,3,2,0,5,1,EPUT LAHTTIV NATEHC,,498,526,1024,1,1025
Pune,,,Hadapsar,213,,505,2,1,0,3,1,EPUT LAHTTIV NATEHC,,499,504,1003,1,1004
Pune,,,Hadapsar,213,,506,0,2,0,2,0,EPUT LAHTTIV NATEHC,,500,548,1048,0,1048
Pune,,,Hadapsar,213,,507,6,0,0,6,0,EPUT LAHTTIV NATEHC,,501,555,1056,0,1056
Pune,,,Hadapsar,213,,508,3,0,0,3,1,EPUT LAHTTIV NATEHC,,502,467,969,1,970
Pune,,,Hadapsar,213,,509,4,0,0,4,1,EPUT LAHTTIV NATEHC,,503,456,959,1,960
Pune,,,Hadapsar,213,,510,1,1,0,2,0,EPUT LAHTTIV NATEHC,,504,524,1028,0,1028
Pune,,,Hadapsar,213,,511,8,0,0,8,3,EPUT LAHTTIV NATEHC,,505,641,1146,3,1149
Pune,,,Hadapsar,213,,512,3,3,0,6,0,EPUT LAHTTIV NATEHC,,506,484,990,0,990
Pune,,,Hadapsar,213,,513,2,0,0,2,0,EPUT LAHTTIV NATEHC,,507,357,864,0,864
Pune,,,Hadapsar,213,,514,2,2,0,4,0,EPUT LAHTTIV NATEHC,,508,426,934,0,934
Pune,,,Hadapsar,213,,515,6,1,0,7,0,EPUT LAHTTIV NATEHC,,509,429,938,0,938
Pune,,,Hadapsar,213,,516,5,1,0,6,0,EPUT LAHTTIV NATEHC,,510,314,824,0,824
Pune,,,Hadapsar,213,,517,2,0,0,2,0,EPUT LAHTTIV NATEHC,,511,351,862,0,862
Pune,,,Hadapsar,213,,518,5,0,0,5,0,EPUT LAHTTIV NATEHC,,512,407,919,0,919
Pune,,,Hadapsar,213,,519,4,0,0,4,0,EPUT LAHTTIV NATEHC,,513,405,918,0,918
Pune,,,Hadapsar,213,,520,2,1,0,3,0,EPUT LAHTTIV NATEHC,,514,372,886,0,886
Pune,,,Hadapsar,213,,521,3,1,0,4,0,EPUT LAHTTIV NATEHC,,515,449,964,0,964
Pune,,,Hadapsar,213,,522,5,0,0,5,0,EPUT LAHTTIV NATEHC,,516,528,1044,0,1044
Pune,,,Hadapsar,213,,523,7,2,0,9,0,EPUT LAHTTIV NATEHC,,517,504,1021,0,1021
Pune,,,Hadapsar,213,,524,2,1,0,3,1,EPUT LAHTTIV NATEHC,,518,605,1123,1,1124
Pune,,,Hadapsar,213,,525,2,2,0,4,0,EPUT LAHTTIV NATEHC,,519,666,1185,0,1185
Pune,,,Hadapsar,213,,526,0,0,0,0,0,EPUT LAHTTIV NATEHC,,520,331,851,0,851
Pune,,,Hadapsar,213,,527,1,1,0,2,0,EPUT LAHTTIV NATEHC,,0,367,367,0,367
Pune,,,Hadapsar,213,,529,4,0,0,4,0,EPUT LAHTTIV NATEHC,,522,494,1016,0,1016
Pune,,,Hadapsar,213,,530,2,2,0,4,0,EPUT LAHTTIV NATEHC,,523,622,1145,0,1145
Pune,,,Hadapsar,213,,531,4,1,0,5,2,EPUT LAHTTIV NATEHC,,524,614,1138,2,1140
Pune,,,Hadapsar,213,,532,3,2,0,5,0,EPUT LAHTTIV NATEHC,,525,598,1123,0,1123
TOTAL,,,,,,,2202,358,0,2560,343,,,134947,296565,431512,343,431855
