District Name,District No,Jilha,Constituency Name,Constituency No,Total No. of Electors,Serial Poll,Total No. Valid Votes,No. of Rejected Votes,NOTA,Total,No. of Tendered Votes,Elected Person Name,Party Name of Elected Person,No. of Valid Votes Cast in Favour of Elected Person,Other Candidate Votes,Total EVM Votes,Total Postal ballot votes,Total Votes Polled
Ratnagiri,,,"Chiplun Assembly Constituency
PART I
Name of the Assembly Segment",265,,1,3,561,0,564,0,,,0,1116,1116,0,1116
Ratnagiri,,,"Chiplun Assembly Constituency
PART I
Name of the Assembly Segment",265,,2,0,433,0,433,0,,,0,866,866,0,866
Ratnagiri,,,"Chiplun Assembly Constituency
PART I
Name of the Assembly Segment",265,,3,10,595,0,605,0,,,0,1170,1170,0,1170
Ratnagiri,,,"Chiplun Assembly Constituency
PART I
Name of the Assembly Segment",265,,4,3,429,0,432,0,,,0,852,852,0,852
Ratnagiri,,,"Chiplun Assembly Constituency
PART I
Name of the Assembly Segment",265,,5,6,811,0,817,0,,,0,1610,1610,0,1610
Ratnagiri,,,"Chiplun Assembly Constituency
PART I
Name of the Assembly Segment",265,,6,2,286,0,288,0,,,0,568,568,0,568
Ratnagiri,,,"Chiplun Assembly Constituency
PART I
Name of the Assembly Segment",265,,7,12,918,0,930,0,,,0,1812,1812,0,1812
Ratnagiri,,,"Chiplun Assembly Constituency
PART I
Name of the Assembly Segment",265,,8,7,1075,0,1082,0,,,0,2136,2136,0,2136
Ratnagiri,,,"Chiplun Assembly Constituency
PART I
Name of the Assembly Segment",265,,9,7,869,0,876,0,,,0,1724,1724,0,1724
Ratnagiri,,,"Chiplun Assembly Constituency
PART I
Name of the Assembly Segment",265,,10,11,820,0,831,0,,,0,1618,1618,0,1618
Ratnagiri,,,"Chiplun Assembly Constituency
PART I
Name of the Assembly Segment",265,,11,9,755,0,764,0,,,0,1492,1492,0,1492
Ratnagiri,,,"Chiplun Assembly Constituency
PART I
Name of the Assembly Segment",265,,12,10,855,0,865,0,,,0,1690,1690,0,1690
Ratnagiri,,,"Chiplun Assembly Constituency
PART I
Name of the Assembly Segment",265,,13,3,468,0,471,0,,,0,930,930,0,930
Ratnagiri,,,"Chiplun Assembly Constituency
PART I
Name of the Assembly Segment",265,,14,6,562,0,568,0,,,0,1112,1112,0,1112
Ratnagiri,,,"Chiplun Assembly Constituency
PART I
Name of the Assembly Segment",265,,15,1,369,0,370,0,,,0,736,736,0,736
Ratnagiri,,,"Chiplun Assembly Constituency
PART I
Name of the Assembly Segment",265,,16,3,462,0,465,0,,,0,918,918,0,918
Ratnagiri,,,"Chiplun Assembly Constituency
PART I
Name of the Assembly Segment",265,,17,10,995,0,1005,0,,,0,1970,1970,0,1970
Ratnagiri,,,"Chiplun Assembly Constituency
PART I
Name of the Assembly Segment",265,,18,12,642,0,654,0,,,0,1260,1260,0,1260
Ratnagiri,,,"Chiplun Assembly Constituency
PART I
Name of the Assembly Segment",265,,19,3,349,0,352,0,,,0,692,692,0,692
Ratnagiri,,,"Chiplun Assembly Constituency
PART I
Name of the Assembly Segment",265,,20,0,272,0,272,0,,,0,544,544,0,544
Ratnagiri,,,"Chiplun Assembly Constituency
PART I
Name of the Assembly Segment",265,,21,2,412,0,414,0,,,0,820,820,0,820
Ratnagiri,,,"Chiplun Assembly Constituency
PART I
Name of the Assembly Segment",265,,22,13,906,0,919,0,,,0,1786,1786,0,1786
Ratnagiri,,,"Chiplun Assembly Constituency
PART I
Name of the Assembly Segment",265,,23,5,642,0,647,0,,,0,1274,1274,0,1274
Ratnagiri,,,"Chiplun Assembly Constituency
PART I
Name of the Assembly Segment",265,,24,6,645,0,651,0,,,0,1278,1278,0,1278
Ratnagiri,,,"Chiplun Assembly Constituency
PART I
Name of the Assembly Segment",265,,25,7,721,0,728,0,,,0,1428,1428,0,1428
Ratnagiri,,,"Chiplun Assembly Constituency
PART I
Name of the Assembly Segment",265,,26,5,626,0,631,0,,,0,1242,1242,0,1242
Ratnagiri,,,"Chiplun Assembly Constituency
PART I
Name of the Assembly Segment",265,,27,8,797,0,805,0,,,0,1578,1578,0,1578
Ratnagiri,,,"Chiplun Assembly Constituency
PART I
Name of the Assembly Segment",265,,28,13,980,0,993,0,,,0,1934,1934,0,1934
Ratnagiri,,,"Chiplun Assembly Constituency
PART I
Name of the Assembly Segment",265,,29,7,811,0,818,0,,,0,1608,1608,0,1608
Ratnagiri,,,"Chiplun Assembly Constituency
PART I
Name of the Assembly Segment",265,,30,5,797,0,802,0,,,0,1584,1584,0,1584
Ratnagiri,,,"Chiplun Assembly Constituency
PART I
Name of the Assembly Segment",265,,31,8,326,0,334,0,,,0,636,636,0,636
Ratnagiri,,,"Chiplun Assembly Constituency
PART I
Name of the Assembly Segment",265,,32,2,688,1,690,0,,,0,1372,1372,0,1372
Ratnagiri,,,"Chiplun Assembly Constituency
PART I
Name of the Assembly Segment",265,,33,3,753,0,756,0,,,0,1500,1500,0,1500
Ratnagiri,,,"Chiplun Assembly Constituency
PART I
Name of the Assembly Segment",265,,34,4,615,1,619,0,,,0,1222,1222,0,1222
Ratnagiri,,,"Chiplun Assembly Constituency
PART I
Name of the Assembly Segment",265,,35,6,641,0,647,0,,,0,1270,1270,0,1270
Ratnagiri,,,"Chiplun Assembly Constituency
PART I
Name of the Assembly Segment",265,,36,4,743,0,747,0,,,0,1478,1478,0,1478
Ratnagiri,,,"Chiplun Assembly Constituency
PART I
Name of the Assembly Segment",265,,37,1,756,0,757,0,,,0,1510,1510,0,1510
Ratnagiri,,,"Chiplun Assembly Constituency
PART I
Name of the Assembly Segment",265,,38,3,669,0,672,0,,,0,1332,1332,0,1332
Ratnagiri,,,"Chiplun Assembly Constituency
PART I
Name of the Assembly Segment",265,,39,2,622,0,624,0,,,0,1240,1240,0,1240
Ratnagiri,,,"Chiplun Assembly Constituency
PART I
Name of the Assembly Segment",265,,40,4,699,0,703,0,,,0,1390,1390,0,1390
Ratnagiri,,,"Chiplun Assembly Constituency
PART I
Name of the Assembly Segment",265,,41,7,662,0,669,0,,,0,1310,1310,0,1310
Ratnagiri,,,"Chiplun Assembly Constituency
PART I
Name of the Assembly Segment",265,,42,3,641,0,644,0,,,0,1276,1276,0,1276
Ratnagiri,,,"Chiplun Assembly Constituency
PART I
Name of the Assembly Segment",265,,43,4,524,0,528,0,,,0,1040,1040,0,1040
Ratnagiri,,,"Chiplun Assembly Constituency
PART I
Name of the Assembly Segment",265,,44,8,764,0,772,0,,,0,1512,1512,0,1512
Ratnagiri,,,"Chiplun Assembly Constituency
PART I
Name of the Assembly Segment",265,,45,3,473,0,476,0,,,0,940,940,0,940
Ratnagiri,,,"Chiplun Assembly Constituency
PART I
Name of the Assembly Segment",265,,46,5,771,0,776,0,,,0,1532,1532,0,1532
Ratnagiri,,,"Chiplun Assembly Constituency
PART I
Name of the Assembly Segment",265,,47,9,659,0,668,0,,,0,1300,1300,0,1300
Ratnagiri,,,"Chiplun Assembly Constituency
PART I
Name of the Assembly Segment",265,,48,9,756,0,765,0,,,0,1494,1494,0,1494
Ratnagiri,,,"Chiplun Assembly Constituency
PART I
Name of the Assembly Segment",265,,49,13,768,0,781,0,,,0,1510,1510,0,1510
Ratnagiri,,,"Chiplun Assembly Constituency
PART I
Name of the Assembly Segment",265,,50,3,655,0,658,0,,,0,1304,1304,0,1304
Ratnagiri,,,"Chiplun Assembly Constituency
PART I
Name of the Assembly Segment",265,,51,1,455,0,456,0,,,0,908,908,0,908
Ratnagiri,,,"Chiplun Assembly Constituency
PART I
Name of the Assembly Segment",265,,52,10,742,0,752,0,,,0,1464,1464,0,1464
Ratnagiri,,,"Chiplun Assembly Constituency
PART I
Name of the Assembly Segment",265,,53,9,739,0,748,0,,,0,1460,1460,0,1460
Ratnagiri,,,"Chiplun Assembly Constituency
PART I
Name of the Assembly Segment",265,,54,5,689,0,694,0,,,0,1368,1368,0,1368
Ratnagiri,,,"Chiplun Assembly Constituency
PART I
Name of the Assembly Segment",265,,55,4,790,0,794,0,,,0,1572,1572,0,1572
Ratnagiri,,,"Chiplun Assembly Constituency
PART I
Name of the Assembly Segment",265,,56,5,719,0,724,0,,,0,1428,1428,0,1428
Ratnagiri,,,"Chiplun Assembly Constituency
PART I
Name of the Assembly Segment",265,,57,4,769,0,773,0,,,0,1530,1530,0,1530
Ratnagiri,,,"Chiplun Assembly Constituency
PART I
Name of the Assembly Segment",265,,58,7,914,0,921,0,,,0,1814,1814,0,1814
Ratnagiri,,,"Chiplun Assembly Constituency
PART I
Name of the Assembly Segment",265,,59,16,889,0,905,0,,,0,1746,1746,0,1746
Ratnagiri,,,"Chiplun Assembly Constituency
PART I
Name of the Assembly Segment",265,,60,6,739,0,745,0,,,0,1466,1466,0,1466
Ratnagiri,,,"Chiplun Assembly Constituency
PART I
Name of the Assembly Segment",265,,61,4,745,0,749,0,,,0,1482,1482,0,1482
Ratnagiri,,,"Chiplun Assembly Constituency
PART I
Name of the Assembly Segment",265,,62,9,685,0,694,0,,,0,1352,1352,0,1352
Ratnagiri,,,"Chiplun Assembly Constituency
PART I
Name of the Assembly Segment",265,,63,2,612,0,614,0,,,0,1220,1220,0,1220
Ratnagiri,,,"Chiplun Assembly Constituency
PART I
Name of the Assembly Segment",265,,64,5,649,0,654,0,,,0,1288,1288,0,1288
Ratnagiri,,,"Chiplun Assembly Constituency
PART I
Name of the Assembly Segment",265,,65,9,715,0,724,0,,,0,1412,1412,0,1412
Ratnagiri,,,"Chiplun Assembly Constituency
PART I
Name of the Assembly Segment",265,,66,7,507,0,514,0,,,0,1000,1000,0,1000
Ratnagiri,,,"Chiplun Assembly Constituency
PART I
Name of the Assembly Segment",265,,67,7,565,0,572,0,,,0,1116,1116,0,1116
Ratnagiri,,,"Chiplun Assembly Constituency
PART I
Name of the Assembly Segment",265,,68,5,620,0,625,0,,,0,1230,1230,0,1230
Ratnagiri,,,"Chiplun Assembly Constituency
PART I
Name of the Assembly Segment",265,,69,1,465,0,466,0,,,0,928,928,0,928
Ratnagiri,,,"Chiplun Assembly Constituency
PART I
Name of the Assembly Segment",265,,70,4,325,0,329,0,,,0,642,642,0,642
Ratnagiri,,,"Chiplun Assembly Constituency
PART I
Name of the Assembly Segment",265,,71,3,423,0,426,0,,,0,840,840,0,840
Ratnagiri,,,"Chiplun Assembly Constituency
PART I
Name of the Assembly Segment",265,,72,1,375,0,376,0,,,0,748,748,0,748
Ratnagiri,,,"Chiplun Assembly Constituency
PART I
Name of the Assembly Segment",265,,73,1,481,0,482,0,,,0,960,960,0,960
Ratnagiri,,,"Chiplun Assembly Constituency
PART I
Name of the Assembly Segment",265,,74,7,644,0,651,0,,,0,1274,1274,0,1274
Ratnagiri,,,"Chiplun Assembly Constituency
PART I
Name of the Assembly Segment",265,,75,15,775,0,790,0,,,0,1520,1520,0,1520
Ratnagiri,,,"Chiplun Assembly Constituency
PART I
Name of the Assembly Segment",265,,76,0,538,0,538,0,,,0,1076,1076,0,1076
Ratnagiri,,,"Chiplun Assembly Constituency
PART I
Name of the Assembly Segment",265,,77,4,456,0,460,0,,,0,904,904,0,904
Ratnagiri,,,"Chiplun Assembly Constituency
PART I
Name of the Assembly Segment",265,,78,14,765,0,779,0,,,0,1502,1502,0,1502
Ratnagiri,,,"Chiplun Assembly Constituency
PART I
Name of the Assembly Segment",265,,79,8,803,0,811,0,,,0,1590,1590,0,1590
Ratnagiri,,,"Chiplun Assembly Constituency
PART I
Name of the Assembly Segment",265,,80,12,932,0,944,0,,,0,1840,1840,0,1840
Ratnagiri,,,"Chiplun Assembly Constituency
PART I
Name of the Assembly Segment",265,,81,9,765,0,774,0,,,0,1512,1512,0,1512
Ratnagiri,,,"Chiplun Assembly Constituency
PART I
Name of the Assembly Segment",265,,82,10,979,0,989,0,,,0,1938,1938,0,1938
Ratnagiri,,,"Chiplun Assembly Constituency
PART I
Name of the Assembly Segment",265,,83,8,762,1,770,0,,,0,1508,1508,0,1508
Ratnagiri,,,"Chiplun Assembly Constituency
PART I
Name of the Assembly Segment",265,,84,1,499,0,500,0,,,0,996,996,0,996
Ratnagiri,,,"Chiplun Assembly Constituency
PART I
Name of the Assembly Segment",265,,85,1,604,0,605,0,,,0,1206,1206,0,1206
Ratnagiri,,,"Chiplun Assembly Constituency
PART I
Name of the Assembly Segment",265,,86,7,666,0,673,0,,,0,1318,1318,0,1318
Ratnagiri,,,"Chiplun Assembly Constituency
PART I
Name of the Assembly Segment",265,,87,4,625,0,629,0,,,0,1242,1242,0,1242
Ratnagiri,,,"Chiplun Assembly Constituency
PART I
Name of the Assembly Segment",265,,88,7,793,0,800,0,,,0,1572,1572,0,1572
Ratnagiri,,,"Chiplun Assembly Constituency
PART I
Name of the Assembly Segment",265,,89,6,726,0,732,0,,,0,1440,1440,0,1440
Ratnagiri,,,"Chiplun Assembly Constituency
PART I
Name of the Assembly Segment",265,,90,10,716,1,726,0,,,0,1412,1412,0,1412
Ratnagiri,,,"Chiplun Assembly Constituency
PART I
Name of the Assembly Segment",265,,91,15,846,0,861,0,,,0,1662,1662,0,1662
Ratnagiri,,,"Chiplun Assembly Constituency
PART I
Name of the Assembly Segment",265,,92,7,902,0,909,0,,,0,1790,1790,0,1790
Ratnagiri,,,"Chiplun Assembly Constituency
PART I
Name of the Assembly Segment",265,,93,15,768,0,783,0,,,0,1506,1506,0,1506
Ratnagiri,,,"Chiplun Assembly Constituency
PART I
Name of the Assembly Segment",265,,94,6,760,0,766,0,,,0,1508,1508,0,1508
Ratnagiri,,,"Chiplun Assembly Constituency
PART I
Name of the Assembly Segment",265,,95,15,575,0,590,0,,,0,1120,1120,0,1120
Ratnagiri,,,"Chiplun Assembly Constituency
PART I
Name of the Assembly Segment",265,,96,12,849,0,861,0,,,0,1674,1674,0,1674
Ratnagiri,,,"Chiplun Assembly Constituency
PART I
Name of the Assembly Segment",265,,97,1,209,0,210,0,,,0,416,416,0,416
Ratnagiri,,,"Chiplun Assembly Constituency
PART I
Name of the Assembly Segment",265,,98,0,511,0,511,0,,,0,1022,1022,0,1022
Ratnagiri,,,"Chiplun Assembly Constituency
PART I
Name of the Assembly Segment",265,,99,9,346,0,355,0,,,0,674,674,0,674
Ratnagiri,,,"Chiplun Assembly Constituency
PART I
Name of the Assembly Segment",265,,100,5,718,0,723,0,,,0,1426,1426,0,1426
Ratnagiri,,,"Chiplun Assembly Constituency
PART I
Name of the Assembly Segment",265,,101,13,915,0,928,0,,,0,1804,1804,0,1804
Ratnagiri,,,"Chiplun Assembly Constituency
PART I
Name of the Assembly Segment",265,,102,6,657,0,663,0,,,0,1302,1302,0,1302
Ratnagiri,,,"Chiplun Assembly Constituency
PART I
Name of the Assembly Segment",265,,103,13,1126,0,1139,0,,,0,2226,2226,0,2226
Ratnagiri,,,"Chiplun Assembly Constituency
PART I
Name of the Assembly Segment",265,,104,9,696,0,705,0,,,0,1374,1374,0,1374
Ratnagiri,,,"Chiplun Assembly Constituency
PART I
Name of the Assembly Segment",265,,105,4,450,0,454,0,,,0,892,892,0,892
Ratnagiri,,,"Chiplun Assembly Constituency
PART I
Name of the Assembly Segment",265,,106,5,361,0,366,0,,,0,712,712,0,712
Ratnagiri,,,"Chiplun Assembly Constituency
PART I
Name of the Assembly Segment",265,,107,12,598,0,610,0,,,0,1172,1172,0,1172
Ratnagiri,,,"Chiplun Assembly Constituency
PART I
Name of the Assembly Segment",265,,108,0,730,0,730,0,,,0,1460,1460,0,1460
Ratnagiri,,,"Chiplun Assembly Constituency
PART I
Name of the Assembly Segment",265,,109,8,722,0,730,0,,,0,1428,1428,0,1428
Ratnagiri,,,"Chiplun Assembly Constituency
PART I
Name of the Assembly Segment",265,,110,2,174,0,176,0,,,0,344,344,0,344
Ratnagiri,,,"Chiplun Assembly Constituency
PART I
Name of the Assembly Segment",265,,111,5,434,0,439,0,,,0,858,858,0,858
Ratnagiri,,,"Chiplun Assembly Constituency
PART I
Name of the Assembly Segment",265,,112,13,843,0,856,0,,,0,1660,1660,0,1660
Ratnagiri,,,"Chiplun Assembly Constituency
PART I
Name of the Assembly Segment",265,,113,4,264,0,268,0,,,0,520,520,0,520
Ratnagiri,,,"Chiplun Assembly Constituency
PART I
Name of the Assembly Segment",265,,114,4,401,0,405,0,,,0,794,794,0,794
Ratnagiri,,,"Chiplun Assembly Constituency
PART I
Name of the Assembly Segment",265,,115,9,609,0,618,0,,,0,1200,1200,0,1200
Ratnagiri,,,"Chiplun Assembly Constituency
PART I
Name of the Assembly Segment",265,,116,13,795,0,808,0,,,0,1564,1564,0,1564
Ratnagiri,,,"Chiplun Assembly Constituency
PART I
Name of the Assembly Segment",265,,117,14,757,0,771,0,,,0,1486,1486,0,1486
Ratnagiri,,,"Chiplun Assembly Constituency
PART I
Name of the Assembly Segment",265,,118,6,764,0,770,0,,,0,1516,1516,0,1516
Ratnagiri,,,"Chiplun Assembly Constituency
PART I
Name of the Assembly Segment",265,,119,15,709,0,724,0,,,0,1388,1388,0,1388
Ratnagiri,,,"Chiplun Assembly Constituency
PART I
Name of the Assembly Segment",265,,120,4,602,0,606,0,,,0,1196,1196,0,1196
Ratnagiri,,,"Chiplun Assembly Constituency
PART I
Name of the Assembly Segment",265,,121,5,750,0,755,0,,,0,1490,1490,0,1490
Ratnagiri,,,"Chiplun Assembly Constituency
PART I
Name of the Assembly Segment",265,,122,4,612,0,616,0,,,0,1216,1216,0,1216
Ratnagiri,,,"Chiplun Assembly Constituency
PART I
Name of the Assembly Segment",265,,123,2,250,0,252,0,,,0,496,496,0,496
Ratnagiri,,,"Chiplun Assembly Constituency
PART I
Name of the Assembly Segment",265,,124,3,222,0,225,0,,,0,438,438,0,438
Ratnagiri,,,"Chiplun Assembly Constituency
PART I
Name of the Assembly Segment",265,,125,7,1191,0,1198,0,,,0,2368,2368,0,2368
Ratnagiri,,,"Chiplun Assembly Constituency
PART I
Name of the Assembly Segment",265,,126,13,596,0,609,0,,,0,1166,1166,0,1166
Ratnagiri,,,"Chiplun Assembly Constituency
PART I
Name of the Assembly Segment",265,,127,10,925,0,935,0,,,0,1830,1830,0,1830
Ratnagiri,,,"Chiplun Assembly Constituency
PART I
Name of the Assembly Segment",265,,128,16,958,0,974,0,,,0,1884,1884,0,1884
Ratnagiri,,,"Chiplun Assembly Constituency
PART I
Name of the Assembly Segment",265,,129,13,638,0,651,0,,,0,1250,1250,0,1250
Ratnagiri,,,"Chiplun Assembly Constituency
PART I
Name of the Assembly Segment",265,,130,3,753,0,756,0,,,0,1500,1500,0,1500
Ratnagiri,,,"Chiplun Assembly Constituency
PART I
Name of the Assembly Segment",265,,131,12,939,0,951,0,,,0,1854,1854,0,1854
Ratnagiri,,,"Chiplun Assembly Constituency
PART I
Name of the Assembly Segment",265,,132,2,873,0,875,0,,,0,1742,1742,0,1742
Ratnagiri,,,"Chiplun Assembly Constituency
PART I
Name of the Assembly Segment",265,,133,2,401,0,403,0,,,0,798,798,0,798
Ratnagiri,,,"Chiplun Assembly Constituency
PART I
Name of the Assembly Segment",265,,134,12,480,0,492,0,,,0,936,936,0,936
Ratnagiri,,,"Chiplun Assembly Constituency
PART I
Name of the Assembly Segment",265,,135,8,420,0,428,0,,,0,824,824,0,824
Ratnagiri,,,"Chiplun Assembly Constituency
PART I
Name of the Assembly Segment",265,,136,19,554,0,573,0,,,0,1070,1070,0,1070
Ratnagiri,,,"Chiplun Assembly Constituency
PART I
Name of the Assembly Segment",265,,137,8,542,0,550,0,,,0,1068,1068,0,1068
Ratnagiri,,,"Chiplun Assembly Constituency
PART I
Name of the Assembly Segment",265,,138,13,866,0,879,0,,,0,1706,1706,0,1706
Ratnagiri,,,"Chiplun Assembly Constituency
PART I
Name of the Assembly Segment",265,,139,17,581,0,598,0,,,0,1128,1128,0,1128
Ratnagiri,,,"Chiplun Assembly Constituency
PART I
Name of the Assembly Segment",265,,140,9,433,0,442,0,,,0,848,848,0,848
Ratnagiri,,,"Chiplun Assembly Constituency
PART I
Name of the Assembly Segment",265,,141,4,751,0,755,0,,,0,1494,1494,0,1494
Ratnagiri,,,"Chiplun Assembly Constituency
PART I
Name of the Assembly Segment",265,,142,5,442,0,447,0,,,0,874,874,0,874
Ratnagiri,,,"Chiplun Assembly Constituency
PART I
Name of the Assembly Segment",265,,143,7,714,0,721,0,,,0,1414,1414,0,1414
Ratnagiri,,,"Chiplun Assembly Constituency
PART I
Name of the Assembly Segment",265,,144,15,592,0,607,0,,,0,1154,1154,0,1154
Ratnagiri,,,"Chiplun Assembly Constituency
PART I
Name of the Assembly Segment",265,,145,5,341,0,346,0,,,0,672,672,0,672
Ratnagiri,,,"Chiplun Assembly Constituency
PART I
Name of the Assembly Segment",265,,146,12,388,0,400,0,,,0,752,752,0,752
Ratnagiri,,,"Chiplun Assembly Constituency
PART I
Name of the Assembly Segment",265,,147,8,572,0,580,0,,,0,1128,1128,0,1128
Ratnagiri,,,"Chiplun Assembly Constituency
PART I
Name of the Assembly Segment",265,,148,13,586,0,599,0,,,0,1146,1146,0,1146
Ratnagiri,,,"Chiplun Assembly Constituency
PART I
Name of the Assembly Segment",265,,149,14,1017,0,1031,0,,,0,2006,2006,0,2006
Ratnagiri,,,"Chiplun Assembly Constituency
PART I
Name of the Assembly Segment",265,,150,5,598,0,603,0,,,0,1186,1186,0,1186
Ratnagiri,,,"Chiplun Assembly Constituency
PART I
Name of the Assembly Segment",265,,151,10,534,0,544,0,,,0,1048,1048,0,1048
Ratnagiri,,,"Chiplun Assembly Constituency
PART I
Name of the Assembly Segment",265,,152,2,564,0,566,0,,,0,1124,1124,0,1124
Ratnagiri,,,"Chiplun Assembly Constituency
PART I
Name of the Assembly Segment",265,,153,9,559,0,568,0,,,0,1100,1100,0,1100
Ratnagiri,,,"Chiplun Assembly Constituency
PART I
Name of the Assembly Segment",265,,154,11,427,0,438,0,,,0,832,832,0,832
Ratnagiri,,,"Chiplun Assembly Constituency
PART I
Name of the Assembly Segment",265,,155,10,515,0,525,0,,,0,1010,1010,0,1010
Ratnagiri,,,"Chiplun Assembly Constituency
PART I
Name of the Assembly Segment",265,,156,21,787,0,808,0,,,0,1532,1532,0,1532
Ratnagiri,,,"Chiplun Assembly Constituency
PART I
Name of the Assembly Segment",265,,157,11,625,0,636,0,,,0,1228,1228,0,1228
Ratnagiri,,,"Chiplun Assembly Constituency
PART I
Name of the Assembly Segment",265,,158,6,354,0,360,0,,,0,696,696,0,696
Ratnagiri,,,"Chiplun Assembly Constituency
PART I
Name of the Assembly Segment",265,,159,4,490,0,494,0,,,0,972,972,0,972
Ratnagiri,,,"Chiplun Assembly Constituency
PART I
Name of the Assembly Segment",265,,160,6,599,0,605,0,,,0,1186,1186,0,1186
Ratnagiri,,,"Chiplun Assembly Constituency
PART I
Name of the Assembly Segment",265,,161,3,414,0,417,0,,,0,822,822,0,822
Ratnagiri,,,"Chiplun Assembly Constituency
PART I
Name of the Assembly Segment",265,,162,0,311,0,311,0,,,0,622,622,0,622
Ratnagiri,,,"Chiplun Assembly Constituency
PART I
Name of the Assembly Segment",265,,163,4,507,0,511,0,,,0,1006,1006,0,1006
Ratnagiri,,,"Chiplun Assembly Constituency
PART I
Name of the Assembly Segment",265,,164,5,671,0,676,0,,,0,1332,1332,0,1332
Ratnagiri,,,"Chiplun Assembly Constituency
PART I
Name of the Assembly Segment",265,,165,5,608,0,613,0,,,0,1206,1206,0,1206
Ratnagiri,,,"Chiplun Assembly Constituency
PART I
Name of the Assembly Segment",265,,166,7,638,0,645,0,,,0,1262,1262,0,1262
Ratnagiri,,,"Chiplun Assembly Constituency
PART I
Name of the Assembly Segment",265,,167,10,624,0,634,0,,,0,1228,1228,0,1228
Ratnagiri,,,"Chiplun Assembly Constituency
PART I
Name of the Assembly Segment",265,,168,16,650,0,666,0,,,0,1268,1268,0,1268
Ratnagiri,,,"Chiplun Assembly Constituency
PART I
Name of the Assembly Segment",265,,169,4,511,0,515,0,,,0,1014,1014,0,1014
Ratnagiri,,,"Chiplun Assembly Constituency
PART I
Name of the Assembly Segment",265,,170,9,659,0,668,0,,,0,1300,1300,0,1300
Ratnagiri,,,"Chiplun Assembly Constituency
PART I
Name of the Assembly Segment",265,,171,7,423,0,430,0,,,0,832,832,0,832
Ratnagiri,,,"Chiplun Assembly Constituency
PART I
Name of the Assembly Segment",265,,172,4,429,0,433,0,,,0,850,850,0,850
Ratnagiri,,,"Chiplun Assembly Constituency
PART I
Name of the Assembly Segment",265,,173,7,643,0,650,0,,,0,1272,1272,0,1272
Ratnagiri,,,"Chiplun Assembly Constituency
PART I
Name of the Assembly Segment",265,,174,4,694,0,698,0,,,0,1380,1380,0,1380
Ratnagiri,,,"Chiplun Assembly Constituency
PART I
Name of the Assembly Segment",265,,175,17,885,0,902,0,,,0,1736,1736,0,1736
Ratnagiri,,,"Chiplun Assembly Constituency
PART I
Name of the Assembly Segment",265,,176,17,610,0,627,0,,,0,1186,1186,0,1186
Ratnagiri,,,"Chiplun Assembly Constituency
PART I
Name of the Assembly Segment",265,,177,9,521,0,530,0,,,0,1024,1024,0,1024
Ratnagiri,,,"Chiplun Assembly Constituency
PART I
Name of the Assembly Segment",265,,178,5,337,0,342,0,,,0,664,664,0,664
Ratnagiri,,,"Chiplun Assembly Constituency
PART I
Name of the Assembly Segment",265,,179,5,442,0,447,0,,,0,874,874,0,874
Ratnagiri,,,"Chiplun Assembly Constituency
PART I
Name of the Assembly Segment",265,,180,14,523,0,537,0,,,0,1018,1018,0,1018
Ratnagiri,,,"Chiplun Assembly Constituency
PART I
Name of the Assembly Segment",265,,181,11,472,0,483,0,,,0,922,922,0,922
Ratnagiri,,,"Chiplun Assembly Constituency
PART I
Name of the Assembly Segment",265,,182,2,102,0,104,0,,,0,200,200,0,200
Ratnagiri,,,"Chiplun Assembly Constituency
PART I
Name of the Assembly Segment",265,,183,4,187,0,191,0,,,0,366,366,0,366
Ratnagiri,,,"Chiplun Assembly Constituency
PART I
Name of the Assembly Segment",265,,184,9,318,0,327,0,,,0,618,618,0,618
Ratnagiri,,,"Chiplun Assembly Constituency
PART I
Name of the Assembly Segment",265,,185,11,364,0,375,0,,,0,706,706,0,706
Ratnagiri,,,"Chiplun Assembly Constituency
PART I
Name of the Assembly Segment",265,,186,6,427,0,433,0,,,0,842,842,0,842
Ratnagiri,,,"Chiplun Assembly Constituency
PART I
Name of the Assembly Segment",265,,187,10,529,0,539,0,,,0,1038,1038,0,1038
Ratnagiri,,,"Chiplun Assembly Constituency
PART I
Name of the Assembly Segment",265,,188,10,712,0,722,0,,,0,1404,1404,0,1404
Ratnagiri,,,"Chiplun Assembly Constituency
PART I
Name of the Assembly Segment",265,,189,16,782,0,798,0,,,0,1532,1532,0,1532
Ratnagiri,,,"Chiplun Assembly Constituency
PART I
Name of the Assembly Segment",265,,190,4,315,0,319,0,,,0,622,622,0,622
Ratnagiri,,,"Chiplun Assembly Constituency
PART I
Name of the Assembly Segment",265,,191,13,748,0,761,0,,,0,1470,1470,0,1470
Ratnagiri,,,"Chiplun Assembly Constituency
PART I
Name of the Assembly Segment",265,,192,12,561,0,573,0,,,0,1098,1098,0,1098
Ratnagiri,,,"Chiplun Assembly Constituency
PART I
Name of the Assembly Segment",265,,193,0,222,0,222,0,,,0,444,444,0,444
Ratnagiri,,,"Chiplun Assembly Constituency
PART I
Name of the Assembly Segment",265,,194,2,546,0,548,0,,,0,1088,1088,0,1088
Ratnagiri,,,"Chiplun Assembly Constituency
PART I
Name of the Assembly Segment",265,,195,2,496,0,498,0,,,0,988,988,0,988
Ratnagiri,,,"Chiplun Assembly Constituency
PART I
Name of the Assembly Segment",265,,196,15,750,0,765,0,,,0,1470,1470,0,1470
Ratnagiri,,,"Chiplun Assembly Constituency
PART I
Name of the Assembly Segment",265,,197,1,826,0,827,0,,,0,1650,1650,0,1650
Ratnagiri,,,"Chiplun Assembly Constituency
PART I
Name of the Assembly Segment",265,,198,15,764,0,779,0,,,0,1498,1498,0,1498
Ratnagiri,,,"Chiplun Assembly Constituency
PART I
Name of the Assembly Segment",265,,199,1,480,0,481,0,,,0,958,958,0,958
Ratnagiri,,,"Chiplun Assembly Constituency
PART I
Name of the Assembly Segment",265,,200,7,475,0,482,0,,,0,936,936,0,936
Ratnagiri,,,"Chiplun Assembly Constituency
PART I
Name of the Assembly Segment",265,,201,14,358,0,372,0,,,0,688,688,0,688
Ratnagiri,,,"Chiplun Assembly Constituency
PART I
Name of the Assembly Segment",265,,202,2,143,0,145,0,,,0,282,282,0,282
Ratnagiri,,,"Chiplun Assembly Constituency
PART I
Name of the Assembly Segment",265,,203,8,722,0,730,0,,,0,1428,1428,0,1428
Ratnagiri,,,"Chiplun Assembly Constituency
PART I
Name of the Assembly Segment",265,,204,9,525,0,534,0,,,0,1032,1032,0,1032
Ratnagiri,,,"Chiplun Assembly Constituency
PART I
Name of the Assembly Segment",265,,205,1,458,0,459,0,,,0,914,914,0,914
Ratnagiri,,,"Chiplun Assembly Constituency
PART I
Name of the Assembly Segment",265,,206,7,653,0,660,0,,,0,1292,1292,0,1292
Ratnagiri,,,"Chiplun Assembly Constituency
PART I
Name of the Assembly Segment",265,,207,2,541,0,543,0,,,0,1078,1078,0,1078
Ratnagiri,,,"Chiplun Assembly Constituency
PART I
Name of the Assembly Segment",265,,208,7,478,0,485,0,,,0,942,942,0,942
Ratnagiri,,,"Chiplun Assembly Constituency
PART I
Name of the Assembly Segment",265,,209,5,354,0,359,0,,,0,698,698,0,698
Ratnagiri,,,"Chiplun Assembly Constituency
PART I
Name of the Assembly Segment",265,,210,6,556,0,562,0,,,0,1100,1100,0,1100
Ratnagiri,,,"Chiplun Assembly Constituency
PART I
Name of the Assembly Segment",265,,211,5,663,0,668,0,,,0,1316,1316,0,1316
Ratnagiri,,,"Chiplun Assembly Constituency
PART I
Name of the Assembly Segment",265,,212,8,640,0,648,0,,,0,1264,1264,0,1264
Ratnagiri,,,"Chiplun Assembly Constituency
PART I
Name of the Assembly Segment",265,,213,5,558,0,563,0,,,0,1106,1106,0,1106
Ratnagiri,,,"Chiplun Assembly Constituency
PART I
Name of the Assembly Segment",265,,214,12,734,0,746,0,,,0,1444,1444,0,1444
Ratnagiri,,,"Chiplun Assembly Constituency
PART I
Name of the Assembly Segment",265,,215,5,648,0,653,0,,,0,1286,1286,0,1286
Ratnagiri,,,"Chiplun Assembly Constituency
PART I
Name of the Assembly Segment",265,,216,4,466,0,470,0,,,0,924,924,0,924
Ratnagiri,,,"Chiplun Assembly Constituency
PART I
Name of the Assembly Segment",265,,217,14,600,0,614,0,,,0,1172,1172,0,1172
Ratnagiri,,,"Chiplun Assembly Constituency
PART I
Name of the Assembly Segment",265,,218,2,149,0,151,0,,,0,294,294,0,294
Ratnagiri,,,"Chiplun Assembly Constituency
PART I
Name of the Assembly Segment",265,,219,4,484,0,488,0,,,0,960,960,0,960
Ratnagiri,,,"Chiplun Assembly Constituency
PART I
Name of the Assembly Segment",265,,220,3,393,0,396,0,,,0,780,780,0,780
Ratnagiri,,,"Chiplun Assembly Constituency
PART I
Name of the Assembly Segment",265,,221,8,524,0,532,0,,,0,1032,1032,0,1032
Ratnagiri,,,"Chiplun Assembly Constituency
PART I
Name of the Assembly Segment",265,,222,5,412,0,417,0,,,0,814,814,0,814
Ratnagiri,,,"Chiplun Assembly Constituency
PART I
Name of the Assembly Segment",265,,223,5,377,0,382,0,,,0,744,744,0,744
Ratnagiri,,,"Chiplun Assembly Constituency
PART I
Name of the Assembly Segment",265,,224,0,330,0,330,0,,,0,660,660,0,660
Ratnagiri,,,"Chiplun Assembly Constituency
PART I
Name of the Assembly Segment",265,,225,7,739,0,746,0,,,0,1464,1464,0,1464
Ratnagiri,,,"Chiplun Assembly Constituency
PART I
Name of the Assembly Segment",265,,226,10,419,0,429,0,,,0,818,818,0,818
Ratnagiri,,,"Chiplun Assembly Constituency
PART I
Name of the Assembly Segment",265,,227,4,426,0,430,0,,,0,844,844,0,844
Ratnagiri,,,"Chiplun Assembly Constituency
PART I
Name of the Assembly Segment",265,,228,16,798,0,814,0,,,0,1564,1564,0,1564
Ratnagiri,,,"Chiplun Assembly Constituency
PART I
Name of the Assembly Segment",265,,229,2,228,0,230,0,,,0,452,452,0,452
Ratnagiri,,,"Chiplun Assembly Constituency
PART I
Name of the Assembly Segment",265,,230,12,384,0,396,0,,,0,744,744,0,744
Ratnagiri,,,"Chiplun Assembly Constituency
PART I
Name of the Assembly Segment",265,,231,17,493,0,510,0,,,0,952,952,0,952
Ratnagiri,,,"Chiplun Assembly Constituency
PART I
Name of the Assembly Segment",265,,232,2,223,0,225,0,,,0,442,442,0,442
Ratnagiri,,,"Chiplun Assembly Constituency
PART I
Name of the Assembly Segment",265,,233,9,506,0,515,0,,,0,994,994,0,994
Ratnagiri,,,"Chiplun Assembly Constituency
PART I
Name of the Assembly Segment",265,,234,5,482,0,487,0,,,0,954,954,0,954
Ratnagiri,,,"Chiplun Assembly Constituency
PART I
Name of the Assembly Segment",265,,235,10,301,0,311,0,,,0,582,582,0,582
Ratnagiri,,,"Chiplun Assembly Constituency
PART I
Name of the Assembly Segment",265,,236,6,425,0,431,0,,,0,838,838,0,838
Ratnagiri,,,"Chiplun Assembly Constituency
PART I
Name of the Assembly Segment",265,,237,5,322,0,327,0,,,0,634,634,0,634
Ratnagiri,,,"Chiplun Assembly Constituency
PART I
Name of the Assembly Segment",265,,238,1,165,0,166,0,,,0,328,328,0,328
Ratnagiri,,,"Chiplun Assembly Constituency
PART I
Name of the Assembly Segment",265,,239,2,251,0,253,0,,,0,498,498,0,498
Ratnagiri,,,"Chiplun Assembly Constituency
PART I
Name of the Assembly Segment",265,,240,14,576,0,590,0,,,0,1124,1124,0,1124
Ratnagiri,,,"Chiplun Assembly Constituency
PART I
Name of the Assembly Segment",265,,241,5,458,0,463,0,,,0,906,906,0,906
Ratnagiri,,,"Chiplun Assembly Constituency
PART I
Name of the Assembly Segment",265,,242,1,420,0,421,0,,,0,838,838,0,838
Ratnagiri,,,"Chiplun Assembly Constituency
PART I
Name of the Assembly Segment",265,,243,6,532,0,538,0,,,0,1052,1052,0,1052
Ratnagiri,,,"Chiplun Assembly Constituency
PART I
Name of the Assembly Segment",265,,244,14,570,0,584,0,,,0,1112,1112,0,1112
Ratnagiri,,,"Chiplun Assembly Constituency
PART I
Name of the Assembly Segment",265,,245,9,499,0,508,0,,,0,980,980,0,980
Ratnagiri,,,"Chiplun Assembly Constituency
PART I
Name of the Assembly Segment",265,,246,4,316,0,320,0,,,0,624,624,0,624
Ratnagiri,,,"Chiplun Assembly Constituency
PART I
Name of the Assembly Segment",265,,247,2,267,0,269,0,,,0,530,530,0,530
Ratnagiri,,,"Chiplun Assembly Constituency
PART I
Name of the Assembly Segment",265,,248,2,250,0,252,0,,,0,496,496,0,496
Ratnagiri,,,"Chiplun Assembly Constituency
PART I
Name of the Assembly Segment",265,,249,11,412,0,423,0,,,0,802,802,0,802
Ratnagiri,,,"Chiplun Assembly Constituency
PART I
Name of the Assembly Segment",265,,250,2,300,0,302,0,,,0,596,596,0,596
Ratnagiri,,,"Chiplun Assembly Constituency
PART I
Name of the Assembly Segment",265,,251,6,303,0,309,0,,,0,594,594,0,594
Ratnagiri,,,"Chiplun Assembly Constituency
PART I
Name of the Assembly Segment",265,,252,9,515,0,524,0,,,0,1012,1012,0,1012
Ratnagiri,,,"Chiplun Assembly Constituency
PART I
Name of the Assembly Segment",265,,253,6,396,0,402,0,,,0,780,780,0,780
Ratnagiri,,,"Chiplun Assembly Constituency
PART I
Name of the Assembly Segment",265,,254,4,595,0,599,0,,,0,1182,1182,0,1182
Ratnagiri,,,"Chiplun Assembly Constituency
PART I
Name of the Assembly Segment",265,,255,11,696,0,707,0,,,0,1370,1370,0,1370
Ratnagiri,,,"Chiplun Assembly Constituency
PART I
Name of the Assembly Segment",265,,256,6,368,0,374,0,,,0,724,724,0,724
Ratnagiri,,,"Chiplun Assembly Constituency
PART I
Name of the Assembly Segment",265,,257,7,290,0,297,0,,,0,566,566,0,566
Ratnagiri,,,"Chiplun Assembly Constituency
PART I
Name of the Assembly Segment",265,,258,6,519,0,525,0,,,0,1026,1026,0,1026
Ratnagiri,,,"Chiplun Assembly Constituency
PART I
Name of the Assembly Segment",265,,259,1,304,0,305,0,,,0,606,606,0,606
Ratnagiri,,,"Chiplun Assembly Constituency
PART I
Name of the Assembly Segment",265,,260,3,508,0,511,0,,,0,1010,1010,0,1010
Ratnagiri,,,"Chiplun Assembly Constituency
PART I
Name of the Assembly Segment",265,,261,3,274,0,277,0,,,0,542,542,0,542
Ratnagiri,,,"Chiplun Assembly Constituency
PART I
Name of the Assembly Segment",265,,262,7,506,0,513,0,,,0,998,998,0,998
Ratnagiri,,,"Chiplun Assembly Constituency
PART I
Name of the Assembly Segment",265,,263,9,589,0,598,0,,,0,1160,1160,0,1160
Ratnagiri,,,"Chiplun Assembly Constituency
PART I
Name of the Assembly Segment",265,,264,6,428,0,434,0,,,0,844,844,0,844
Ratnagiri,,,"Chiplun Assembly Constituency
PART I
Name of the Assembly Segment",265,,265,0,206,0,206,0,,,0,412,412,0,412
Ratnagiri,,,"Chiplun Assembly Constituency
PART I
Name of the Assembly Segment",265,,266,5,304,0,309,0,,,0,598,598,0,598
Ratnagiri,,,"Chiplun Assembly Constituency
PART I
Name of the Assembly Segment",265,,267,4,566,0,570,0,,,0,1124,1124,0,1124
Ratnagiri,,,"Chiplun Assembly Constituency
PART I
Name of the Assembly Segment",265,,268,4,443,0,447,0,,,0,878,878,0,878
Ratnagiri,,,"Chiplun Assembly Constituency
PART I
Name of the Assembly Segment",265,,269,14,988,0,1002,0,,,0,1948,1948,0,1948
Ratnagiri,,,"Chiplun Assembly Constituency
PART I
Name of the Assembly Segment",265,,270,7,498,0,505,0,,,0,982,982,0,982
Ratnagiri,,,"Chiplun Assembly Constituency
PART I
Name of the Assembly Segment",265,,271,12,911,0,923,0,,,0,1798,1798,0,1798
Ratnagiri,,,"Chiplun Assembly Constituency
PART I
Name of the Assembly Segment",265,,272,4,428,0,432,0,,,0,848,848,0,848
Ratnagiri,,,"Chiplun Assembly Constituency
PART I
Name of the Assembly Segment",265,,273,16,637,0,653,0,,,0,1242,1242,0,1242
Ratnagiri,,,"Chiplun Assembly Constituency
PART I
Name of the Assembly Segment",265,,274,13,652,0,665,0,,,0,1278,1278,0,1278
Ratnagiri,,,"Chiplun Assembly Constituency
PART I
Name of the Assembly Segment",265,,275,5,340,0,345,0,,,0,670,670,0,670
Ratnagiri,,,"Chiplun Assembly Constituency
PART I
Name of the Assembly Segment",265,,276,8,642,0,650,0,,,0,1268,1268,0,1268
Ratnagiri,,,"Chiplun Assembly Constituency
PART I
Name of the Assembly Segment",265,,277,8,383,0,391,0,,,0,750,750,0,750
Ratnagiri,,,"Chiplun Assembly Constituency
PART I
Name of the Assembly Segment",265,,278,6,486,0,492,0,,,0,960,960,0,960
Ratnagiri,,,"Chiplun Assembly Constituency
PART I
Name of the Assembly Segment",265,,279,5,584,0,589,0,,,0,1158,1158,0,1158
Ratnagiri,,,"Chiplun Assembly Constituency
PART I
Name of the Assembly Segment",265,,280,3,222,0,225,0,,,0,438,438,0,438
Ratnagiri,,,"Chiplun Assembly Constituency
PART I
Name of the Assembly Segment",265,,281,8,681,1,689,0,,,0,1346,1346,0,1346
Ratnagiri,,,"Chiplun Assembly Constituency
PART I
Name of the Assembly Segment",265,,282,12,702,0,714,0,,,0,1380,1380,0,1380
Ratnagiri,,,"Chiplun Assembly Constituency
PART I
Name of the Assembly Segment",265,,283,6,780,0,786,0,,,0,1548,1548,0,1548
Ratnagiri,,,"Chiplun Assembly Constituency
PART I
Name of the Assembly Segment",265,,284,7,556,0,563,0,,,0,1098,1098,0,1098
Ratnagiri,,,"Chiplun Assembly Constituency
PART I
Name of the Assembly Segment",265,,285,9,562,0,571,0,,,0,1106,1106,0,1106
Ratnagiri,,,"Chiplun Assembly Constituency
PART I
Name of the Assembly Segment",265,,286,11,843,0,854,0,,,0,1664,1664,0,1664
Ratnagiri,,,"Chiplun Assembly Constituency
PART I
Name of the Assembly Segment",265,,287,9,909,0,918,0,,,0,1800,1800,0,1800
Ratnagiri,,,"Chiplun Assembly Constituency
PART I
Name of the Assembly Segment",265,,288,6,570,0,576,0,,,0,1128,1128,0,1128
Ratnagiri,,,"Chiplun Assembly Constituency
PART I
Name of the Assembly Segment",265,,289,3,455,0,458,0,,,0,904,904,0,904
Ratnagiri,,,"Chiplun Assembly Constituency
PART I
Name of the Assembly Segment",265,,290,7,518,0,525,0,,,0,1022,1022,0,1022
Ratnagiri,,,"Chiplun Assembly Constituency
PART I
Name of the Assembly Segment",265,,291,0,709,0,709,0,,,0,1418,1418,0,1418
Ratnagiri,,,"Chiplun Assembly Constituency
PART I
Name of the Assembly Segment",265,,292,11,774,0,785,0,,,0,1526,1526,0,1526
Ratnagiri,,,"Chiplun Assembly Constituency
PART I
Name of the Assembly Segment",265,,293,20,736,0,756,0,,,0,1432,1432,0,1432
Ratnagiri,,,"Chiplun Assembly Constituency
PART I
Name of the Assembly Segment",265,,294,6,918,0,924,0,,,0,1824,1824,0,1824
Ratnagiri,,,"Chiplun Assembly Constituency
PART I
Name of the Assembly Segment",265,,295,4,428,0,432,0,,,0,848,848,0,848
Ratnagiri,,,"Chiplun Assembly Constituency
PART I
Name of the Assembly Segment",265,,296,8,330,0,338,0,,,0,644,644,0,644
Ratnagiri,,,"Chiplun Assembly Constituency
PART I
Name of the Assembly Segment",265,,297,5,500,0,505,0,,,0,990,990,0,990
Ratnagiri,,,"Chiplun Assembly Constituency
PART I
Name of the Assembly Segment",265,,298,7,537,0,544,0,,,0,1060,1060,0,1060
Ratnagiri,,,"Chiplun Assembly Constituency
PART I
Name of the Assembly Segment",265,,299,3,305,0,308,0,,,0,604,604,0,604
Ratnagiri,,,"Chiplun Assembly Constituency
PART I
Name of the Assembly Segment",265,,300,5,500,0,505,0,,,0,990,990,0,990
Ratnagiri,,,"Chiplun Assembly Constituency
PART I
Name of the Assembly Segment",265,,301,2,451,0,453,0,,,0,898,898,0,898
Ratnagiri,,,"Chiplun Assembly Constituency
PART I
Name of the Assembly Segment",265,,302,3,151,0,154,0,,,0,296,296,0,296
Ratnagiri,,,"Chiplun Assembly Constituency
PART I
Name of the Assembly Segment",265,,303,11,539,0,550,0,,,0,1056,1056,0,1056
Ratnagiri,,,"Chiplun Assembly Constituency
PART I
Name of the Assembly Segment",265,,304,4,314,0,318,0,,,0,620,620,0,620
Ratnagiri,,,"Chiplun Assembly Constituency
PART I
Name of the Assembly Segment",265,,305,2,203,0,205,0,,,0,402,402,0,402
Ratnagiri,,,"Chiplun Assembly Constituency
PART I
Name of the Assembly Segment",265,,306,5,505,0,510,0,,,0,1000,1000,0,1000
Ratnagiri,,,"Chiplun Assembly Constituency
PART I
Name of the Assembly Segment",265,,307,11,984,0,995,0,,,0,1946,1946,0,1946
Ratnagiri,,,"Chiplun Assembly Constituency
PART I
Name of the Assembly Segment",265,,308,9,717,0,726,0,,,0,1416,1416,0,1416
Ratnagiri,,,"Chiplun Assembly Constituency
PART I
Name of the Assembly Segment",265,,309,2,123,0,125,0,,,0,242,242,0,242
Ratnagiri,,,"Chiplun Assembly Constituency
PART I
Name of the Assembly Segment",265,,310,3,256,0,259,0,,,0,506,506,0,506
Ratnagiri,,,"Chiplun Assembly Constituency
PART I
Name of the Assembly Segment",265,,311,0,156,0,156,0,,,0,312,312,0,312
Ratnagiri,,,"Chiplun Assembly Constituency
PART I
Name of the Assembly Segment",265,,312,1,359,0,360,0,,,0,716,716,0,716
Ratnagiri,,,"Chiplun Assembly Constituency
PART I
Name of the Assembly Segment",265,,313,4,631,0,635,0,,,0,1254,1254,0,1254
Ratnagiri,,,"Chiplun Assembly Constituency
PART I
Name of the Assembly Segment",265,,314,4,541,0,545,0,,,0,1074,1074,0,1074
Ratnagiri,,,"Chiplun Assembly Constituency
PART I
Name of the Assembly Segment",265,,315,3,259,0,262,0,,,0,512,512,0,512
Ratnagiri,,,"Chiplun Assembly Constituency
PART I
Name of the Assembly Segment",265,,316,4,451,0,455,0,,,0,894,894,0,894
Ratnagiri,,,"Chiplun Assembly Constituency
PART I
Name of the Assembly Segment",265,,317,6,434,0,440,0,,,0,856,856,0,856
Ratnagiri,,,"Chiplun Assembly Constituency
PART I
Name of the Assembly Segment",265,,318,2,290,0,292,0,,,0,576,576,0,576
Ratnagiri,,,"Chiplun Assembly Constituency
PART I
Name of the Assembly Segment",265,,319,6,804,0,810,0,,,0,1596,1596,0,1596
Ratnagiri,,,"Chiplun Assembly Constituency
PART I
Name of the Assembly Segment",265,,320,3,359,0,362,0,,,0,712,712,0,712
Ratnagiri,,,"Chiplun Assembly Constituency
PART I
Name of the Assembly Segment",265,,321,16,704,0,720,0,,,0,1376,1376,0,1376
Ratnagiri,,,"Chiplun Assembly Constituency
PART I
Name of the Assembly Segment",265,,322,11,500,0,511,0,,,0,978,978,0,978
Ratnagiri,,,"Chiplun Assembly Constituency
PART I
Name of the Assembly Segment",265,,323,14,499,0,513,0,,,0,970,970,0,970
Ratnagiri,,,"Chiplun Assembly Constituency
PART I
Name of the Assembly Segment",265,,324,8,832,0,840,0,,,0,1648,1648,0,1648
Ratnagiri,,,"Chiplun Assembly Constituency
PART I
Name of the Assembly Segment",265,,325,3,380,0,383,0,,,0,754,754,0,754
Ratnagiri,,,"Chiplun Assembly Constituency
PART I
Name of the Assembly Segment",265,,326,1,515,0,516,0,,,0,1028,1028,0,1028
Ratnagiri,,,"Chiplun Assembly Constituency
PART I
Name of the Assembly Segment",265,,327,5,416,0,421,0,,,0,822,822,0,822
Ratnagiri,,,"Chiplun Assembly Constituency
PART I
Name of the Assembly Segment",265,,328,7,328,0,335,0,,,0,642,642,0,642
Ratnagiri,,,"Chiplun Assembly Constituency
PART I
Name of the Assembly Segment",265,,329,2,221,0,223,0,,,0,438,438,0,438
Ratnagiri,,,"Chiplun Assembly Constituency
PART I
Name of the Assembly Segment",265,,330,7,497,0,504,0,,,0,980,980,0,980
Ratnagiri,,,"Chiplun Assembly Constituency
PART I
Name of the Assembly Segment",265,,331,7,288,0,295,0,,,0,562,562,0,562
Ratnagiri,,,"Chiplun Assembly Constituency
PART I
Name of the Assembly Segment",265,,332,9,736,0,745,0,,,0,1454,1454,0,1454
Ratnagiri,,,"Chiplun Assembly Constituency
PART I
Name of the Assembly Segment",265,,333,3,829,0,832,0,,,0,1652,1652,0,1652
Ratnagiri,,,"Chiplun Assembly Constituency
PART I
Name of the Assembly Segment",265,,334,11,515,0,526,0,,,0,1008,1008,0,1008
Ratnagiri,,,"Chiplun Assembly Constituency
PART I
Name of the Assembly Segment",265,,335,7,541,0,548,0,,,0,1068,1068,0,1068
Ratnagiri,,,"Chiplun Assembly Constituency
PART I
Name of the Assembly Segment",265,,336,4,428,0,432,0,,,0,848,848,0,848
TOTAL,,,,,,,2305,190592,5,192897,0,,,0,376574,376574,0,376574
