District Name,District No,Jilha,Constituency Name,Constituency No,Total No. of Electors,Serial Poll,Total No. Valid Votes,No. of Rejected Votes,NOTA,Total,No. of Tendered Votes,Elected Person Name,Party Name of Elected Person,No. of Valid Votes Cast in Favour of Elected Person,Other Candidate Votes,Total EVM Votes,Total Postal ballot votes,Total Votes Polled
Beed,,,Beed,230,,2,0,0,0,0,0,IVAGNASALUF,,2,441,443,0,443
Beed,,,Beed,230,,3,0,0,0,0,0,IVAGNASALUF,,3,326,329,0,329
Beed,,,Beed,230,,44,0,0,0,0,11,IVAGNASALUF,,44,336754,336798,11,336809
Beed,,,Beed,230,,5,0,1,0,1,1,IVAGNASALUF,,5,379,384,1,385
Beed,,,Beed,230,,6,2,2,0,4,1,IVAGNASALUF,,6,626,632,1,633
Beed,,,Beed,230,,7,0,2,0,2,1,IVAGNASALUF,,7,471,478,1,479
Beed,,,Beed,230,,8,0,0,0,0,0,IVAGNASALUF,,8,476,484,0,484
Beed,,,Beed,230,,9,0,1,0,1,1,IVAGNASALUF,,9,606,615,1,616
Beed,,,Beed,230,,10,1,0,0,1,1,IVAGNASALUF,,10,148,158,1,159
Beed,,,Beed,230,,11,0,0,0,0,0,IVAGNASALUF,,11,246,257,0,257
Beed,,,Beed,230,,12,0,0,0,0,0,IVAGNASALUF,,12,453,465,0,465
Beed,,,Beed,230,,13,1,2,0,3,1,IVAGNASALUF,,13,632,645,1,646
Beed,,,Beed,230,,14,0,0,0,0,1,IVAGNASALUF,,14,411,425,1,426
Beed,,,Beed,230,,15,2,7,0,9,2,IVAGNASALUF,,15,598,613,2,615
Beed,,,Beed,230,,1166,11,44,0,55,22,IVAGNASALUF,,1166,553872,555038,22,555060
Beed,,,Beed,230,,17,0,2,0,2,2,IVAGNASALUF,,17,547,564,2,566
Beed,,,Beed,230,,18,0,1,0,1,0,IVAGNASALUF,,18,511,529,0,529
Beed,,,Beed,230,,19,0,1,0,1,0,IVAGNASALUF,,19,206,225,0,225
Beed,,,Beed,230,,20,0,7,0,7,0,IVAGNASALUF,,20,364,384,0,384
Beed,,,Beed,230,,21,0,1,0,1,0,IVAGNASALUF,,21,149,170,0,170
Beed,,,Beed,230,,22,0,4,0,4,0,IVAGNASALUF,,22,343,365,0,365
Beed,,,Beed,230,,23,0,1,0,1,0,IVAGNASALUF,,23,387,410,0,410
Beed,,,Beed,230,,24,0,2,0,2,1,IVAGNASALUF,,24,436,460,1,461
Beed,,,Beed,230,,25,2,2,0,4,3,IVAGNASALUF,,25,369,394,3,397
Beed,,,Beed,230,,26,0,1,0,1,0,IVAGNASALUF,,26,399,425,0,425
Beed,,,Beed,230,,27,0,1,0,1,2,IVAGNASALUF,,27,451,478,2,480
Beed,,,Beed,230,,28,1,2,0,3,2,IVAGNASALUF,,28,406,434,2,436
Beed,,,Beed,230,,29,0,0,0,0,1,IVAGNASALUF,,29,398,427,1,428
Beed,,,Beed,230,,30,0,0,0,0,0,IVAGNASALUF,,30,448,478,0,478
Beed,,,Beed,230,,32,1,1,0,2,2,IVAGNASALUF,,32,774,806,2,808
Beed,,,Beed,230,,33,0,0,0,0,0,IVAGNASALUF,,33,641,674,0,674
Beed,,,Beed,230,,34,0,0,0,0,0,IVAGNASALUF,,34,560,594,0,594
Beed,,,Beed,230,,35,0,0,0,0,0,IVAGNASALUF,,35,489,524,0,524
Beed,,,Beed,230,,36,0,0,0,0,0,IVAGNASALUF,,36,341,377,0,377
Beed,,,Beed,230,,37,0,2,0,2,0,IVAGNASALUF,,37,646,683,0,683
Beed,,,Beed,230,,38,0,1,0,1,0,IVAGNASALUF,,38,711,749,0,749
Beed,,,Beed,230,,39,0,1,0,1,0,IVAGNASALUF,,39,693,732,0,732
Beed,,,Beed,230,,4400,0,11,0,11,0,IVAGNASALUF,,4400,553509,557909,0,557909
Beed,,,Beed,230,,41,1,0,0,1,0,IVAGNASALUF,,41,677,718,0,718
Beed,,,Beed,230,,42,0,0,0,0,0,IVAGNASALUF,,42,328,370,0,370
Beed,,,Beed,230,,43,0,1,0,1,1,IVAGNASALUF,,43,578,621,1,622
Beed,,,Beed,230,,44,0,1,0,1,2,IVAGNASALUF,,44,552,596,2,598
Beed,,,Beed,230,,45,3,1,0,4,2,IVAGNASALUF,,45,485,530,2,532
Beed,,,Beed,230,,46,0,4,0,4,0,IVAGNASALUF,,46,440,486,0,486
Beed,,,Beed,230,,47,0,1,0,1,0,IVAGNASALUF,,47,521,568,0,568
Beed,,,Beed,230,,48,0,0,0,0,0,IVAGNASALUF,,48,504,552,0,552
Beed,,,Beed,230,,49,1,4,0,5,0,IVAGNASALUF,,49,403,452,0,452
Beed,,,Beed,230,,50,0,1,0,1,0,IVAGNASALUF,,50,279,329,0,329
Beed,,,Beed,230,,51,0,0,0,0,2,IVAGNASALUF,,51,797,848,2,850
Beed,,,Beed,230,,5522,0,0,0,0,11,IVAGNASALUF,,5522,561121,566643,11,566654
Beed,,,Beed,230,,53,0,0,0,0,0,IVAGNASALUF,,53,603,656,0,656
Beed,,,Beed,230,,54,0,1,0,1,2,IVAGNASALUF,,54,528,582,2,584
Beed,,,Beed,230,,55,0,0,0,0,2,IVAGNASALUF,,55,643,698,2,700
Beed,,,Beed,230,,56,0,2,0,2,0,IVAGNASALUF,,56,616,672,0,672
Beed,,,Beed,230,,57,0,0,0,0,1,IVAGNASALUF,,57,682,739,1,740
Beed,,,Beed,230,,58,0,1,0,1,0,IVAGNASALUF,,58,607,665,0,665
Beed,,,Beed,230,,59,1,0,0,1,0,IVAGNASALUF,,59,564,623,0,623
Beed,,,Beed,230,,60,0,0,0,0,2,IVAGNASALUF,,60,446,506,2,508
Beed,,,Beed,230,,61,0,1,0,1,1,IVAGNASALUF,,61,480,541,1,542
Beed,,,Beed,230,,62,0,2,0,2,1,IVAGNASALUF,,62,416,478,1,479
Beed,,,Beed,230,,63,0,0,0,0,1,IVAGNASALUF,,63,405,468,1,469
Beed,,,Beed,230,,6644,0,0,0,0,0,IVAGNASALUF,,6644,345697,352341,0,352341
Beed,,,Beed,230,,65,0,2,0,2,3,IVAGNASALUF,,65,632,697,3,700
Beed,,,Beed,230,,66,0,0,0,0,0,IVAGNASALUF,,66,543,609,0,609
Beed,,,Beed,230,,68,1,0,0,1,4,IVAGNASALUF,,68,583,651,4,655
Beed,,,Beed,230,,69,0,0,0,0,0,IVAGNASALUF,,69,766,835,0,835
Beed,,,Beed,230,,70,0,1,0,1,0,IVAGNASALUF,,70,516,586,0,586
Beed,,,Beed,230,,71,0,0,0,0,0,IVAGNASALUF,,71,519,590,0,590
Beed,,,Beed,230,,72,0,3,0,3,0,IVAGNASALUF,,72,530,602,0,602
Beed,,,Beed,230,,73,1,1,0,2,0,IVAGNASALUF,,73,443,516,0,516
Beed,,,Beed,230,,74,0,1,0,1,0,IVAGNASALUF,,74,439,513,0,513
Beed,,,Beed,230,,75,1,0,0,1,0,IVAGNASALUF,,75,523,598,0,598
Beed,,,Beed,230,,7766,0,11,0,11,0,IVAGNASALUF,,7766,342419,350185,0,350185
Beed,,,Beed,230,,77,0,0,0,0,0,IVAGNASALUF,,77,590,667,0,667
Beed,,,Beed,230,,78,1,0,0,1,0,IVAGNASALUF,,78,530,608,0,608
Beed,,,Beed,230,,79,0,1,0,1,1,IVAGNASALUF,,79,591,670,1,671
Beed,,,Beed,230,,80,1,2,0,3,1,IVAGNASALUF,,80,530,610,1,611
Beed,,,Beed,230,,81,2,0,0,2,1,IVAGNASALUF,,81,490,571,1,572
Beed,,,Beed,230,,82,0,1,0,1,0,IVAGNASALUF,,82,547,629,0,629
Beed,,,Beed,230,,83,0,1,0,1,0,IVAGNASALUF,,83,544,627,0,627
Beed,,,Beed,230,,84,0,0,0,0,0,IVAGNASALUF,,84,454,538,0,538
Beed,,,Beed,230,,85,3,0,0,3,0,IVAGNASALUF,,85,386,471,0,471
Beed,,,Beed,230,,86,0,0,0,0,1,IVAGNASALUF,,86,605,691,1,692
Beed,,,Beed,230,,87,0,0,0,0,0,IVAGNASALUF,,87,565,652,0,652
Beed,,,Beed,230,,8888,0,0,0,0,11,IVAGNASALUF,,8888,663674,672562,11,672573
Beed,,,Beed,230,,89,0,2,0,2,0,IVAGNASALUF,,89,508,597,0,597
Beed,,,Beed,230,,90,0,1,0,1,0,IVAGNASALUF,,90,576,666,0,666
Beed,,,Beed,230,,91,0,0,0,0,1,IVAGNASALUF,,91,539,630,1,631
Beed,,,Beed,230,,92,0,1,0,1,2,IVAGNASALUF,,92,583,675,2,677
Beed,,,Beed,230,,93,0,0,0,0,0,IVAGNASALUF,,93,500,593,0,593
Beed,,,Beed,230,,94,0,1,0,1,0,IVAGNASALUF,,94,356,450,0,450
Beed,,,Beed,230,,95,0,0,0,0,0,IVAGNASALUF,,95,437,532,0,532
Beed,,,Beed,230,,96,0,0,0,0,1,IVAGNASALUF,,96,457,553,1,554
Beed,,,Beed,230,,97,0,0,0,0,1,IVAGNASALUF,,97,611,708,1,709
Beed,,,Beed,230,,98,0,1,0,1,0,IVAGNASALUF,,98,396,494,0,494
Beed,,,Beed,230,,99,0,0,0,0,0,IVAGNASALUF,,99,470,569,0,569
Beed,,,Beed,230,,110000,0,0,0,0,0,IVAGNASALUF,,110000,232199,342199,0,342199
Beed,,,Beed,230,,101,0,0,0,0,0,IVAGNASALUF,,101,286,387,0,387
Beed,,,Beed,230,,102,1,0,0,1,0,IVAGNASALUF,,102,338,440,0,440
Beed,,,Beed,230,,104,0,0,0,0,0,IVAGNASALUF,,104,539,643,0,643
Beed,,,Beed,230,,105,0,0,0,0,1,IVAGNASALUF,,105,357,462,1,463
Beed,,,Beed,230,,106,0,0,0,0,1,IVAGNASALUF,,106,517,623,1,624
Beed,,,Beed,230,,107,0,0,0,0,0,IVAGNASALUF,,107,538,645,0,645
Beed,,,Beed,230,,108,0,0,0,0,1,IVAGNASALUF,,108,635,743,1,744
Beed,,,Beed,230,,109,0,2,0,2,0,IVAGNASALUF,,109,454,563,0,563
Beed,,,Beed,230,,110,0,0,0,0,0,IVAGNASALUF,,110,559,669,0,669
Beed,,,Beed,230,,111,0,1,0,1,0,IVAGNASALUF,,111,619,730,0,730
Beed,,,Beed,230,,111122,0,0,0,0,11,IVAGNASALUF,,111122,560076,671198,11,671209
Beed,,,Beed,230,,113,0,2,0,2,0,IVAGNASALUF,,113,887,1000,0,1000
Beed,,,Beed,230,,114,0,1,0,1,0,IVAGNASALUF,,114,613,727,0,727
Beed,,,Beed,230,,115,0,0,0,0,0,IVAGNASALUF,,115,460,575,0,575
Beed,,,Beed,230,,116,0,0,0,0,0,IVAGNASALUF,,116,437,553,0,553
Beed,,,Beed,230,,117,1,2,0,3,0,IVAGNASALUF,,117,421,538,0,538
Beed,,,Beed,230,,118,0,0,0,0,1,IVAGNASALUF,,118,487,605,1,606
Beed,,,Beed,230,,119,0,1,0,1,0,IVAGNASALUF,,119,663,782,0,782
Beed,,,Beed,230,,120,0,0,0,0,0,IVAGNASALUF,,120,707,827,0,827
Beed,,,Beed,230,,121,0,1,0,1,0,IVAGNASALUF,,121,487,608,0,608
Beed,,,Beed,230,,122,0,2,0,2,1,IVAGNASALUF,,122,655,777,1,778
Beed,,,Beed,230,,123,0,1,0,1,4,IVAGNASALUF,,123,715,838,4,842
Beed,,,Beed,230,,112244,0,0,0,0,0,IVAGNASALUF,,112244,349866,462110,0,462110
Beed,,,Beed,230,,125,0,1,0,1,0,IVAGNASALUF,,125,350,475,0,475
Beed,,,Beed,230,,126,0,0,0,0,0,IVAGNASALUF,,126,474,600,0,600
Beed,,,Beed,230,,127,0,0,0,0,0,IVAGNASALUF,,127,634,761,0,761
Beed,,,Beed,230,,128,0,0,0,0,0,IVAGNASALUF,,128,531,659,0,659
Beed,,,Beed,230,,129,0,1,0,1,1,IVAGNASALUF,,129,610,739,1,740
Beed,,,Beed,230,,130,0,2,0,2,2,IVAGNASALUF,,130,586,716,2,718
Beed,,,Beed,230,,131,0,1,0,1,1,IVAGNASALUF,,131,592,723,1,724
Beed,,,Beed,230,,132,0,0,0,0,0,IVAGNASALUF,,132,654,786,0,786
Beed,,,Beed,230,,133,0,0,0,0,3,IVAGNASALUF,,133,640,773,3,776
Beed,,,Beed,230,,134,0,0,0,0,0,IVAGNASALUF,,134,595,729,0,729
Beed,,,Beed,230,,135,0,4,0,4,0,IVAGNASALUF,,135,661,796,0,796
Beed,,,Beed,230,,113366,11,0,0,11,22,IVAGNASALUF,,113366,452276,565642,22,565664
Beed,,,Beed,230,,137,2,0,0,2,4,IVAGNASALUF,,137,696,833,4,837
Beed,,,Beed,230,,138,1,0,0,1,0,IVAGNASALUF,,138,746,884,0,884
Beed,,,Beed,230,,140,0,1,0,1,0,IVAGNASALUF,,140,455,595,0,595
Beed,,,Beed,230,,141,0,0,0,0,3,IVAGNASALUF,,141,648,789,3,792
Beed,,,Beed,230,,142,0,0,0,0,1,IVAGNASALUF,,142,428,570,1,571
Beed,,,Beed,230,,143,0,0,0,0,0,IVAGNASALUF,,143,406,549,0,549
Beed,,,Beed,230,,144,0,1,0,1,0,IVAGNASALUF,,144,537,681,0,681
Beed,,,Beed,230,,145,0,0,0,0,1,IVAGNASALUF,,145,534,679,1,680
Beed,,,Beed,230,,146,0,2,0,2,1,IVAGNASALUF,,146,571,717,1,718
Beed,,,Beed,230,,147,0,0,0,0,5,IVAGNASALUF,,147,664,811,5,816
Beed,,,Beed,230,,114488,0,22,0,22,44,IVAGNASALUF,,114488,775676,890164,44,890208
Beed,,,Beed,230,,149,2,0,0,2,0,IVAGNASALUF,,149,574,723,0,723
Beed,,,Beed,230,,150,1,0,0,1,1,IVAGNASALUF,,150,673,823,1,824
Beed,,,Beed,230,,151,0,0,0,0,2,IVAGNASALUF,,151,786,937,2,939
Beed,,,Beed,230,,152,0,2,0,2,2,IVAGNASALUF,,152,674,826,2,828
Beed,,,Beed,230,,153,0,0,0,0,1,IVAGNASALUF,,153,679,832,1,833
Beed,,,Beed,230,,154,0,0,0,0,0,IVAGNASALUF,,154,756,910,0,910
Beed,,,Beed,230,,155,0,0,0,0,1,IVAGNASALUF,,155,538,693,1,694
Beed,,,Beed,230,,156,0,2,0,2,3,IVAGNASALUF,,156,773,929,3,932
Beed,,,Beed,230,,157,0,0,0,0,2,IVAGNASALUF,,157,772,929,2,931
Beed,,,Beed,230,,158,0,0,0,0,0,IVAGNASALUF,,158,600,758,0,758
Beed,,,Beed,230,,159,0,0,0,0,0,IVAGNASALUF,,159,425,584,0,584
Beed,,,Beed,230,,116600,0,0,0,0,22,IVAGNASALUF,,116600,663355,779955,22,779977
Beed,,,Beed,230,,161,0,1,0,1,0,IVAGNASALUF,,161,472,633,0,633
Beed,,,Beed,230,,162,0,0,0,0,2,IVAGNASALUF,,162,582,744,2,746
Beed,,,Beed,230,,163,0,0,0,0,1,IVAGNASALUF,,163,604,767,1,768
Beed,,,Beed,230,,164,0,0,0,0,1,IVAGNASALUF,,164,690,854,1,855
Beed,,,Beed,230,,165,2,1,0,3,2,IVAGNASALUF,,165,506,671,2,673
Beed,,,Beed,230,,166,1,0,0,1,1,IVAGNASALUF,,166,616,782,1,783
Beed,,,Beed,230,,167,1,0,0,1,3,IVAGNASALUF,,167,778,945,3,948
Beed,,,Beed,230,,168,0,0,0,0,1,IVAGNASALUF,,168,552,720,1,721
Beed,,,Beed,230,,169,0,3,0,3,1,IVAGNASALUF,,169,540,709,1,710
Beed,,,Beed,230,,170,0,4,0,4,2,IVAGNASALUF,,170,624,794,2,796
Beed,,,Beed,230,,171,0,2,0,2,3,IVAGNASALUF,,171,608,779,3,782
Beed,,,Beed,230,,117722,0,0,0,0,0,IVAGNASALUF,,117722,455499,573221,0,573221
Beed,,,Beed,230,,173,0,0,0,0,2,IVAGNASALUF,,173,859,1032,2,1034
Beed,,,Beed,230,,174,0,0,0,0,0,IVAGNASALUF,,174,380,554,0,554
Beed,,,Beed,230,,176,0,0,0,0,0,IVAGNASALUF,,176,650,826,0,826
Beed,,,Beed,230,,177,0,0,0,0,0,IVAGNASALUF,,177,484,661,0,661
Beed,,,Beed,230,,178,0,0,0,0,0,IVAGNASALUF,,178,406,584,0,584
Beed,,,Beed,230,,179,0,0,0,0,0,IVAGNASALUF,,179,676,855,0,855
Beed,,,Beed,230,,180,0,0,0,0,1,IVAGNASALUF,,180,472,652,1,653
Beed,,,Beed,230,,181,0,0,0,0,0,IVAGNASALUF,,181,634,815,0,815
Beed,,,Beed,230,,182,0,0,0,0,0,IVAGNASALUF,,182,667,849,0,849
Beed,,,Beed,230,,183,1,0,0,1,0,IVAGNASALUF,,183,711,894,0,894
Beed,,,Beed,230,,118844,0,0,0,0,0,IVAGNASALUF,,118844,450164,569008,0,569008
Beed,,,Beed,230,,185,0,1,0,1,0,IVAGNASALUF,,185,354,539,0,539
Beed,,,Beed,230,,186,0,1,0,1,0,IVAGNASALUF,,186,479,665,0,665
Beed,,,Beed,230,,187,0,1,0,1,0,IVAGNASALUF,,187,545,732,0,732
Beed,,,Beed,230,,188,0,1,0,1,0,IVAGNASALUF,,188,500,688,0,688
Beed,,,Beed,230,,189,0,0,0,0,0,IVAGNASALUF,,189,537,726,0,726
Beed,,,Beed,230,,190,0,0,0,0,0,IVAGNASALUF,,190,516,706,0,706
Beed,,,Beed,230,,191,1,0,0,1,2,IVAGNASALUF,,191,609,800,2,802
Beed,,,Beed,230,,192,0,0,0,0,1,IVAGNASALUF,,192,415,607,1,608
Beed,,,Beed,230,,193,1,1,0,2,1,IVAGNASALUF,,193,611,804,1,805
Beed,,,Beed,230,,194,0,0,0,0,0,IVAGNASALUF,,194,542,736,0,736
Beed,,,Beed,230,,195,1,1,0,2,0,IVAGNASALUF,,195,515,710,0,710
Beed,,,Beed,230,,119966,0,0,0,0,0,IVAGNASALUF,,119966,332431,452397,0,452397
Beed,,,Beed,230,,197,0,1,0,1,0,IVAGNASALUF,,197,340,537,0,537
Beed,,,Beed,230,,198,0,1,0,1,0,IVAGNASALUF,,198,448,646,0,646
Beed,,,Beed,230,,199,0,0,0,0,0,IVAGNASALUF,,199,518,717,0,717
Beed,,,Beed,230,,200,0,1,0,1,1,IVAGNASALUF,,200,493,693,1,694
Beed,,,Beed,230,,201,0,0,0,0,0,IVAGNASALUF,,201,426,627,0,627
Beed,,,Beed,230,,202,0,2,0,2,0,IVAGNASALUF,,202,517,719,0,719
Beed,,,Beed,230,,203,0,1,0,1,0,IVAGNASALUF,,203,546,749,0,749
Beed,,,Beed,230,,204,0,1,0,1,0,IVAGNASALUF,,204,573,777,0,777
Beed,,,Beed,230,,205,0,0,0,0,0,IVAGNASALUF,,205,460,665,0,665
Beed,,,Beed,230,,206,0,2,0,2,0,IVAGNASALUF,,206,293,499,0,499
Beed,,,Beed,230,,207,0,0,0,0,0,IVAGNASALUF,,207,205,412,0,412
Beed,,,Beed,230,,220088,0,11,0,11,0,IVAGNASALUF,,220088,345763,565851,0,565851
Beed,,,Beed,230,,209,0,0,0,0,0,IVAGNASALUF,,209,418,627,0,627
Beed,,,Beed,230,,210,1,0,0,1,1,IVAGNASALUF,,210,572,782,1,783
Beed,,,Beed,230,,212,0,0,0,0,0,IVAGNASALUF,,212,477,689,0,689
Beed,,,Beed,230,,213,0,0,0,0,2,IVAGNASALUF,,213,432,645,2,647
Beed,,,Beed,230,,214,0,0,0,0,0,IVAGNASALUF,,214,905,1119,0,1119
Beed,,,Beed,230,,215,2,2,0,4,0,IVAGNASALUF,,215,573,788,0,788
Beed,,,Beed,230,,216,0,2,0,2,0,IVAGNASALUF,,216,574,790,0,790
Beed,,,Beed,230,,217,0,2,0,2,1,IVAGNASALUF,,217,611,828,1,829
Beed,,,Beed,230,,218,0,0,0,0,0,IVAGNASALUF,,218,525,743,0,743
Beed,,,Beed,230,,219,0,2,0,2,1,IVAGNASALUF,,219,466,685,1,686
Beed,,,Beed,230,,222200,11,11,0,22,11,IVAGNASALUF,,222200,457886,680086,11,680097
Beed,,,Beed,230,,221,0,0,0,0,0,IVAGNASALUF,,221,561,782,0,782
Beed,,,Beed,230,,222,0,0,0,0,0,IVAGNASALUF,,222,407,629,0,629
Beed,,,Beed,230,,223,2,1,0,3,0,IVAGNASALUF,,223,663,886,0,886
Beed,,,Beed,230,,224,0,0,0,0,0,IVAGNASALUF,,224,187,411,0,411
Beed,,,Beed,230,,225,1,1,0,2,1,IVAGNASALUF,,225,543,768,1,769
Beed,,,Beed,230,,226,0,3,0,3,0,IVAGNASALUF,,226,700,926,0,926
Beed,,,Beed,230,,227,0,0,0,0,0,IVAGNASALUF,,227,474,701,0,701
Beed,,,Beed,230,,228,0,0,0,0,0,IVAGNASALUF,,228,413,641,0,641
Beed,,,Beed,230,,229,0,1,0,1,4,IVAGNASALUF,,229,408,637,4,641
Beed,,,Beed,230,,230,1,1,0,2,1,IVAGNASALUF,,230,494,724,1,725
Beed,,,Beed,230,,231,0,0,0,0,0,IVAGNASALUF,,231,332,563,0,563
Beed,,,Beed,230,,223322,0,0,0,0,11,IVAGNASALUF,,223322,349041,572363,11,572374
Beed,,,Beed,230,,233,0,1,0,1,0,IVAGNASALUF,,233,492,725,0,725
Beed,,,Beed,230,,234,1,1,0,2,1,IVAGNASALUF,,234,356,590,1,591
Beed,,,Beed,230,,235,0,0,0,0,0,IVAGNASALUF,,235,192,427,0,427
Beed,,,Beed,230,,236,0,0,0,0,0,IVAGNASALUF,,236,430,666,0,666
Beed,,,Beed,230,,237,0,3,0,3,1,IVAGNASALUF,,237,492,729,1,730
Beed,,,Beed,230,,238,0,5,0,5,5,IVAGNASALUF,,238,422,660,5,665
Beed,,,Beed,230,,239,2,5,0,7,1,IVAGNASALUF,,239,283,522,1,523
Beed,,,Beed,230,,240,0,1,0,1,0,IVAGNASALUF,,240,476,716,0,716
Beed,,,Beed,230,,241,0,0,0,0,0,IVAGNASALUF,,241,571,812,0,812
Beed,,,Beed,230,,242,1,0,0,1,1,IVAGNASALUF,,242,715,957,1,958
Beed,,,Beed,230,,243,0,0,0,0,1,IVAGNASALUF,,243,610,853,1,854
Beed,,,Beed,230,,224444,22,0,0,22,11,IVAGNASALUF,,224444,556886,781330,11,781341
Beed,,,Beed,230,,245,0,1,0,1,2,IVAGNASALUF,,245,308,553,2,555
Beed,,,Beed,230,,246,1,0,0,1,1,IVAGNASALUF,,246,642,888,1,889
Beed,,,Beed,230,,248,1,0,0,1,1,IVAGNASALUF,,248,633,881,1,882
Beed,,,Beed,230,,249,0,0,0,0,0,IVAGNASALUF,,249,391,640,0,640
Beed,,,Beed,230,,250,0,0,0,0,0,IVAGNASALUF,,250,493,743,0,743
Beed,,,Beed,230,,251,0,1,0,1,3,IVAGNASALUF,,251,377,628,3,631
Beed,,,Beed,230,,252,0,0,0,0,0,IVAGNASALUF,,252,763,1015,0,1015
Beed,,,Beed,230,,253,0,0,0,0,0,IVAGNASALUF,,253,316,569,0,569
Beed,,,Beed,230,,254,1,1,0,2,0,IVAGNASALUF,,254,323,577,0,577
Beed,,,Beed,230,,255,0,2,0,2,1,IVAGNASALUF,,255,428,683,1,684
Beed,,,Beed,230,,225566,0,22,0,22,0,IVAGNASALUF,,225566,234487,460053,0,460053
Beed,,,Beed,230,,257,0,0,0,0,1,IVAGNASALUF,,257,439,696,1,697
Beed,,,Beed,230,,258,0,0,0,0,6,IVAGNASALUF,,258,395,653,6,659
Beed,,,Beed,230,,259,0,0,0,0,1,IVAGNASALUF,,259,653,912,1,913
Beed,,,Beed,230,,260,1,0,0,1,4,IVAGNASALUF,,260,579,839,4,843
Beed,,,Beed,230,,261,0,1,0,1,0,IVAGNASALUF,,261,519,780,0,780
Beed,,,Beed,230,,262,0,1,0,1,0,IVAGNASALUF,,262,484,746,0,746
Beed,,,Beed,230,,263,0,2,0,2,2,IVAGNASALUF,,263,505,768,2,770
Beed,,,Beed,230,,264,1,4,0,5,3,IVAGNASALUF,,264,535,799,3,802
Beed,,,Beed,230,,265,5,6,0,11,4,IVAGNASALUF,,265,578,843,4,847
Beed,,,Beed,230,,266,0,3,0,3,2,IVAGNASALUF,,266,422,688,2,690
Beed,,,Beed,230,,267,0,0,0,0,3,IVAGNASALUF,,267,386,653,3,656
Beed,,,Beed,230,,226688,0,11,0,11,44,IVAGNASALUF,,226688,333553,560241,44,560285
Beed,,,Beed,230,,269,0,0,0,0,0,IVAGNASALUF,,269,491,760,0,760
Beed,,,Beed,230,,270,0,0,0,0,0,IVAGNASALUF,,270,618,888,0,888
Beed,,,Beed,230,,271,0,0,0,0,0,IVAGNASALUF,,271,557,828,0,828
Beed,,,Beed,230,,272,0,1,0,1,0,IVAGNASALUF,,272,668,940,0,940
Beed,,,Beed,230,,273,0,1,0,1,1,IVAGNASALUF,,273,534,807,1,808
Beed,,,Beed,230,,274,0,0,0,0,1,IVAGNASALUF,,274,579,853,1,854
Beed,,,Beed,230,,275,1,2,0,3,0,IVAGNASALUF,,275,437,712,0,712
Beed,,,Beed,230,,276,2,0,0,2,0,IVAGNASALUF,,276,561,837,0,837
Beed,,,Beed,230,,277,0,0,0,0,0,IVAGNASALUF,,277,527,804,0,804
Beed,,,Beed,230,,278,0,0,0,0,1,IVAGNASALUF,,278,659,937,1,938
Beed,,,Beed,230,,279,1,1,0,2,1,IVAGNASALUF,,279,502,781,1,782
Beed,,,Beed,230,,228800,0,22,0,22,0,IVAGNASALUF,,228800,680240,909040,0,909040
Beed,,,Beed,230,,281,0,0,0,0,0,IVAGNASALUF,,281,631,912,0,912
Beed,,,Beed,230,,282,0,0,0,0,0,IVAGNASALUF,,282,379,661,0,661
Beed,,,Beed,230,,284,0,0,0,0,0,IVAGNASALUF,,284,687,971,0,971
Beed,,,Beed,230,,285,0,0,0,0,0,IVAGNASALUF,,285,200,485,0,485
Beed,,,Beed,230,,286,0,1,0,1,1,IVAGNASALUF,,286,548,834,1,835
Beed,,,Beed,230,,287,0,0,0,0,1,IVAGNASALUF,,287,296,583,1,584
Beed,,,Beed,230,,288,0,3,0,3,0,IVAGNASALUF,,288,417,705,0,705
Beed,,,Beed,230,,289,0,2,0,2,1,IVAGNASALUF,,289,360,649,1,650
Beed,,,Beed,230,,290,0,0,0,0,1,IVAGNASALUF,,290,391,681,1,682
Beed,,,Beed,230,,291,1,1,0,2,0,IVAGNASALUF,,291,346,637,0,637
Beed,,,Beed,230,,229922,0,11,0,11,11,IVAGNASALUF,,229922,342496,572418,11,572429
Beed,,,Beed,230,,293,0,1,0,1,0,IVAGNASALUF,,293,798,1091,0,1091
Beed,,,Beed,230,,294,1,5,0,6,0,IVAGNASALUF,,294,481,775,0,775
Beed,,,Beed,230,,295,0,2,0,2,1,IVAGNASALUF,,295,749,1044,1,1045
Beed,,,Beed,230,,296,0,1,0,1,1,IVAGNASALUF,,296,306,602,1,603
Beed,,,Beed,230,,297,2,1,0,3,0,IVAGNASALUF,,297,710,1007,0,1007
Beed,,,Beed,230,,298,1,2,0,3,2,IVAGNASALUF,,298,730,1028,2,1030
Beed,,,Beed,230,,299,0,3,0,3,0,IVAGNASALUF,,299,661,960,0,960
Beed,,,Beed,230,,300,0,0,0,0,1,IVAGNASALUF,,300,354,654,1,655
Beed,,,Beed,230,,301,2,1,0,3,0,IVAGNASALUF,,301,167,468,0,468
Beed,,,Beed,230,,302,0,0,0,0,0,IVAGNASALUF,,302,276,578,0,578
Beed,,,Beed,230,,303,0,0,0,0,0,IVAGNASALUF,,303,426,729,0,729
Beed,,,Beed,230,,330044,0,0,0,0,11,IVAGNASALUF,,330044,224532,554576,11,554587
Beed,,,Beed,230,,305,3,1,0,4,3,IVAGNASALUF,,305,431,736,3,739
Beed,,,Beed,230,,306,0,1,0,1,2,IVAGNASALUF,,306,664,970,2,972
Beed,,,Beed,230,,307,0,2,0,2,0,IVAGNASALUF,,307,499,806,0,806
Beed,,,Beed,230,,308,2,6,0,8,1,IVAGNASALUF,,308,581,889,1,890
Beed,,,Beed,230,,309,0,3,0,3,0,IVAGNASALUF,,309,207,516,0,516
Beed,,,Beed,230,,310,0,1,0,1,0,IVAGNASALUF,,310,388,698,0,698
Beed,,,Beed,230,,311,0,1,0,1,0,IVAGNASALUF,,311,361,672,0,672
Beed,,,Beed,230,,312,0,1,0,1,5,IVAGNASALUF,,312,679,991,5,996
Beed,,,Beed,230,,313,0,3,0,3,6,IVAGNASALUF,,313,462,775,6,781
Beed,,,Beed,230,,314,1,3,0,4,2,IVAGNASALUF,,314,352,666,2,668
Beed,,,Beed,230,,315,1,1,0,2,1,IVAGNASALUF,,315,163,478,1,479
Beed,,,Beed,230,,331166,22,0,0,22,22,IVAGNASALUF,,331166,567127,898293,22,898315
Beed,,,Beed,230,,317,0,1,0,1,1,IVAGNASALUF,,317,488,805,1,806
Beed,,,Beed,230,,318,2,1,0,3,0,IVAGNASALUF,,318,442,760,0,760
Beed,,,Beed,230,,320,0,5,0,5,0,IVAGNASALUF,,320,467,787,0,787
Beed,,,Beed,230,,321,1,2,0,3,4,IVAGNASALUF,,321,382,703,4,707
Beed,,,Beed,230,,322,4,1,0,5,2,IVAGNASALUF,,322,670,992,2,994
Beed,,,Beed,230,,323,2,6,0,8,2,IVAGNASALUF,,323,670,993,2,995
Beed,,,Beed,230,,324,0,4,0,4,4,IVAGNASALUF,,324,535,859,4,863
Beed,,,Beed,230,,325,0,3,0,3,0,IVAGNASALUF,,325,679,1004,0,1004
Beed,,,Beed,230,,326,1,0,0,1,0,IVAGNASALUF,,326,638,964,0,964
Beed,,,Beed,230,,327,0,1,0,1,2,IVAGNASALUF,,327,826,1153,2,1155
Beed,,,Beed,230,,332288,0,22,0,22,0,IVAGNASALUF,,332288,561319,893607,0,893607
Beed,,,Beed,230,,329,1,0,0,1,2,IVAGNASALUF,,329,391,720,2,722
Beed,,,Beed,230,,330,0,5,0,5,0,IVAGNASALUF,,330,361,691,0,691
Beed,,,Beed,230,,331,0,3,0,3,2,IVAGNASALUF,,331,347,678,2,680
Beed,,,Beed,230,,332,2,2,0,4,3,IVAGNASALUF,,332,554,886,3,889
Beed,,,Beed,230,,333,1,1,0,2,1,IVAGNASALUF,,333,402,735,1,736
Beed,,,Beed,230,,334,0,1,0,1,1,IVAGNASALUF,,334,505,839,1,840
Beed,,,Beed,230,,335,0,0,0,0,0,IVAGNASALUF,,335,581,916,0,916
Beed,,,Beed,230,,336,0,1,0,1,0,IVAGNASALUF,,336,797,1133,0,1133
Beed,,,Beed,230,,337,2,3,0,5,5,IVAGNASALUF,,337,615,952,5,957
Beed,,,Beed,230,,338,1,2,0,3,2,IVAGNASALUF,,338,502,840,2,842
Beed,,,Beed,230,,339,0,1,0,1,1,IVAGNASALUF,,339,447,786,1,787
Beed,,,Beed,230,,334400,0,11,0,11,0,IVAGNASALUF,,334400,232331,566731,0,566731
Beed,,,Beed,230,,341,1,2,0,3,0,IVAGNASALUF,,341,359,700,0,700
Beed,,,Beed,230,,342,1,4,0,5,2,IVAGNASALUF,,342,501,843,2,845
Beed,,,Beed,230,,343,1,0,0,1,0,IVAGNASALUF,,343,264,607,0,607
Beed,,,Beed,230,,344,0,1,0,1,0,IVAGNASALUF,,344,518,862,0,862
Beed,,,Beed,230,,345,0,1,0,1,1,IVAGNASALUF,,345,719,1064,1,1065
Beed,,,Beed,230,,346,1,1,0,2,0,IVAGNASALUF,,346,522,868,0,868
Beed,,,Beed,230,,347,0,0,0,0,1,IVAGNASALUF,,347,465,812,1,813
Beed,,,Beed,230,,348,0,0,0,0,0,IVAGNASALUF,,348,462,810,0,810
Beed,,,Beed,230,,349,1,5,0,6,2,IVAGNASALUF,,349,639,988,2,990
Beed,,,Beed,230,,350,0,1,0,1,1,IVAGNASALUF,,350,320,670,1,671
Beed,,,Beed,230,,351,0,2,0,2,0,IVAGNASALUF,,351,104,455,0,455
Beed,,,Beed,230,,335522,0,22,0,22,0,IVAGNASALUF,,335522,233497,569019,0,569019
Beed,,,Beed,230,,353,1,1,0,2,1,IVAGNASALUF,,353,737,1090,1,1091
Beed,,,Beed,230,,354,2,1,0,3,0,IVAGNASALUF,,354,546,900,0,900
Beed,,,Beed,230,,356,1,1,0,2,0,IVAGNASALUF,,356,725,1081,0,1081
Beed,,,Beed,230,,357,0,8,0,8,0,IVAGNASALUF,,357,622,979,0,979
Beed,,,Beed,230,,358,1,2,0,3,0,IVAGNASALUF,,358,385,743,0,743
Beed,,,Beed,230,,359,1,1,0,2,1,IVAGNASALUF,,359,747,1106,1,1107
Beed,,,Beed,230,,360,1,2,0,3,0,IVAGNASALUF,,360,691,1051,0,1051
Beed,,,Beed,230,,361,0,0,0,0,0,IVAGNASALUF,,361,614,975,0,975
Beed,,,Beed,230,,362,0,1,0,1,0,IVAGNASALUF,,362,489,851,0,851
Beed,,,Beed,230,,363,1,2,0,3,1,IVAGNASALUF,,363,553,916,1,917
Beed,,,Beed,230,,336644,0,0,0,0,0,IVAGNASALUF,,336644,561308,897952,0,897952
Beed,,,Beed,230,,365,0,0,0,0,1,IVAGNASALUF,,365,488,853,1,854
Beed,,,Beed,230,,366,0,0,0,0,1,IVAGNASALUF,,366,326,692,1,693
Beed,,,Beed,230,,367,0,1,0,1,0,IVAGNASALUF,,367,434,801,0,801
Beed,,,Beed,230,,368,0,2,0,2,1,IVAGNASALUF,,368,607,975,1,976
Beed,,,Beed,230,,369,0,0,0,0,0,IVAGNASALUF,,369,412,781,0,781
Beed,,,Beed,230,,370,0,9,0,9,0,IVAGNASALUF,,370,747,1117,0,1117
Beed,,,Beed,230,,371,2,6,0,8,1,IVAGNASALUF,,371,477,848,1,849
Beed,,,Beed,230,,372,0,3,0,3,0,IVAGNASALUF,,372,415,787,0,787
Beed,,,Beed,230,,373,0,2,0,2,0,IVAGNASALUF,,373,463,836,0,836
Beed,,,Beed,230,,374,0,3,0,3,0,IVAGNASALUF,,374,249,623,0,623
Beed,,,Beed,230,,375,1,2,0,3,2,IVAGNASALUF,,375,624,999,2,1001
Beed,,,Beed,230,,337766,0,11,0,11,0,IVAGNASALUF,,337766,343453,681219,0,681219
Beed,,,Beed,230,,377,0,0,0,0,0,IVAGNASALUF,,377,646,1023,0,1023
Beed,,,Beed,230,,378,0,0,0,0,0,IVAGNASALUF,,378,604,982,0,982
Beed,,,Beed,230,,379,0,2,0,2,0,IVAGNASALUF,,379,572,951,0,951
Beed,,,Beed,230,,380,0,2,0,2,0,IVAGNASALUF,,380,629,1009,0,1009
Beed,,,Beed,230,,381,1,1,0,2,0,IVAGNASALUF,,381,594,975,0,975
Beed,,,Beed,230,,382,1,0,0,1,1,IVAGNASALUF,,382,557,939,1,940
Beed,,,Beed,230,,383,0,1,0,1,0,IVAGNASALUF,,383,686,1069,0,1069
Beed,,,Beed,230,,384,1,1,0,2,0,IVAGNASALUF,,384,601,985,0,985
Beed,,,Beed,230,,385,0,0,0,0,0,IVAGNASALUF,,385,345,730,0,730
Beed,,,Beed,230,,386,1,0,0,1,1,IVAGNASALUF,,386,406,792,1,793
Beed,,,Beed,230,,387,1,0,0,1,1,IVAGNASALUF,,387,590,977,1,978
Beed,,,Beed,230,,338888,0,0,0,0,0,IVAGNASALUF,,338888,449042,787930,0,787930
Beed,,,Beed,230,,389,2,2,0,4,0,IVAGNASALUF,,389,422,811,0,811
Beed,,,Beed,230,,390,1,1,0,2,1,IVAGNASALUF,,390,228,618,1,619
Beed,,,Beed,230,,392,0,0,0,0,2,IVAGNASALUF,,392,619,1011,2,1013
Beed,,,Beed,230,,393,0,2,0,2,0,IVAGNASALUF,,393,372,765,0,765
Beed,,,Beed,230,,394,0,1,0,1,3,IVAGNASALUF,,394,508,902,3,905
Beed,,,Beed,230,,395,1,0,0,1,2,IVAGNASALUF,,395,570,965,2,967
Beed,,,Beed,230,,396,0,8,0,8,1,IVAGNASALUF,,396,553,949,1,950
TOTAL,,,,,,,200,614,0,814,546,,,5616374,14283334,19899708,546,19900254
