District Name,District No,Jilha,Constituency Name,Constituency No,Total No. of Electors,Serial Poll,Total No. Valid Votes,No. of Rejected Votes,NOTA,Total,No. of Tendered Votes,Elected Person Name,Party Name of Elected Person,No. of Valid Votes Cast in Favour of Elected Person,Other Candidate Votes,Total EVM Votes,Total Postal ballot votes,Total Votes Polled
Akola,,,"Akola west Legislative Assembly Constituency
Total No",30,,1,659,4,663,663,0,,,0,347,347,0,347
Akola,,,"Akola west Legislative Assembly Constituency
Total No",30,,3,178,8,537,186,0,,,0,353,353,0,353
Akola,,,"Akola west Legislative Assembly Constituency
Total No",30,,400,1,8,594,9,0,,,0,103,103,0,103
Akola,,,"Akola west Legislative Assembly Constituency
Total No",30,,5,718,5,723,723,0,,,0,719,719,0,719
Akola,,,"Akola west Legislative Assembly Constituency
Total No",30,,6,174,7,751,181,0,,,0,566,566,0,566
Akola,,,"Akola west Legislative Assembly Constituency
Total No",30,,9,497,1,498,498,0,,,0,505,505,0,505
Akola,,,"Akola west Legislative Assembly Constituency
Total No",30,,10,615,2,81,617,0,,,0,811,811,0,811
Akola,,,"Akola west Legislative Assembly Constituency
Total No",30,,11,750,2,752,752,0,,,0,761,761,0,761
Akola,,,"Akola west Legislative Assembly Constituency
Total No",30,,12,13,1,726,14,0,,,0,724,724,0,724
Akola,,,"Akola west Legislative Assembly Constituency
Total No",30,,13,517,2,519,519,0,,,0,528,528,0,528
Akola,,,"Akola west Legislative Assembly Constituency
Total No",30,,1,7,3,5,10,0,,,0,604,604,0,604
Akola,,,"Akola west Legislative Assembly Constituency
Total No",30,,15,5,625,626,630,0,,,0,574,574,0,574
Akola,,,"Akola west Legislative Assembly Constituency
Total No",30,,16,761,1,762,762,0,,,0,747,747,0,747
Akola,,,"Akola west Legislative Assembly Constituency
Total No",30,,18,0,6,915,6,0,,,0,916,916,0,916
Akola,,,"Akola west Legislative Assembly Constituency
Total No",30,,19,7,2,835,9,0,,,0,845,845,0,845
Akola,,,"Akola west Legislative Assembly Constituency
Total No",30,,20,0,1,767,1,0,,,0,766,766,0,766
Akola,,,"Akola west Legislative Assembly Constituency
Total No",30,,21,12,6,764,18,0,,,0,767,767,0,767
Akola,,,"Akola west Legislative Assembly Constituency
Total No",30,,23,25,3,856,28,0,,,0,223,223,0,223
Akola,,,"Akola west Legislative Assembly Constituency
Total No",30,,25,1,7,881,8,0,,,0,12,12,0,12
Akola,,,"Akola west Legislative Assembly Constituency
Total No",30,,1,20,21,22,41,0,,,0,144,144,0,144
Akola,,,"Akola west Legislative Assembly Constituency
Total No",30,,26,696,3,1,699,0,,,0,717,717,0,717
Akola,,,"Akola west Legislative Assembly Constituency
Total No",30,,21,673,1,674,674,0,,,0,696,696,0,696
Akola,,,"Akola west Legislative Assembly Constituency
Total No",30,,82,1,3,671,4,0,,,0,579,579,0,579
Akola,,,"Akola west Legislative Assembly Constituency
Total No",30,,29,3,116,417,119,0,,,0,442,442,0,442
Akola,,,"Akola west Legislative Assembly Constituency
Total No",30,,30,2,546,546,548,0,,,0,573,573,0,573
Akola,,,"Akola west Legislative Assembly Constituency
Total No",30,,31,6,2,601,8,0,,,0,592,592,0,592
Akola,,,"Akola west Legislative Assembly Constituency
Total No",30,,32,3,805,809,808,0,,,0,18,18,0,18
Akola,,,"Akola west Legislative Assembly Constituency
Total No",30,,33,39,640,4,679,0,,,0,601,601,0,601
Akola,,,"Akola west Legislative Assembly Constituency
Total No",30,,34,3,0,667,3,0,,,0,570,570,0,570
Akola,,,"Akola west Legislative Assembly Constituency
Total No",30,,35,3,771,1,774,0,,,0,921,921,0,921
Akola,,,"Akola west Legislative Assembly Constituency
Total No",30,,36,779,3,782,782,0,,,0,435,435,0,435
Akola,,,"Akola west Legislative Assembly Constituency
Total No",30,,37,289,12,592,301,0,,,0,283,283,0,283
Akola,,,"Akola west Legislative Assembly Constituency
Total No",30,,38,26,735,739,761,0,,,0,746,746,0,746
Akola,,,"Akola west Legislative Assembly Constituency
Total No",30,,39,690,7,697,697,0,,,0,161,161,0,161
Akola,,,"Akola west Legislative Assembly Constituency
Total No",30,,10,500,5,505,505,0,,,0,536,536,0,536
Akola,,,"Akola west Legislative Assembly Constituency
Total No",30,,47,2,142,632,144,0,,,0,212,212,0,212
Akola,,,"Akola west Legislative Assembly Constituency
Total No",30,,42,713,7,720,720,0,,,0,591,591,0,591
Akola,,,"Akola west Legislative Assembly Constituency
Total No",30,,43,2,2,6,4,0,,,0,225,225,0,225
Akola,,,"Akola west Legislative Assembly Constituency
Total No",30,,44,603,3,606,606,0,,,0,135,135,0,135
Akola,,,"Akola west Legislative Assembly Constituency
Total No",30,,45,57,2,568,59,0,,,0,182,182,0,182
Akola,,,"Akola west Legislative Assembly Constituency
Total No",30,,46,610,2,612,612,0,,,0,602,602,0,602
Akola,,,"Akola west Legislative Assembly Constituency
Total No",30,,47,0,6,691,6,0,,,0,135,135,0,135
Akola,,,"Akola west Legislative Assembly Constituency
Total No",30,,48,513,5,518,518,0,,,0,543,543,0,543
Akola,,,"Akola west Legislative Assembly Constituency
Total No",30,,49,1,30,3,31,0,,,0,358,358,0,358
Akola,,,"Akola west Legislative Assembly Constituency
Total No",30,,50,83,5,545,88,0,,,0,222,222,0,222
Akola,,,"Akola west Legislative Assembly Constituency
Total No",30,,51,4,91,573,95,0,,,0,470,470,0,470
Akola,,,"Akola west Legislative Assembly Constituency
Total No",30,,5,675,1,676,676,0,,,0,727,727,0,727
Akola,,,"Akola west Legislative Assembly Constituency
Total No",30,,53,27,5,465,32,0,,,0,76,76,0,76
Akola,,,"Akola west Legislative Assembly Constituency
Total No",30,,54,794,3,797,797,0,,,0,847,847,0,847
Akola,,,"Akola west Legislative Assembly Constituency
Total No",30,,55,1,5,811,6,0,,,0,856,856,0,856
Akola,,,"Akola west Legislative Assembly Constituency
Total No",30,,56,602,3,805,605,0,,,0,737,737,0,737
Akola,,,"Akola west Legislative Assembly Constituency
Total No",30,,57,4,48,718,52,0,,,0,659,659,0,659
Akola,,,"Akola west Legislative Assembly Constituency
Total No",30,,58,0,1,747,1,0,,,0,589,589,0,589
Akola,,,"Akola west Legislative Assembly Constituency
Total No",30,,60,7,3,43,10,0,,,0,671,671,0,671
Akola,,,"Akola west Legislative Assembly Constituency
Total No",30,,1,19,20,22,39,0,,,0,117,117,0,117
Akola,,,"Akola west Legislative Assembly Constituency
Total No",30,,6,422,3,425,425,0,,,0,539,539,0,539
Akola,,,"Akola west Legislative Assembly Constituency
Total No",30,,66,622,1,623,623,0,,,0,314,314,0,314
Akola,,,"Akola west Legislative Assembly Constituency
Total No",30,,67,511,1,512,512,0,,,0,264,264,0,264
Akola,,,"Akola west Legislative Assembly Constituency
Total No",30,,68,613,3,616,616,0,,,0,612,612,0,612
Akola,,,"Akola west Legislative Assembly Constituency
Total No",30,,72,913,5,919,918,0,,,0,980,980,0,980
Akola,,,"Akola west Legislative Assembly Constituency
Total No",30,,74,3,718,1,721,0,,,0,1430,1430,0,1430
Akola,,,"Akola west Legislative Assembly Constituency
Total No",30,,75,1,0,584,1,0,,,0,83,83,0,83
Akola,,,"Akola west Legislative Assembly Constituency
Total No",30,,17,0,613,614,613,0,,,0,687,687,0,687
Akola,,,"Akola west Legislative Assembly Constituency
Total No",30,,78,42,644,2,686,0,,,0,7,7,0,7
Akola,,,"Akola west Legislative Assembly Constituency
Total No",30,,19,732,0,132,732,0,,,0,811,811,0,811
Akola,,,"Akola west Legislative Assembly Constituency
Total No",30,,80,703,705,3,1408,0,,,0,780,780,0,780
Akola,,,"Akola west Legislative Assembly Constituency
Total No",30,,81,1,0,405,1,0,,,0,462,462,0,462
Akola,,,"Akola west Legislative Assembly Constituency
Total No",30,,83,3,2,424,5,0,,,0,419,419,0,419
Akola,,,"Akola west Legislative Assembly Constituency
Total No",30,,86,2,0,625,2,0,,,0,703,703,0,703
Akola,,,"Akola west Legislative Assembly Constituency
Total No",30,,87,902,3,905,905,0,,,0,406,406,0,406
Akola,,,"Akola west Legislative Assembly Constituency
Total No",30,,88,5,2,766,7,0,,,0,228,228,0,228
Akola,,,"Akola west Legislative Assembly Constituency
Total No",30,,90,6,2,856,8,0,,,0,117,117,0,117
Akola,,,"Akola west Legislative Assembly Constituency
Total No",30,,91,727,0,727,727,0,,,0,718,718,0,718
Akola,,,"Akola west Legislative Assembly Constituency
Total No",30,,93,617,2,679,619,0,,,0,768,768,0,768
Akola,,,"Akola west Legislative Assembly Constituency
Total No",30,,94,10,14,655,24,0,,,0,623,623,0,623
Akola,,,"Akola west Legislative Assembly Constituency
Total No",30,,95,1,1,2,2,0,,,0,864,864,0,864
Akola,,,"Akola west Legislative Assembly Constituency
Total No",30,,1,20,21,22,41,0,,,0,138,138,0,138
Akola,,,"Akola west Legislative Assembly Constituency
Total No",30,,96,176,3,779,179,0,,,0,770,770,0,770
Akola,,,"Akola west Legislative Assembly Constituency
Total No",30,,9,697,1,698,698,0,,,0,788,788,0,788
Akola,,,"Akola west Legislative Assembly Constituency
Total No",30,,98,493,0,493,493,0,,,0,492,492,0,492
Akola,,,"Akola west Legislative Assembly Constituency
Total No",30,,99,78,7,905,85,0,,,0,335,335,0,335
Akola,,,"Akola west Legislative Assembly Constituency
Total No",30,,100,750,2,752,752,0,,,0,594,594,0,594
Akola,,,"Akola west Legislative Assembly Constituency
Total No",30,,101,613,3,616,616,0,,,0,615,615,0,615
Akola,,,"Akola west Legislative Assembly Constituency
Total No",30,,102,2,17,1,19,0,,,0,852,852,0,852
Akola,,,"Akola west Legislative Assembly Constituency
Total No",30,,103,1,2,823,3,0,,,0,797,797,0,797
Akola,,,"Akola west Legislative Assembly Constituency
Total No",30,,105,2,2,883,4,0,,,0,984,984,0,984
Akola,,,"Akola west Legislative Assembly Constituency
Total No",30,,106,715,2,717,717,0,,,0,861,861,0,861
Akola,,,"Akola west Legislative Assembly Constituency
Total No",30,,108,2,10,2,12,0,,,0,449,449,0,449
Akola,,,"Akola west Legislative Assembly Constituency
Total No",30,,109,658,3,661,661,0,,,0,806,806,0,806
Akola,,,"Akola west Legislative Assembly Constituency
Total No",30,,110,18,3,697,21,0,,,0,360,360,0,360
Akola,,,"Akola west Legislative Assembly Constituency
Total No",30,,111,83,871,875,954,0,,,0,899,899,0,899
Akola,,,"Akola west Legislative Assembly Constituency
Total No",30,,113,87,819,823,906,0,,,0,808,808,0,808
Akola,,,"Akola west Legislative Assembly Constituency
Total No",30,,114,3,712,1,715,0,,,0,1418,1418,0,1418
Akola,,,"Akola west Legislative Assembly Constituency
Total No",30,,115,506,2,508,508,0,,,0,146,146,0,146
Akola,,,"Akola west Legislative Assembly Constituency
Total No",30,,116,0,25,2,25,0,,,0,638,638,0,638
Akola,,,"Akola west Legislative Assembly Constituency
Total No",30,,119,321,9,682,330,0,,,0,352,352,0,352
Akola,,,"Akola west Legislative Assembly Constituency
Total No",30,,121,835,1,636,836,0,,,0,741,741,0,741
Akola,,,"Akola west Legislative Assembly Constituency
Total No",30,,125,709,10,719,719,0,,,0,703,703,0,703
Akola,,,"Akola west Legislative Assembly Constituency
Total No",30,,121,479,1,880,480,0,,,0,185,185,0,185
Akola,,,"Akola west Legislative Assembly Constituency
Total No",30,,254,21,2,692,23,0,,,0,28,28,0,28
Akola,,,"Akola west Legislative Assembly Constituency
Total No",30,,129,0,48,693,48,0,,,0,763,763,0,763
Akola,,,"Akola west Legislative Assembly Constituency
Total No",30,,130,0,1,640,1,0,,,0,762,762,0,762
Akola,,,"Akola west Legislative Assembly Constituency
Total No",30,,1,19,20,22,39,0,,,0,185,185,0,185
Akola,,,"Akola west Legislative Assembly Constituency
Total No",30,,131,3,567,571,570,0,,,0,689,689,0,689
Akola,,,"Akola west Legislative Assembly Constituency
Total No",30,,2,532,2,534,534,0,,,0,15,15,0,15
Akola,,,"Akola west Legislative Assembly Constituency
Total No",30,,133,68,5,686,73,0,,,0,677,677,0,677
Akola,,,"Akola west Legislative Assembly Constituency
Total No",30,,134,0,602,0,602,0,,,0,599,599,0,599
Akola,,,"Akola west Legislative Assembly Constituency
Total No",30,,135,55,8,667,63,0,,,0,695,695,0,695
Akola,,,"Akola west Legislative Assembly Constituency
Total No",30,,136,91,581,589,672,0,,,0,589,589,0,589
Akola,,,"Akola west Legislative Assembly Constituency
Total No",30,,131,131,2,433,133,0,,,0,253,253,0,253
Akola,,,"Akola west Legislative Assembly Constituency
Total No",30,,138,0,465,1,465,0,,,0,422,422,0,422
Akola,,,"Akola west Legislative Assembly Constituency
Total No",30,,139,0,5,587,5,0,,,0,34,34,0,34
Akola,,,"Akola west Legislative Assembly Constituency
Total No",30,,140,0,3,549,3,0,,,0,642,642,0,642
Akola,,,"Akola west Legislative Assembly Constituency
Total No",30,,141,427,3,430,430,0,,,0,422,422,0,422
Akola,,,"Akola west Legislative Assembly Constituency
Total No",30,,11,0,537,7,537,0,,,0,360,360,0,360
Akola,,,"Akola west Legislative Assembly Constituency
Total No",30,,571,0,0,19,0,0,,,0,23,23,0,23
Akola,,,"Akola west Legislative Assembly Constituency
Total No",30,,144,111,10,579,121,0,,,0,602,602,0,602
Akola,,,"Akola west Legislative Assembly Constituency
Total No",30,,145,1,30,813,31,0,,,0,908,908,0,908
Akola,,,"Akola west Legislative Assembly Constituency
Total No",30,,746,24,771,2,795,0,,,0,893,893,0,893
Akola,,,"Akola west Legislative Assembly Constituency
Total No",30,,117,0,0,31,0,0,,,0,953,953,0,953
Akola,,,"Akola west Legislative Assembly Constituency
Total No",30,,148,0,838,1,838,0,,,0,170,170,0,170
Akola,,,"Akola west Legislative Assembly Constituency
Total No",30,,149,3,0,810,3,0,,,0,167,167,0,167
Akola,,,"Akola west Legislative Assembly Constituency
Total No",30,,150,32,52,4,84,0,,,0,849,849,0,849
Akola,,,"Akola west Legislative Assembly Constituency
Total No",30,,151,46,816,3,862,0,,,0,318,318,0,318
Akola,,,"Akola west Legislative Assembly Constituency
Total No",30,,152,1,1,12,2,0,,,0,630,630,0,630
Akola,,,"Akola west Legislative Assembly Constituency
Total No",30,,154,18,499,601,517,0,,,0,715,715,0,715
Akola,,,"Akola west Legislative Assembly Constituency
Total No",30,,155,6,624,1,630,0,,,0,771,771,0,771
Akola,,,"Akola west Legislative Assembly Constituency
Total No",30,,156,1,615,2,616,0,,,0,817,817,0,817
Akola,,,"Akola west Legislative Assembly Constituency
Total No",30,,151,0,535,3,535,0,,,0,691,691,0,691
Akola,,,"Akola west Legislative Assembly Constituency
Total No",30,,158,1,0,1,1,0,,,0,628,628,0,628
Akola,,,"Akola west Legislative Assembly Constituency
Total No",30,,159,24,487,2,511,0,,,0,621,621,0,621
Akola,,,"Akola west Legislative Assembly Constituency
Total No",30,,160,520,6,528,526,0,,,0,661,661,0,661
Akola,,,"Akola west Legislative Assembly Constituency
Total No",30,,161,805,5,810,810,0,,,0,966,966,0,966
Akola,,,"Akola west Legislative Assembly Constituency
Total No",30,,162,0,18,464,18,0,,,0,606,606,0,606
Akola,,,"Akola west Legislative Assembly Constituency
Total No",30,,163,63,538,539,601,0,,,0,637,637,0,637
Akola,,,"Akola west Legislative Assembly Constituency
Total No",30,,105,1,2,726,3,0,,,0,860,860,0,860
Akola,,,"Akola west Legislative Assembly Constituency
Total No",30,,1,20,21,22,41,0,,,0,208,208,0,208
Akola,,,"Akola west Legislative Assembly Constituency
Total No",30,,166,7,1,624,8,0,,,0,781,781,0,781
Akola,,,"Akola west Legislative Assembly Constituency
Total No",30,,161,1,636,1,637,0,,,0,794,794,0,794
Akola,,,"Akola west Legislative Assembly Constituency
Total No",30,,169,431,0,437,431,0,,,0,606,606,0,606
Akola,,,"Akola west Legislative Assembly Constituency
Total No",30,,111,756,2,758,758,0,,,0,760,760,0,760
Akola,,,"Akola west Legislative Assembly Constituency
Total No",30,,712,658,5,663,663,0,,,0,1111,1111,0,1111
Akola,,,"Akola west Legislative Assembly Constituency
Total No",30,,171,71,652,656,723,0,,,0,184,184,0,184
Akola,,,"Akola west Legislative Assembly Constituency
Total No",30,,485,0,31,1,31,0,,,0,5,5,0,5
Akola,,,"Akola west Legislative Assembly Constituency
Total No",30,,175,26,315,2,341,0,,,0,212,212,0,212
Akola,,,"Akola west Legislative Assembly Constituency
Total No",30,,176,700,3,703,703,0,,,0,21,21,0,21
Akola,,,"Akola west Legislative Assembly Constituency
Total No",30,,779,515,2,51,517,0,,,0,693,693,0,693
Akola,,,"Akola west Legislative Assembly Constituency
Total No",30,,180,2,752,1,754,0,,,0,915,915,0,915
Akola,,,"Akola west Legislative Assembly Constituency
Total No",30,,181,0,2,693,2,0,,,0,187,187,0,187
Akola,,,"Akola west Legislative Assembly Constituency
Total No",30,,18,1,672,676,673,0,,,0,812,812,0,812
Akola,,,"Akola west Legislative Assembly Constituency
Total No",30,,181,611,6,817,617,0,,,0,994,994,0,994
Akola,,,"Akola west Legislative Assembly Constituency
Total No",30,,19,2,806,1,808,0,,,0,981,981,0,981
Akola,,,"Akola west Legislative Assembly Constituency
Total No",30,,185,892,3,2,895,0,,,0,1067,1067,0,1067
Akola,,,"Akola west Legislative Assembly Constituency
Total No",30,,186,3,5,870,8,0,,,0,858,858,0,858
Akola,,,"Akola west Legislative Assembly Constituency
Total No",30,,147,616,3,619,619,0,,,0,612,612,0,612
Akola,,,"Akola west Legislative Assembly Constituency
Total No",30,,188,0,1,725,1,0,,,0,606,606,0,606
Akola,,,"Akola west Legislative Assembly Constituency
Total No",30,,189,63,1,632,64,0,,,0,629,629,0,629
Akola,,,"Akola west Legislative Assembly Constituency
Total No",30,,190,589,2,591,591,0,,,0,779,779,0,779
Akola,,,"Akola west Legislative Assembly Constituency
Total No",30,,191,37,1,635,38,0,,,0,613,613,0,613
Akola,,,"Akola west Legislative Assembly Constituency
Total No",30,,192,517,7,524,524,0,,,0,686,686,0,686
Akola,,,"Akola west Legislative Assembly Constituency
Total No",30,,193,541,2,549,543,0,,,0,241,241,0,241
Akola,,,"Akola west Legislative Assembly Constituency
Total No",30,,195,0,1,24,1,0,,,0,947,947,0,947
Akola,,,"Akola west Legislative Assembly Constituency
Total No",30,,196,27,3,852,30,0,,,0,97,97,0,97
Akola,,,"Akola west Legislative Assembly Constituency
Total No",30,,19,0,39,808,39,0,,,0,962,962,0,962
Akola,,,"Akola west Legislative Assembly Constituency
Total No",30,,198,747,2,709,749,0,,,0,875,875,0,875
Akola,,,"Akola west Legislative Assembly Constituency
Total No",30,,731,800,3,803,803,0,,,0,67,67,0,67
Akola,,,"Akola west Legislative Assembly Constituency
Total No",30,,204,18,0,870,18,0,,,0,809,809,0,809
Akola,,,"Akola west Legislative Assembly Constituency
Total No",30,,1,20,21,22,41,0,,,0,103,103,0,103
Akola,,,"Akola west Legislative Assembly Constituency
Total No",30,,201,1,36,876,37,0,,,0,1036,1036,0,1036
Akola,,,"Akola west Legislative Assembly Constituency
Total No",30,,202,766,10,796,776,0,,,0,785,785,0,785
Akola,,,"Akola west Legislative Assembly Constituency
Total No",30,,203,0,0,0,0,0,,,0,203,203,0,203
Akola,,,"Akola west Legislative Assembly Constituency
Total No",30,,244,0,2,537,2,0,,,0,128,128,0,128
Akola,,,"Akola west Legislative Assembly Constituency
Total No",30,,205,1,1,603,2,0,,,0,789,789,0,789
Akola,,,"Akola west Legislative Assembly Constituency
Total No",30,,206,0,37,3,37,0,,,0,890,890,0,890
Akola,,,"Akola west Legislative Assembly Constituency
Total No",30,,241,0,529,0,529,0,,,0,706,706,0,706
Akola,,,"Akola west Legislative Assembly Constituency
Total No",30,,208,2,557,7,559,0,,,0,480,480,0,480
Akola,,,"Akola west Legislative Assembly Constituency
Total No",30,,209,21,3,675,24,0,,,0,649,649,0,649
Akola,,,"Akola west Legislative Assembly Constituency
Total No",30,,210,1,2,845,3,0,,,0,164,164,0,164
Akola,,,"Akola west Legislative Assembly Constituency
Total No",30,,211,725,3,728,728,0,,,0,936,936,0,936
Akola,,,"Akola west Legislative Assembly Constituency
Total No",30,,212,0,52,402,52,0,,,0,147,147,0,147
Akola,,,"Akola west Legislative Assembly Constituency
Total No",30,,273,252,6,584,258,0,,,0,515,515,0,515
Akola,,,"Akola west Legislative Assembly Constituency
Total No",30,,274,2,589,2,591,0,,,0,1375,1375,0,1375
Akola,,,"Akola west Legislative Assembly Constituency
Total No",30,,215,861,11,472,872,0,,,0,845,845,0,845
Akola,,,"Akola west Legislative Assembly Constituency
Total No",30,,216,12,93,943,105,0,,,0,1139,1139,0,1139
Akola,,,"Akola west Legislative Assembly Constituency
Total No",30,,143,15,944,910,959,0,,,0,743,743,0,743
Akola,,,"Akola west Legislative Assembly Constituency
Total No",30,,218,18,40,3,58,0,,,0,855,855,0,855
Akola,,,"Akola west Legislative Assembly Constituency
Total No",30,,219,3,2,968,5,0,,,0,252,252,0,252
Akola,,,"Akola west Legislative Assembly Constituency
Total No",30,,220,1021,2,1023,1023,0,,,0,1227,1227,0,1227
Akola,,,"Akola west Legislative Assembly Constituency
Total No",30,,22,37,3,8,40,0,,,0,988,988,0,988
Akola,,,"Akola west Legislative Assembly Constituency
Total No",30,,222,708,16,724,724,0,,,0,707,707,0,707
Akola,,,"Akola west Legislative Assembly Constituency
Total No",30,,168,242,8,535,250,0,,,0,107,107,0,107
Akola,,,"Akola west Legislative Assembly Constituency
Total No",30,,225,22,153,357,175,0,,,0,403,403,0,403
Akola,,,"Akola west Legislative Assembly Constituency
Total No",30,,226,5,780,784,785,0,,,0,738,738,0,738
Akola,,,"Akola west Legislative Assembly Constituency
Total No",30,,227,0,67,2,67,0,,,0,740,740,0,740
Akola,,,"Akola west Legislative Assembly Constituency
Total No",30,,224,587,0,547,587,0,,,0,594,594,0,594
Akola,,,"Akola west Legislative Assembly Constituency
Total No",30,,229,744,1,741,745,0,,,0,967,967,0,967
Akola,,,"Akola west Legislative Assembly Constituency
Total No",30,,231,889,1,890,890,0,,,0,847,847,0,847
Akola,,,"Akola west Legislative Assembly Constituency
Total No",30,,232,24,448,5,472,0,,,0,386,386,0,386
Akola,,,"Akola west Legislative Assembly Constituency
Total No",30,,233,0,498,2,498,0,,,0,247,247,0,247
Akola,,,"Akola west Legislative Assembly Constituency
Total No",30,,234,3,850,1,853,0,,,0,401,401,0,401
Akola,,,"Akola west Legislative Assembly Constituency
Total No",30,,235,713,3,716,716,0,,,0,307,307,0,307
Akola,,,"Akola west Legislative Assembly Constituency
Total No",30,,1,20,21,22,41,0,,,0,195,195,0,195
Akola,,,"Akola west Legislative Assembly Constituency
Total No",30,,236,669,2,671,671,0,,,0,844,844,0,844
Akola,,,"Akola west Legislative Assembly Constituency
Total No",30,,237,791,7,798,798,0,,,0,667,667,0,667
Akola,,,"Akola west Legislative Assembly Constituency
Total No",30,,238,243,3,636,246,0,,,0,621,621,0,621
Akola,,,"Akola west Legislative Assembly Constituency
Total No",30,,239,483,1,872,484,0,,,0,522,522,0,522
Akola,,,"Akola west Legislative Assembly Constituency
Total No",30,,241,713,1,714,714,0,,,0,5,5,0,5
Akola,,,"Akola west Legislative Assembly Constituency
Total No",30,,301,919,6,925,925,0,,,0,618,618,0,618
Akola,,,"Akola west Legislative Assembly Constituency
Total No",30,,211,0,1,707,1,0,,,0,221,221,0,221
Akola,,,"Akola west Legislative Assembly Constituency
Total No",30,,245,18,2,708,20,0,,,0,864,864,0,864
Akola,,,"Akola west Legislative Assembly Constituency
Total No",30,,246,32,3,769,35,0,,,0,976,976,0,976
Akola,,,"Akola west Legislative Assembly Constituency
Total No",30,,247,1,1,2,2,0,,,0,474,474,0,474
Akola,,,"Akola west Legislative Assembly Constituency
Total No",30,,244,28,3,769,31,0,,,0,731,731,0,731
Akola,,,"Akola west Legislative Assembly Constituency
Total No",30,,249,22,3,759,25,0,,,0,980,980,0,980
Akola,,,"Akola west Legislative Assembly Constituency
Total No",30,,250,184,12,690,196,0,,,0,743,743,0,743
Akola,,,"Akola west Legislative Assembly Constituency
Total No",30,,251,25,611,672,636,0,,,0,897,897,0,897
Akola,,,"Akola west Legislative Assembly Constituency
Total No",30,,252,0,0,307,0,0,,,0,428,428,0,428
Akola,,,"Akola west Legislative Assembly Constituency
Total No",30,,251,81,550,1,631,0,,,0,300,300,0,300
Akola,,,"Akola west Legislative Assembly Constituency
Total No",30,,2,321,6,327,327,0,,,0,574,574,0,574
Akola,,,"Akola west Legislative Assembly Constituency
Total No",30,,256,2,105,489,107,0,,,0,633,633,0,633
Akola,,,"Akola west Legislative Assembly Constituency
Total No",30,,257,551,6,563,557,0,,,0,813,813,0,813
Akola,,,"Akola west Legislative Assembly Constituency
Total No",30,,258,2,24,713,26,0,,,0,610,610,0,610
Akola,,,"Akola west Legislative Assembly Constituency
Total No",30,,259,0,760,2,760,0,,,0,720,720,0,720
Akola,,,"Akola west Legislative Assembly Constituency
Total No",30,,260,2,32,741,34,0,,,0,962,962,0,962
Akola,,,"Akola west Legislative Assembly Constituency
Total No",30,,262,93,3,556,96,0,,,0,451,451,0,451
Akola,,,"Akola west Legislative Assembly Constituency
Total No",30,,263,5,7,782,12,0,,,0,845,845,0,845
Akola,,,"Akola west Legislative Assembly Constituency
Total No",30,,264,809,7,816,816,0,,,0,750,750,0,750
Akola,,,"Akola west Legislative Assembly Constituency
Total No",30,,265,63,9,674,72,0,,,0,867,867,0,867
Akola,,,"Akola west Legislative Assembly Constituency
Total No",30,,266,0,700,709,700,0,,,0,70,70,0,70
Akola,,,"Akola west Legislative Assembly Constituency
Total No",30,,267,116,1,641,117,0,,,0,441,441,0,441
Akola,,,"Akola west Legislative Assembly Constituency
Total No",30,,268,1,71,607,72,0,,,0,509,509,0,509
Akola,,,"Akola west Legislative Assembly Constituency
Total No",30,,269,0,0,592,0,0,,,0,357,357,0,357
Akola,,,"Akola west Legislative Assembly Constituency
Total No",30,,1,20,21,22,41,0,,,0,186,186,0,186
Akola,,,"Akola west Legislative Assembly Constituency
Total No",30,,271,364,2,722,366,0,,,0,348,348,0,348
Akola,,,"Akola west Legislative Assembly Constituency
Total No",30,,272,135,7,649,142,0,,,0,773,773,0,773
Akola,,,"Akola west Legislative Assembly Constituency
Total No",30,,273,0,89,9,89,0,,,0,396,396,0,396
Akola,,,"Akola west Legislative Assembly Constituency
Total No",30,,274,108,8,697,116,0,,,0,411,411,0,411
Akola,,,"Akola west Legislative Assembly Constituency
Total No",30,,275,21,463,5,484,0,,,0,409,409,0,409
Akola,,,"Akola west Legislative Assembly Constituency
Total No",30,,276,1,13,501,14,0,,,0,635,635,0,635
Akola,,,"Akola west Legislative Assembly Constituency
Total No",30,,271,0,60,10,60,0,,,0,611,611,0,611
Akola,,,"Akola west Legislative Assembly Constituency
Total No",30,,214,614,10,622,624,0,,,0,822,822,0,822
Akola,,,"Akola west Legislative Assembly Constituency
Total No",30,,279,0,0,262,0,0,,,0,423,423,0,423
Akola,,,"Akola west Legislative Assembly Constituency
Total No",30,,280,1,459,459,460,0,,,0,429,429,0,429
Akola,,,"Akola west Legislative Assembly Constituency
Total No",30,,28,505,2,507,507,0,,,0,734,734,0,734
Akola,,,"Akola west Legislative Assembly Constituency
Total No",30,,282,2,100,605,102,0,,,0,494,494,0,494
Akola,,,"Akola west Legislative Assembly Constituency
Total No",30,,283,56,3,469,59,0,,,0,740,740,0,740
Akola,,,"Akola west Legislative Assembly Constituency
Total No",30,,245,258,1,259,259,0,,,0,542,542,0,542
Akola,,,"Akola west Legislative Assembly Constituency
Total No",30,,286,138,511,550,649,0,,,0,104,104,0,104
Akola,,,"Akola west Legislative Assembly Constituency
Total No",30,,241,51,3,622,54,0,,,0,329,329,0,329
Akola,,,"Akola west Legislative Assembly Constituency
Total No",30,,289,690,10,700,700,0,,,0,879,879,0,879
Akola,,,"Akola west Legislative Assembly Constituency
Total No",30,,290,575,8,583,583,0,,,0,862,862,0,862
Akola,,,"Akola west Legislative Assembly Constituency
Total No",30,,29,0,8,671,8,0,,,0,794,794,0,794
Akola,,,"Akola west Legislative Assembly Constituency
Total No",30,,2,621,8,635,629,0,,,0,833,833,0,833
Akola,,,"Akola west Legislative Assembly Constituency
Total No",30,,294,0,12,755,12,0,,,0,572,572,0,572
Akola,,,"Akola west Legislative Assembly Constituency
Total No",30,,295,0,731,711,731,0,,,0,897,897,0,897
Akola,,,"Akola west Legislative Assembly Constituency
Total No",30,,296,0,0,448,0,0,,,0,369,369,0,369
Akola,,,"Akola west Legislative Assembly Constituency
Total No",30,,298,531,7,538,538,0,,,0,766,766,0,766
Akola,,,"Akola west Legislative Assembly Constituency
Total No",30,,29,741,10,751,751,0,,,0,1031,1031,0,1031
Akola,,,"Akola west Legislative Assembly Constituency
Total No",30,,301,1,6,547,7,0,,,0,748,748,0,748
Akola,,,"Akola west Legislative Assembly Constituency
Total No",30,,302,0,1,709,1,0,,,0,915,915,0,915
Akola,,,"Akola west Legislative Assembly Constituency
Total No",30,,303,551,3,554,554,0,,,0,854,854,0,854
Akola,,,"Akola west Legislative Assembly Constituency
Total No",30,,304,2,2,412,4,0,,,0,675,675,0,675
Akola,,,"Akola west Legislative Assembly Constituency
Total No",30,,305,0,77,724,77,0,,,0,855,855,0,855
Akola,,,"Akola west Legislative Assembly Constituency
Total No",30,,1,20,21,22,41,0,,,0,207,207,0,207
Akola,,,"Akola west Legislative Assembly Constituency
Total No",30,,306,66,640,649,706,0,,,0,880,880,0,880
Akola,,,"Akola west Legislative Assembly Constituency
Total No",30,,301,0,65,6,65,0,,,0,757,757,0,757
Akola,,,"Akola west Legislative Assembly Constituency
Total No",30,,80,3,318,2442,321,0,,,0,2,2,0,2
TOTAL,,,,,,,59093,35075,135334,94168,0,,,0,155487,155487,0,155487
