District Name,District No,Jilha,Constituency Name,Constituency No,Total No. of Electors,Serial Poll,Total No. Valid Votes,No. of Rejected Votes,NOTA,Total,No. of Tendered Votes,Elected Person Name,Party Name of Elected Person,No. of Valid Votes Cast in Favour of Elected Person,Other Candidate Votes,Total EVM Votes,Total Postal ballot votes,Total Votes Polled
Nagpur,,,Kamthi,58,,1,0,0,0,0,0,MARHSEM ARDNERUS TNARKIV .RE,,317,164,481,0,481
Nagpur,,,Kamthi,58,,2,1,2,0,3,0,MARHSEM ARDNERUS TNARKIV .RE,,357,167,524,0,524
Nagpur,,,Kamthi,58,,3,0,0,0,0,0,MARHSEM ARDNERUS TNARKIV .RE,,228,173,401,0,401
Nagpur,,,Kamthi,58,,4,0,1,0,1,1,MARHSEM ARDNERUS TNARKIV .RE,,401,344,745,1,746
Nagpur,,,Kamthi,58,,5,2,0,0,2,0,MARHSEM ARDNERUS TNARKIV .RE,,446,265,711,0,711
Nagpur,,,Kamthi,58,,6,0,0,0,0,0,MARHSEM ARDNERUS TNARKIV .RE,,313,182,495,0,495
Nagpur,,,Kamthi,58,,7,0,0,0,0,0,MARHSEM ARDNERUS TNARKIV .RE,,349,249,598,0,598
Nagpur,,,Kamthi,58,,8,0,0,0,0,0,MARHSEM ARDNERUS TNARKIV .RE,,309,248,557,0,557
Nagpur,,,Kamthi,58,,9,0,0,0,0,0,MARHSEM ARDNERUS TNARKIV .RE,,358,278,636,0,636
Nagpur,,,Kamthi,58,,10,0,0,0,0,0,MARHSEM ARDNERUS TNARKIV .RE,,315,403,718,0,718
Nagpur,,,Kamthi,58,,11,0,3,0,3,1,MARHSEM ARDNERUS TNARKIV .RE,,290,252,542,1,543
Nagpur,,,Kamthi,58,,12,0,0,0,0,0,MARHSEM ARDNERUS TNARKIV .RE,,293,444,737,0,737
Nagpur,,,Kamthi,58,,13,2,1,0,3,1,MARHSEM ARDNERUS TNARKIV .RE,,414,320,734,1,735
Nagpur,,,Kamthi,58,,14,1,0,0,1,0,MARHSEM ARDNERUS TNARKIV .RE,,351,259,610,0,610
Nagpur,,,Kamthi,58,,15,0,0,0,0,0,MARHSEM ARDNERUS TNARKIV .RE,,385,220,605,0,605
Nagpur,,,Kamthi,58,,16,0,0,0,0,0,MARHSEM ARDNERUS TNARKIV .RE,,308,263,571,0,571
Nagpur,,,Kamthi,58,,17,0,0,0,0,0,MARHSEM ARDNERUS TNARKIV .RE,,308,288,596,0,596
Nagpur,,,Kamthi,58,,18,0,0,0,0,0,MARHSEM ARDNERUS TNARKIV .RE,,424,348,772,0,772
Nagpur,,,Kamthi,58,,19,1,0,0,1,1,MARHSEM ARDNERUS TNARKIV .RE,,497,179,676,1,677
Nagpur,,,Kamthi,58,,20,0,0,0,0,0,MARHSEM ARDNERUS TNARKIV .RE,,285,336,621,0,621
Nagpur,,,Kamthi,58,,21,0,2,0,2,0,MARHSEM ARDNERUS TNARKIV .RE,,231,192,423,0,423
Nagpur,,,Kamthi,58,,22,0,1,0,1,0,MARHSEM ARDNERUS TNARKIV .RE,,195,244,439,0,439
Nagpur,,,Kamthi,58,,23,3,0,0,3,0,MARHSEM ARDNERUS TNARKIV .RE,,347,179,526,0,526
Nagpur,,,Kamthi,58,,24,0,0,0,0,0,MARHSEM ARDNERUS TNARKIV .RE,,353,211,564,0,564
Nagpur,,,Kamthi,58,,25,0,0,0,0,0,MARHSEM ARDNERUS TNARKIV .RE,,464,218,682,0,682
Nagpur,,,Kamthi,58,,26,0,0,0,0,0,MARHSEM ARDNERUS TNARKIV .RE,,389,210,599,0,599
Nagpur,,,Kamthi,58,,27,0,0,0,0,0,MARHSEM ARDNERUS TNARKIV .RE,,370,205,575,0,575
Nagpur,,,Kamthi,58,,28,1,0,0,1,0,MARHSEM ARDNERUS TNARKIV .RE,,466,184,650,0,650
Nagpur,,,Kamthi,58,,29,0,0,0,0,1,MARHSEM ARDNERUS TNARKIV .RE,,541,200,741,1,742
Nagpur,,,Kamthi,58,,30,0,0,0,0,1,MARHSEM ARDNERUS TNARKIV .RE,,583,234,817,1,818
Nagpur,,,Kamthi,58,,31,0,0,0,0,0,MARHSEM ARDNERUS TNARKIV .RE,,454,203,657,0,657
Nagpur,,,Kamthi,58,,32,0,1,0,1,1,MARHSEM ARDNERUS TNARKIV .RE,,472,304,776,1,777
Nagpur,,,Kamthi,58,,33,0,1,0,1,0,MARHSEM ARDNERUS TNARKIV .RE,,413,278,691,0,691
Nagpur,,,Kamthi,58,,34,0,0,0,0,1,MARHSEM ARDNERUS TNARKIV .RE,,366,235,601,1,602
Nagpur,,,Kamthi,58,,35,0,0,0,0,1,MARHSEM ARDNERUS TNARKIV .RE,,496,271,767,1,768
Nagpur,,,Kamthi,58,,36,0,0,0,0,0,MARHSEM ARDNERUS TNARKIV .RE,,149,147,296,0,296
Nagpur,,,Kamthi,58,,37,0,0,0,0,0,MARHSEM ARDNERUS TNARKIV .RE,,119,122,241,0,241
Nagpur,,,Kamthi,58,,38,0,0,0,0,0,MARHSEM ARDNERUS TNARKIV .RE,,180,171,351,0,351
Nagpur,,,Kamthi,58,,39,0,0,0,0,0,MARHSEM ARDNERUS TNARKIV .RE,,139,153,292,0,292
Nagpur,,,Kamthi,58,,40,0,0,0,0,0,MARHSEM ARDNERUS TNARKIV .RE,,132,155,287,0,287
Nagpur,,,Kamthi,58,,41,0,0,0,0,0,MARHSEM ARDNERUS TNARKIV .RE,,86,100,186,0,186
Nagpur,,,Kamthi,58,,42,0,0,0,0,0,MARHSEM ARDNERUS TNARKIV .RE,,462,219,681,0,681
Nagpur,,,Kamthi,58,,43,0,0,0,0,0,MARHSEM ARDNERUS TNARKIV .RE,,420,214,634,0,634
Nagpur,,,Kamthi,58,,44,0,0,0,0,1,MARHSEM ARDNERUS TNARKIV .RE,,452,373,825,1,826
Nagpur,,,Kamthi,58,,45,0,0,0,0,0,MARHSEM ARDNERUS TNARKIV .RE,,322,411,733,0,733
Nagpur,,,Kamthi,58,,46,0,0,0,0,1,MARHSEM ARDNERUS TNARKIV .RE,,284,402,686,1,687
Nagpur,,,Kamthi,58,,47,0,0,0,0,0,MARHSEM ARDNERUS TNARKIV .RE,,392,366,758,0,758
Nagpur,,,Kamthi,58,,48,0,1,0,1,0,MARHSEM ARDNERUS TNARKIV .RE,,325,280,605,0,605
Nagpur,,,Kamthi,58,,49,0,0,0,0,0,MARHSEM ARDNERUS TNARKIV .RE,,417,345,762,0,762
Nagpur,,,Kamthi,58,,50,0,0,0,0,0,MARHSEM ARDNERUS TNARKIV .RE,,168,137,305,0,305
Nagpur,,,Kamthi,58,,51,0,0,0,0,0,MARHSEM ARDNERUS TNARKIV .RE,,430,166,596,0,596
Nagpur,,,Kamthi,58,,52,1,0,0,1,0,MARHSEM ARDNERUS TNARKIV .RE,,229,220,449,0,449
Nagpur,,,Kamthi,58,,53,0,1,0,1,0,MARHSEM ARDNERUS TNARKIV .RE,,318,441,759,0,759
Nagpur,,,Kamthi,58,,54,0,2,0,2,1,MARHSEM ARDNERUS TNARKIV .RE,,115,564,679,1,680
Nagpur,,,Kamthi,58,,55,0,1,0,1,0,MARHSEM ARDNERUS TNARKIV .RE,,43,436,479,0,479
Nagpur,,,Kamthi,58,,56,0,1,0,1,0,MARHSEM ARDNERUS TNARKIV .RE,,27,695,722,0,722
Nagpur,,,Kamthi,58,,57,0,4,0,4,1,MARHSEM ARDNERUS TNARKIV .RE,,21,765,786,1,787
Nagpur,,,Kamthi,58,,58,0,2,0,2,1,MARHSEM ARDNERUS TNARKIV .RE,,34,683,717,1,718
Nagpur,,,Kamthi,58,,59,0,6,0,6,1,MARHSEM ARDNERUS TNARKIV .RE,,11,566,577,1,578
Nagpur,,,Kamthi,58,,60,0,8,0,8,6,MARHSEM ARDNERUS TNARKIV .RE,,20,565,585,6,591
Nagpur,,,Kamthi,58,,61,0,6,0,6,5,MARHSEM ARDNERUS TNARKIV .RE,,36,581,617,5,622
Nagpur,,,Kamthi,58,,62,0,0,0,0,5,MARHSEM ARDNERUS TNARKIV .RE,,19,781,800,5,805
Nagpur,,,Kamthi,58,,63,2,0,0,2,0,MARHSEM ARDNERUS TNARKIV .RE,,153,544,697,0,697
Nagpur,,,Kamthi,58,,64,0,5,0,5,1,MARHSEM ARDNERUS TNARKIV .RE,,147,583,730,1,731
Nagpur,,,Kamthi,58,,65,0,2,0,2,4,MARHSEM ARDNERUS TNARKIV .RE,,69,373,442,4,446
Nagpur,,,Kamthi,58,,66,0,3,0,3,1,MARHSEM ARDNERUS TNARKIV .RE,,47,714,761,1,762
Nagpur,,,Kamthi,58,,67,0,2,0,2,3,MARHSEM ARDNERUS TNARKIV .RE,,38,555,593,3,596
Nagpur,,,Kamthi,58,,68,0,0,0,0,0,MARHSEM ARDNERUS TNARKIV .RE,,47,697,744,0,744
Nagpur,,,Kamthi,58,,69,0,9,0,9,3,MARHSEM ARDNERUS TNARKIV .RE,,80,780,860,3,863
Nagpur,,,Kamthi,58,,70,0,0,0,0,0,MARHSEM ARDNERUS TNARKIV .RE,,103,455,558,0,558
Nagpur,,,Kamthi,58,,71,1,1,0,2,0,MARHSEM ARDNERUS TNARKIV .RE,,228,570,798,0,798
Nagpur,,,Kamthi,58,,72,1,1,0,2,2,MARHSEM ARDNERUS TNARKIV .RE,,205,665,870,2,872
Nagpur,,,Kamthi,58,,73,0,0,0,0,0,MARHSEM ARDNERUS TNARKIV .RE,,339,257,596,0,596
Nagpur,,,Kamthi,58,,74,0,0,0,0,0,MARHSEM ARDNERUS TNARKIV .RE,,176,386,562,0,562
Nagpur,,,Kamthi,58,,75,0,2,0,2,0,MARHSEM ARDNERUS TNARKIV .RE,,268,469,737,0,737
Nagpur,,,Kamthi,58,,76,1,0,0,1,0,MARHSEM ARDNERUS TNARKIV .RE,,157,267,424,0,424
Nagpur,,,Kamthi,58,,77,0,0,0,0,2,MARHSEM ARDNERUS TNARKIV .RE,,230,507,737,2,739
Nagpur,,,Kamthi,58,,78,0,1,0,1,2,MARHSEM ARDNERUS TNARKIV .RE,,287,530,817,2,819
Nagpur,,,Kamthi,58,,79,0,1,0,1,0,MARHSEM ARDNERUS TNARKIV .RE,,132,540,672,0,672
Nagpur,,,Kamthi,58,,80,0,0,0,0,0,MARHSEM ARDNERUS TNARKIV .RE,,173,542,715,0,715
Nagpur,,,Kamthi,58,,81,0,1,0,1,0,MARHSEM ARDNERUS TNARKIV .RE,,496,363,859,0,859
Nagpur,,,Kamthi,58,,82,0,1,0,1,0,MARHSEM ARDNERUS TNARKIV .RE,,229,595,824,0,824
Nagpur,,,Kamthi,58,,83,2,0,0,2,1,MARHSEM ARDNERUS TNARKIV .RE,,360,386,746,1,747
Nagpur,,,Kamthi,58,,84,0,2,0,2,0,MARHSEM ARDNERUS TNARKIV .RE,,139,384,523,0,523
Nagpur,,,Kamthi,58,,85,0,0,0,0,0,MARHSEM ARDNERUS TNARKIV .RE,,116,445,561,0,561
Nagpur,,,Kamthi,58,,86,0,1,0,1,0,MARHSEM ARDNERUS TNARKIV .RE,,108,515,623,0,623
Nagpur,,,Kamthi,58,,87,0,0,0,0,0,MARHSEM ARDNERUS TNARKIV .RE,,321,252,573,0,573
Nagpur,,,Kamthi,58,,88,1,0,0,1,0,MARHSEM ARDNERUS TNARKIV .RE,,275,183,458,0,458
Nagpur,,,Kamthi,58,,89,0,1,0,1,1,MARHSEM ARDNERUS TNARKIV .RE,,131,541,672,1,673
Nagpur,,,Kamthi,58,,90,0,0,0,0,0,MARHSEM ARDNERUS TNARKIV .RE,,152,426,578,0,578
Nagpur,,,Kamthi,58,,91,0,0,0,0,0,MARHSEM ARDNERUS TNARKIV .RE,,156,359,515,0,515
Nagpur,,,Kamthi,58,,92,0,0,0,0,0,MARHSEM ARDNERUS TNARKIV .RE,,158,347,505,0,505
Nagpur,,,Kamthi,58,,93,1,0,0,1,2,MARHSEM ARDNERUS TNARKIV .RE,,145,299,444,2,446
Nagpur,,,Kamthi,58,,94,1,2,0,3,1,MARHSEM ARDNERUS TNARKIV .RE,,117,712,829,1,830
Nagpur,,,Kamthi,58,,95,0,1,0,1,6,MARHSEM ARDNERUS TNARKIV .RE,,52,692,744,6,750
Nagpur,,,Kamthi,58,,96,0,2,0,2,0,MARHSEM ARDNERUS TNARKIV .RE,,44,604,648,0,648
Nagpur,,,Kamthi,58,,97,1,0,0,1,0,MARHSEM ARDNERUS TNARKIV .RE,,63,763,826,0,826
Nagpur,,,Kamthi,58,,98,0,1,0,1,0,MARHSEM ARDNERUS TNARKIV .RE,,27,758,785,0,785
Nagpur,,,Kamthi,58,,99,0,4,0,4,2,MARHSEM ARDNERUS TNARKIV .RE,,72,743,815,2,817
Nagpur,,,Kamthi,58,,100,0,1,0,1,0,MARHSEM ARDNERUS TNARKIV .RE,,353,290,643,0,643
Nagpur,,,Kamthi,58,,101,0,1,0,1,0,MARHSEM ARDNERUS TNARKIV .RE,,158,371,529,0,529
Nagpur,,,Kamthi,58,,102,0,0,0,0,0,MARHSEM ARDNERUS TNARKIV .RE,,490,376,866,0,866
Nagpur,,,Kamthi,58,,103,0,1,0,1,0,MARHSEM ARDNERUS TNARKIV .RE,,342,310,652,0,652
Nagpur,,,Kamthi,58,,104,0,0,0,0,0,MARHSEM ARDNERUS TNARKIV .RE,,196,366,562,0,562
Nagpur,,,Kamthi,58,,105,0,1,0,1,1,MARHSEM ARDNERUS TNARKIV .RE,,154,396,550,1,551
Nagpur,,,Kamthi,58,,106,0,0,0,0,0,MARHSEM ARDNERUS TNARKIV .RE,,136,625,761,0,761
Nagpur,,,Kamthi,58,,107,1,2,0,3,0,MARHSEM ARDNERUS TNARKIV .RE,,151,501,652,0,652
Nagpur,,,Kamthi,58,,108,0,2,0,2,1,MARHSEM ARDNERUS TNARKIV .RE,,39,556,595,1,596
Nagpur,,,Kamthi,58,,109,0,1,0,1,0,MARHSEM ARDNERUS TNARKIV .RE,,48,766,814,0,814
Nagpur,,,Kamthi,58,,110,0,0,0,0,0,MARHSEM ARDNERUS TNARKIV .RE,,78,562,640,0,640
Nagpur,,,Kamthi,58,,111,0,0,0,0,0,MARHSEM ARDNERUS TNARKIV .RE,,92,705,797,0,797
Nagpur,,,Kamthi,58,,112,0,0,0,0,0,MARHSEM ARDNERUS TNARKIV .RE,,210,147,357,0,357
Nagpur,,,Kamthi,58,,113,0,0,0,0,0,MARHSEM ARDNERUS TNARKIV .RE,,432,256,688,0,688
Nagpur,,,Kamthi,58,,114,0,0,0,0,0,MARHSEM ARDNERUS TNARKIV .RE,,218,294,512,0,512
Nagpur,,,Kamthi,58,,115,0,0,0,0,1,MARHSEM ARDNERUS TNARKIV .RE,,123,449,572,1,573
Nagpur,,,Kamthi,58,,116,0,0,0,0,0,MARHSEM ARDNERUS TNARKIV .RE,,432,255,687,0,687
Nagpur,,,Kamthi,58,,117,0,0,0,0,0,MARHSEM ARDNERUS TNARKIV .RE,,455,206,661,0,661
Nagpur,,,Kamthi,58,,118,0,0,0,0,0,MARHSEM ARDNERUS TNARKIV .RE,,364,213,577,0,577
Nagpur,,,Kamthi,58,,119,0,0,0,0,0,MARHSEM ARDNERUS TNARKIV .RE,,444,160,604,0,604
Nagpur,,,Kamthi,58,,120,0,0,0,0,0,MARHSEM ARDNERUS TNARKIV .RE,,405,149,554,0,554
Nagpur,,,Kamthi,58,,121,0,0,0,0,0,MARHSEM ARDNERUS TNARKIV .RE,,390,204,594,0,594
Nagpur,,,Kamthi,58,,122,0,0,0,0,0,MARHSEM ARDNERUS TNARKIV .RE,,258,200,458,0,458
Nagpur,,,Kamthi,58,,123,1,0,0,1,0,MARHSEM ARDNERUS TNARKIV .RE,,278,377,655,0,655
Nagpur,,,Kamthi,58,,124,0,0,0,0,0,MARHSEM ARDNERUS TNARKIV .RE,,201,294,495,0,495
Nagpur,,,Kamthi,58,,125,0,1,0,1,0,MARHSEM ARDNERUS TNARKIV .RE,,436,300,736,0,736
Nagpur,,,Kamthi,58,,126,0,0,0,0,1,MARHSEM ARDNERUS TNARKIV .RE,,238,301,539,1,540
Nagpur,,,Kamthi,58,,127,0,0,0,0,2,MARHSEM ARDNERUS TNARKIV .RE,,346,639,985,2,987
Nagpur,,,Kamthi,58,,128,0,0,0,0,0,MARHSEM ARDNERUS TNARKIV .RE,,217,384,601,0,601
Nagpur,,,Kamthi,58,,129,0,0,0,0,1,MARHSEM ARDNERUS TNARKIV .RE,,260,678,938,1,939
Nagpur,,,Kamthi,58,,130,0,1,0,1,0,MARHSEM ARDNERUS TNARKIV .RE,,97,660,757,0,757
Nagpur,,,Kamthi,58,,131,0,0,0,0,0,MARHSEM ARDNERUS TNARKIV .RE,,94,418,512,0,512
Nagpur,,,Kamthi,58,,132,0,1,0,1,0,MARHSEM ARDNERUS TNARKIV .RE,,121,655,776,0,776
Nagpur,,,Kamthi,58,,133,0,0,0,0,0,MARHSEM ARDNERUS TNARKIV .RE,,127,335,462,0,462
Nagpur,,,Kamthi,58,,134,0,2,0,2,1,MARHSEM ARDNERUS TNARKIV .RE,,262,704,966,1,967
Nagpur,,,Kamthi,58,,135,0,1,0,1,0,MARHSEM ARDNERUS TNARKIV .RE,,200,667,867,0,867
Nagpur,,,Kamthi,58,,136,0,1,0,1,0,MARHSEM ARDNERUS TNARKIV .RE,,160,682,842,0,842
Nagpur,,,Kamthi,58,,137,2,1,0,3,0,MARHSEM ARDNERUS TNARKIV .RE,,249,704,953,0,953
Nagpur,,,Kamthi,58,,138,0,0,0,0,1,MARHSEM ARDNERUS TNARKIV .RE,,234,747,981,1,982
Nagpur,,,Kamthi,58,,139,0,0,0,0,1,MARHSEM ARDNERUS TNARKIV .RE,,149,448,597,1,598
Nagpur,,,Kamthi,58,,140,0,1,0,1,1,MARHSEM ARDNERUS TNARKIV .RE,,90,373,463,1,464
Nagpur,,,Kamthi,58,,141,1,0,0,1,0,MARHSEM ARDNERUS TNARKIV .RE,,79,385,464,0,464
Nagpur,,,Kamthi,58,,142,0,2,0,2,1,MARHSEM ARDNERUS TNARKIV .RE,,59,512,571,1,572
Nagpur,,,Kamthi,58,,143,0,0,0,0,0,MARHSEM ARDNERUS TNARKIV .RE,,651,454,1105,0,1105
Nagpur,,,Kamthi,58,,144,0,0,0,0,0,MARHSEM ARDNERUS TNARKIV .RE,,580,423,1003,0,1003
Nagpur,,,Kamthi,58,,145,1,0,0,1,0,MARHSEM ARDNERUS TNARKIV .RE,,399,410,809,0,809
Nagpur,,,Kamthi,58,,146,0,0,0,0,0,MARHSEM ARDNERUS TNARKIV .RE,,301,394,695,0,695
Nagpur,,,Kamthi,58,,147,0,0,0,0,0,MARHSEM ARDNERUS TNARKIV .RE,,634,490,1124,0,1124
Nagpur,,,Kamthi,58,,148,0,0,0,0,0,MARHSEM ARDNERUS TNARKIV .RE,,180,266,446,0,446
Nagpur,,,Kamthi,58,,149,0,0,0,0,0,MARHSEM ARDNERUS TNARKIV .RE,,163,505,668,0,668
Nagpur,,,Kamthi,58,,150,0,0,0,0,0,MARHSEM ARDNERUS TNARKIV .RE,,142,275,417,0,417
Nagpur,,,Kamthi,58,,151,1,1,0,2,0,MARHSEM ARDNERUS TNARKIV .RE,,579,545,1124,0,1124
Nagpur,,,Kamthi,58,,152,1,0,0,1,1,MARHSEM ARDNERUS TNARKIV .RE,,139,384,523,1,524
Nagpur,,,Kamthi,58,,153,0,0,0,0,2,MARHSEM ARDNERUS TNARKIV .RE,,456,564,1020,2,1022
Nagpur,,,Kamthi,58,,154,0,1,0,1,0,MARHSEM ARDNERUS TNARKIV .RE,,363,414,777,0,777
Nagpur,,,Kamthi,58,,155,0,0,0,0,0,MARHSEM ARDNERUS TNARKIV .RE,,277,407,684,0,684
Nagpur,,,Kamthi,58,,156,1,0,0,1,0,MARHSEM ARDNERUS TNARKIV .RE,,428,329,757,0,757
Nagpur,,,Kamthi,58,,157,0,2,0,2,2,MARHSEM ARDNERUS TNARKIV .RE,,728,408,1136,2,1138
Nagpur,,,Kamthi,58,,158,0,0,0,0,0,MARHSEM ARDNERUS TNARKIV .RE,,241,196,437,0,437
Nagpur,,,Kamthi,58,,159,3,0,0,3,0,MARHSEM ARDNERUS TNARKIV .RE,,478,350,828,0,828
Nagpur,,,Kamthi,58,,160,0,1,0,1,0,MARHSEM ARDNERUS TNARKIV .RE,,547,410,957,0,957
Nagpur,,,Kamthi,58,,161,2,1,0,3,1,MARHSEM ARDNERUS TNARKIV .RE,,677,353,1030,1,1031
Nagpur,,,Kamthi,58,,162,0,0,0,0,2,MARHSEM ARDNERUS TNARKIV .RE,,469,288,757,2,759
Nagpur,,,Kamthi,58,,163,0,0,0,0,0,MARHSEM ARDNERUS TNARKIV .RE,,209,307,516,0,516
Nagpur,,,Kamthi,58,,164,0,3,0,3,0,MARHSEM ARDNERUS TNARKIV .RE,,257,274,531,0,531
Nagpur,,,Kamthi,58,,165,1,0,0,1,0,MARHSEM ARDNERUS TNARKIV .RE,,343,297,640,0,640
Nagpur,,,Kamthi,58,,166,0,0,0,0,0,MARHSEM ARDNERUS TNARKIV .RE,,345,319,664,0,664
Nagpur,,,Kamthi,58,,167,0,0,0,0,0,MARHSEM ARDNERUS TNARKIV .RE,,263,329,592,0,592
Nagpur,,,Kamthi,58,,168,0,1,0,1,0,MARHSEM ARDNERUS TNARKIV .RE,,137,243,380,0,380
Nagpur,,,Kamthi,58,,169,1,0,0,1,0,MARHSEM ARDNERUS TNARKIV .RE,,263,300,563,0,563
Nagpur,,,Kamthi,58,,170,0,3,0,3,1,MARHSEM ARDNERUS TNARKIV .RE,,443,517,960,1,961
Nagpur,,,Kamthi,58,,171,0,0,0,0,0,MARHSEM ARDNERUS TNARKIV .RE,,122,251,373,0,373
Nagpur,,,Kamthi,58,,172,2,1,0,3,1,MARHSEM ARDNERUS TNARKIV .RE,,365,440,805,1,806
Nagpur,,,Kamthi,58,,173,0,0,0,0,0,MARHSEM ARDNERUS TNARKIV .RE,,225,365,590,0,590
Nagpur,,,Kamthi,58,,174,1,0,0,1,0,MARHSEM ARDNERUS TNARKIV .RE,,377,382,759,0,759
Nagpur,,,Kamthi,58,,175,0,0,0,0,0,MARHSEM ARDNERUS TNARKIV .RE,,350,499,849,0,849
Nagpur,,,Kamthi,58,,176,0,1,0,1,0,MARHSEM ARDNERUS TNARKIV .RE,,385,429,814,0,814
Nagpur,,,Kamthi,58,,177,0,0,0,0,0,MARHSEM ARDNERUS TNARKIV .RE,,163,379,542,0,542
Nagpur,,,Kamthi,58,,178,0,0,0,0,0,MARHSEM ARDNERUS TNARKIV .RE,,217,412,629,0,629
Nagpur,,,Kamthi,58,,179,0,0,0,0,0,MARHSEM ARDNERUS TNARKIV .RE,,118,345,463,0,463
Nagpur,,,Kamthi,58,,180,2,0,0,2,0,MARHSEM ARDNERUS TNARKIV .RE,,432,529,961,0,961
Nagpur,,,Kamthi,58,,181,1,0,0,1,0,MARHSEM ARDNERUS TNARKIV .RE,,80,276,356,0,356
Nagpur,,,Kamthi,58,,182,0,0,0,0,1,MARHSEM ARDNERUS TNARKIV .RE,,552,514,1066,1,1067
Nagpur,,,Kamthi,58,,183,0,0,0,0,0,MARHSEM ARDNERUS TNARKIV .RE,,463,494,957,0,957
Nagpur,,,Kamthi,58,,184,0,0,0,0,0,MARHSEM ARDNERUS TNARKIV .RE,,246,372,618,0,618
Nagpur,,,Kamthi,58,,185,2,0,0,2,1,MARHSEM ARDNERUS TNARKIV .RE,,457,645,1102,1,1103
Nagpur,,,Kamthi,58,,186,0,0,0,0,0,MARHSEM ARDNERUS TNARKIV .RE,,365,518,883,0,883
Nagpur,,,Kamthi,58,,187,1,0,0,1,1,MARHSEM ARDNERUS TNARKIV .RE,,424,522,946,1,947
Nagpur,,,Kamthi,58,,188,1,0,0,1,0,MARHSEM ARDNERUS TNARKIV .RE,,122,369,491,0,491
Nagpur,,,Kamthi,58,,189,0,1,0,1,0,MARHSEM ARDNERUS TNARKIV .RE,,334,512,846,0,846
Nagpur,,,Kamthi,58,,190,0,1,0,1,0,MARHSEM ARDNERUS TNARKIV .RE,,232,355,587,0,587
Nagpur,,,Kamthi,58,,191,0,2,0,2,0,MARHSEM ARDNERUS TNARKIV .RE,,506,454,960,0,960
Nagpur,,,Kamthi,58,,192,0,0,0,0,0,MARHSEM ARDNERUS TNARKIV .RE,,253,489,742,0,742
Nagpur,,,Kamthi,58,,193,0,0,0,0,0,MARHSEM ARDNERUS TNARKIV .RE,,267,410,677,0,677
Nagpur,,,Kamthi,58,,194,0,1,0,1,0,MARHSEM ARDNERUS TNARKIV .RE,,242,396,638,0,638
Nagpur,,,Kamthi,58,,195,0,0,0,0,0,MARHSEM ARDNERUS TNARKIV .RE,,315,509,824,0,824
Nagpur,,,Kamthi,58,,196,0,0,0,0,0,MARHSEM ARDNERUS TNARKIV .RE,,117,498,615,0,615
Nagpur,,,Kamthi,58,,197,0,0,0,0,0,MARHSEM ARDNERUS TNARKIV .RE,,161,440,601,0,601
Nagpur,,,Kamthi,58,,198,1,0,0,1,0,MARHSEM ARDNERUS TNARKIV .RE,,291,449,740,0,740
Nagpur,,,Kamthi,58,,199,0,0,0,0,0,MARHSEM ARDNERUS TNARKIV .RE,,213,398,611,0,611
Nagpur,,,Kamthi,58,,200,0,1,0,1,0,MARHSEM ARDNERUS TNARKIV .RE,,175,441,616,0,616
Nagpur,,,Kamthi,58,,201,1,1,0,2,0,MARHSEM ARDNERUS TNARKIV .RE,,306,458,764,0,764
Nagpur,,,Kamthi,58,,202,0,0,0,0,1,MARHSEM ARDNERUS TNARKIV .RE,,336,533,869,1,870
Nagpur,,,Kamthi,58,,203,0,0,0,0,0,MARHSEM ARDNERUS TNARKIV .RE,,273,624,897,0,897
Nagpur,,,Kamthi,58,,204,0,1,0,1,0,MARHSEM ARDNERUS TNARKIV .RE,,364,547,911,0,911
Nagpur,,,Kamthi,58,,205,0,1,0,1,0,MARHSEM ARDNERUS TNARKIV .RE,,453,649,1102,0,1102
Nagpur,,,Kamthi,58,,206,1,0,0,1,0,MARHSEM ARDNERUS TNARKIV .RE,,393,608,1001,0,1001
Nagpur,,,Kamthi,58,,207,0,0,0,0,1,MARHSEM ARDNERUS TNARKIV .RE,,241,570,811,1,812
Nagpur,,,Kamthi,58,,208,1,0,0,1,0,MARHSEM ARDNERUS TNARKIV .RE,,276,784,1060,0,1060
Nagpur,,,Kamthi,58,,209,1,1,0,2,0,MARHSEM ARDNERUS TNARKIV .RE,,303,403,706,0,706
Nagpur,,,Kamthi,58,,210,1,0,0,1,2,MARHSEM ARDNERUS TNARKIV .RE,,668,603,1271,2,1273
Nagpur,,,Kamthi,58,,211,0,1,0,1,0,MARHSEM ARDNERUS TNARKIV .RE,,634,423,1057,0,1057
Nagpur,,,Kamthi,58,,212,0,1,0,1,1,MARHSEM ARDNERUS TNARKIV .RE,,303,639,942,1,943
Nagpur,,,Kamthi,58,,213,0,0,0,0,0,MARHSEM ARDNERUS TNARKIV .RE,,186,424,610,0,610
Nagpur,,,Kamthi,58,,214,0,0,0,0,0,MARHSEM ARDNERUS TNARKIV .RE,,342,583,925,0,925
Nagpur,,,Kamthi,58,,215,0,0,0,0,2,MARHSEM ARDNERUS TNARKIV .RE,,359,490,849,2,851
Nagpur,,,Kamthi,58,,216,0,0,0,0,1,MARHSEM ARDNERUS TNARKIV .RE,,344,493,837,1,838
Nagpur,,,Kamthi,58,,217,0,0,0,0,0,MARHSEM ARDNERUS TNARKIV .RE,,310,445,755,0,755
Nagpur,,,Kamthi,58,,218,0,0,0,0,2,MARHSEM ARDNERUS TNARKIV .RE,,339,515,854,2,856
Nagpur,,,Kamthi,58,,219,0,0,0,0,1,MARHSEM ARDNERUS TNARKIV .RE,,406,594,1000,1,1001
Nagpur,,,Kamthi,58,,220,0,0,0,0,1,MARHSEM ARDNERUS TNARKIV .RE,,249,467,716,1,717
Nagpur,,,Kamthi,58,,221,0,0,0,0,1,MARHSEM ARDNERUS TNARKIV .RE,,316,701,1017,1,1018
Nagpur,,,Kamthi,58,,222,0,0,0,0,3,MARHSEM ARDNERUS TNARKIV .RE,,157,620,777,3,780
Nagpur,,,Kamthi,58,,223,0,0,0,0,5,MARHSEM ARDNERUS TNARKIV .RE,,224,565,789,5,794
Nagpur,,,Kamthi,58,,224,0,1,0,1,1,MARHSEM ARDNERUS TNARKIV .RE,,174,723,897,1,898
Nagpur,,,Kamthi,58,,225,0,0,0,0,2,MARHSEM ARDNERUS TNARKIV .RE,,450,589,1039,2,1041
Nagpur,,,Kamthi,58,,226,0,0,0,0,1,MARHSEM ARDNERUS TNARKIV .RE,,397,698,1095,1,1096
Nagpur,,,Kamthi,58,,227,0,1,0,1,0,MARHSEM ARDNERUS TNARKIV .RE,,480,575,1055,0,1055
Nagpur,,,Kamthi,58,,228,0,0,0,0,0,MARHSEM ARDNERUS TNARKIV .RE,,255,484,739,0,739
Nagpur,,,Kamthi,58,,229,1,1,0,2,0,MARHSEM ARDNERUS TNARKIV .RE,,309,482,791,0,791
Nagpur,,,Kamthi,58,,230,0,0,0,0,2,MARHSEM ARDNERUS TNARKIV .RE,,313,591,904,2,906
Nagpur,,,Kamthi,58,,231,0,0,0,0,0,MARHSEM ARDNERUS TNARKIV .RE,,0,231,231,0,231
Nagpur,,,Kamthi,58,,232,1,0,0,1,0,MARHSEM ARDNERUS TNARKIV .RE,,366,767,1133,0,1133
Nagpur,,,Kamthi,58,,233,1,1,0,2,0,MARHSEM ARDNERUS TNARKIV .RE,,385,530,915,0,915
Nagpur,,,Kamthi,58,,234,1,0,0,1,1,MARHSEM ARDNERUS TNARKIV .RE,,262,574,836,1,837
Nagpur,,,Kamthi,58,,235,0,0,0,0,0,MARHSEM ARDNERUS TNARKIV .RE,,554,516,1070,0,1070
Nagpur,,,Kamthi,58,,236,0,0,0,0,0,MARHSEM ARDNERUS TNARKIV .RE,,463,558,1021,0,1021
Nagpur,,,Kamthi,58,,237,0,0,0,0,0,MARHSEM ARDNERUS TNARKIV .RE,,411,695,1106,0,1106
Nagpur,,,Kamthi,58,,238,0,0,0,0,0,MARHSEM ARDNERUS TNARKIV .RE,,561,576,1137,0,1137
Nagpur,,,Kamthi,58,,239,0,0,0,0,0,MARHSEM ARDNERUS TNARKIV .RE,,395,618,1013,0,1013
Nagpur,,,Kamthi,58,,240,0,0,0,0,0,MARHSEM ARDNERUS TNARKIV .RE,,339,553,892,0,892
Nagpur,,,Kamthi,58,,241,0,0,0,0,0,MARHSEM ARDNERUS TNARKIV .RE,,671,517,1188,0,1188
Nagpur,,,Kamthi,58,,242,0,0,0,0,1,MARHSEM ARDNERUS TNARKIV .RE,,435,537,972,1,973
Nagpur,,,Kamthi,58,,243,0,1,0,1,0,MARHSEM ARDNERUS TNARKIV .RE,,491,580,1071,0,1071
Nagpur,,,Kamthi,58,,244,0,0,0,0,0,MARHSEM ARDNERUS TNARKIV .RE,,499,615,1114,0,1114
Nagpur,,,Kamthi,58,,245,0,0,0,0,0,MARHSEM ARDNERUS TNARKIV .RE,,356,515,871,0,871
Nagpur,,,Kamthi,58,,246,0,0,0,0,0,MARHSEM ARDNERUS TNARKIV .RE,,384,480,864,0,864
Nagpur,,,Kamthi,58,,247,0,2,0,2,0,MARHSEM ARDNERUS TNARKIV .RE,,556,517,1073,0,1073
Nagpur,,,Kamthi,58,,248,1,0,0,1,0,MARHSEM ARDNERUS TNARKIV .RE,,353,407,760,0,760
Nagpur,,,Kamthi,58,,249,0,1,0,1,0,MARHSEM ARDNERUS TNARKIV .RE,,223,372,595,0,595
Nagpur,,,Kamthi,58,,250,0,0,0,0,0,MARHSEM ARDNERUS TNARKIV .RE,,507,674,1181,0,1181
Nagpur,,,Kamthi,58,,251,0,0,0,0,0,MARHSEM ARDNERUS TNARKIV .RE,,494,544,1038,0,1038
Nagpur,,,Kamthi,58,,252,1,0,0,1,0,MARHSEM ARDNERUS TNARKIV .RE,,460,355,815,0,815
Nagpur,,,Kamthi,58,,253,0,0,0,0,0,MARHSEM ARDNERUS TNARKIV .RE,,490,495,985,0,985
Nagpur,,,Kamthi,58,,254,0,1,0,1,0,MARHSEM ARDNERUS TNARKIV .RE,,349,370,719,0,719
Nagpur,,,Kamthi,58,,255,0,0,0,0,0,MARHSEM ARDNERUS TNARKIV .RE,,304,403,707,0,707
Nagpur,,,Kamthi,58,,256,0,1,0,1,0,MARHSEM ARDNERUS TNARKIV .RE,,270,365,635,0,635
Nagpur,,,Kamthi,58,,257,0,2,0,2,1,MARHSEM ARDNERUS TNARKIV .RE,,455,541,996,1,997
Nagpur,,,Kamthi,58,,258,0,1,0,1,1,MARHSEM ARDNERUS TNARKIV .RE,,441,498,939,1,940
Nagpur,,,Kamthi,58,,259,0,1,0,1,1,MARHSEM ARDNERUS TNARKIV .RE,,637,611,1248,1,1249
Nagpur,,,Kamthi,58,,260,0,1,0,1,0,MARHSEM ARDNERUS TNARKIV .RE,,440,537,977,0,977
Nagpur,,,Kamthi,58,,261,1,1,0,2,0,MARHSEM ARDNERUS TNARKIV .RE,,413,451,864,0,864
Nagpur,,,Kamthi,58,,262,1,3,0,4,1,MARHSEM ARDNERUS TNARKIV .RE,,541,666,1207,1,1208
Nagpur,,,Kamthi,58,,263,1,0,0,1,0,MARHSEM ARDNERUS TNARKIV .RE,,598,562,1160,0,1160
Nagpur,,,Kamthi,58,,264,0,0,0,0,0,MARHSEM ARDNERUS TNARKIV .RE,,362,411,773,0,773
Nagpur,,,Kamthi,58,,265,0,2,0,2,1,MARHSEM ARDNERUS TNARKIV .RE,,341,426,767,1,768
Nagpur,,,Kamthi,58,,266,0,2,0,2,0,MARHSEM ARDNERUS TNARKIV .RE,,620,546,1166,0,1166
Nagpur,,,Kamthi,58,,267,0,0,0,0,0,MARHSEM ARDNERUS TNARKIV .RE,,454,481,935,0,935
Nagpur,,,Kamthi,58,,268,0,0,0,0,0,MARHSEM ARDNERUS TNARKIV .RE,,276,509,785,0,785
Nagpur,,,Kamthi,58,,269,4,2,0,6,1,MARHSEM ARDNERUS TNARKIV .RE,,584,514,1098,1,1099
Nagpur,,,Kamthi,58,,270,0,1,0,1,0,MARHSEM ARDNERUS TNARKIV .RE,,570,566,1136,0,1136
Nagpur,,,Kamthi,58,,271,0,1,0,1,0,MARHSEM ARDNERUS TNARKIV .RE,,378,444,822,0,822
Nagpur,,,Kamthi,58,,272,0,1,0,1,0,MARHSEM ARDNERUS TNARKIV .RE,,320,121,441,0,441
Nagpur,,,Kamthi,58,,273,0,2,0,2,0,MARHSEM ARDNERUS TNARKIV .RE,,482,507,989,0,989
Nagpur,,,Kamthi,58,,274,0,0,0,0,0,MARHSEM ARDNERUS TNARKIV .RE,,397,127,524,0,524
Nagpur,,,Kamthi,58,,275,0,0,0,0,0,MARHSEM ARDNERUS TNARKIV .RE,,346,588,934,0,934
Nagpur,,,Kamthi,58,,276,2,0,0,2,1,MARHSEM ARDNERUS TNARKIV .RE,,403,578,981,1,982
Nagpur,,,Kamthi,58,,277,0,2,0,2,0,MARHSEM ARDNERUS TNARKIV .RE,,197,623,820,0,820
Nagpur,,,Kamthi,58,,278,0,0,0,0,0,MARHSEM ARDNERUS TNARKIV .RE,,343,483,826,0,826
Nagpur,,,Kamthi,58,,279,0,0,0,0,0,MARHSEM ARDNERUS TNARKIV .RE,,264,466,730,0,730
Nagpur,,,Kamthi,58,,280,0,0,0,0,0,MARHSEM ARDNERUS TNARKIV .RE,,295,454,749,0,749
Nagpur,,,Kamthi,58,,281,2,0,0,2,0,MARHSEM ARDNERUS TNARKIV .RE,,216,484,700,0,700
Nagpur,,,Kamthi,58,,282,0,2,0,2,0,MARHSEM ARDNERUS TNARKIV .RE,,255,430,685,0,685
Nagpur,,,Kamthi,58,,283,0,0,0,0,0,MARHSEM ARDNERUS TNARKIV .RE,,505,646,1151,0,1151
Nagpur,,,Kamthi,58,,284,0,3,0,3,0,MARHSEM ARDNERUS TNARKIV .RE,,589,415,1004,0,1004
Nagpur,,,Kamthi,58,,285,0,0,0,0,0,MARHSEM ARDNERUS TNARKIV .RE,,179,502,681,0,681
Nagpur,,,Kamthi,58,,286,0,0,0,0,0,MARHSEM ARDNERUS TNARKIV .RE,,132,376,508,0,508
Nagpur,,,Kamthi,58,,287,0,0,0,0,0,MARHSEM ARDNERUS TNARKIV .RE,,208,415,623,0,623
Nagpur,,,Kamthi,58,,288,0,1,0,1,0,MARHSEM ARDNERUS TNARKIV .RE,,441,652,1093,0,1093
Nagpur,,,Kamthi,58,,289,0,0,0,0,0,MARHSEM ARDNERUS TNARKIV .RE,,240,518,758,0,758
Nagpur,,,Kamthi,58,,290,0,0,0,0,0,MARHSEM ARDNERUS TNARKIV .RE,,144,417,561,0,561
Nagpur,,,Kamthi,58,,291,0,1,0,1,0,MARHSEM ARDNERUS TNARKIV .RE,,399,541,940,0,940
Nagpur,,,Kamthi,58,,292,1,0,0,1,0,MARHSEM ARDNERUS TNARKIV .RE,,383,530,913,0,913
Nagpur,,,Kamthi,58,,293,0,0,0,0,0,MARHSEM ARDNERUS TNARKIV .RE,,395,568,963,0,963
Nagpur,,,Kamthi,58,,294,0,0,0,0,1,MARHSEM ARDNERUS TNARKIV .RE,,303,495,798,1,799
Nagpur,,,Kamthi,58,,295,0,0,0,0,0,MARHSEM ARDNERUS TNARKIV .RE,,300,581,881,0,881
Nagpur,,,Kamthi,58,,296,0,0,0,0,0,MARHSEM ARDNERUS TNARKIV .RE,,226,463,689,0,689
Nagpur,,,Kamthi,58,,297,0,0,0,0,0,MARHSEM ARDNERUS TNARKIV .RE,,408,456,864,0,864
Nagpur,,,Kamthi,58,,298,1,0,0,1,0,MARHSEM ARDNERUS TNARKIV .RE,,130,474,604,0,604
Nagpur,,,Kamthi,58,,299,0,0,0,0,0,MARHSEM ARDNERUS TNARKIV .RE,,351,533,884,0,884
Nagpur,,,Kamthi,58,,300,0,0,0,0,0,MARHSEM ARDNERUS TNARKIV .RE,,309,570,879,0,879
Nagpur,,,Kamthi,58,,301,1,0,0,1,0,MARHSEM ARDNERUS TNARKIV .RE,,383,645,1028,0,1028
Nagpur,,,Kamthi,58,,302,0,0,0,0,1,MARHSEM ARDNERUS TNARKIV .RE,,208,703,911,1,912
Nagpur,,,Kamthi,58,,303,0,1,0,1,0,MARHSEM ARDNERUS TNARKIV .RE,,244,573,817,0,817
Nagpur,,,Kamthi,58,,304,0,0,0,0,0,MARHSEM ARDNERUS TNARKIV .RE,,379,637,1016,0,1016
Nagpur,,,Kamthi,58,,305,2,0,0,2,0,MARHSEM ARDNERUS TNARKIV .RE,,329,612,941,0,941
Nagpur,,,Kamthi,58,,306,0,1,0,1,0,MARHSEM ARDNERUS TNARKIV .RE,,504,751,1255,0,1255
Nagpur,,,Kamthi,58,,307,0,1,0,1,0,MARHSEM ARDNERUS TNARKIV .RE,,521,647,1168,0,1168
Nagpur,,,Kamthi,58,,308,0,0,0,0,0,MARHSEM ARDNERUS TNARKIV .RE,,322,630,952,0,952
Nagpur,,,Kamthi,58,,309,0,0,0,0,0,MARHSEM ARDNERUS TNARKIV .RE,,272,666,938,0,938
Nagpur,,,Kamthi,58,,310,0,0,0,0,0,MARHSEM ARDNERUS TNARKIV .RE,,346,584,930,0,930
Nagpur,,,Kamthi,58,,311,0,0,0,0,0,MARHSEM ARDNERUS TNARKIV .RE,,407,599,1006,0,1006
Nagpur,,,Kamthi,58,,312,1,1,0,2,0,MARHSEM ARDNERUS TNARKIV .RE,,447,742,1189,0,1189
Nagpur,,,Kamthi,58,,313,0,0,0,0,0,MARHSEM ARDNERUS TNARKIV .RE,,288,602,890,0,890
Nagpur,,,Kamthi,58,,314,0,1,0,1,1,MARHSEM ARDNERUS TNARKIV .RE,,320,687,1007,1,1008
Nagpur,,,Kamthi,58,,315,0,2,0,2,0,MARHSEM ARDNERUS TNARKIV .RE,,274,560,834,0,834
Nagpur,,,Kamthi,58,,316,0,0,0,0,0,MARHSEM ARDNERUS TNARKIV .RE,,464,632,1096,0,1096
Nagpur,,,Kamthi,58,,317,0,1,0,1,0,MARHSEM ARDNERUS TNARKIV .RE,,315,554,869,0,869
Nagpur,,,Kamthi,58,,318,0,0,0,0,1,MARHSEM ARDNERUS TNARKIV .RE,,304,549,853,1,854
Nagpur,,,Kamthi,58,,319,0,0,0,0,1,MARHSEM ARDNERUS TNARKIV .RE,,315,774,1089,1,1090
Nagpur,,,Kamthi,58,,320,2,0,0,2,0,MARHSEM ARDNERUS TNARKIV .RE,,293,762,1055,0,1055
Nagpur,,,Kamthi,58,,321,0,0,0,0,0,MARHSEM ARDNERUS TNARKIV .RE,,246,544,790,0,790
Nagpur,,,Kamthi,58,,322,1,0,0,1,0,MARHSEM ARDNERUS TNARKIV .RE,,471,587,1058,0,1058
Nagpur,,,Kamthi,58,,323,0,0,0,0,0,MARHSEM ARDNERUS TNARKIV .RE,,333,620,953,0,953
Nagpur,,,Kamthi,58,,324,0,1,0,1,0,MARHSEM ARDNERUS TNARKIV .RE,,256,559,815,0,815
Nagpur,,,Kamthi,58,,325,0,0,0,0,0,MARHSEM ARDNERUS TNARKIV .RE,,363,739,1102,0,1102
Nagpur,,,Kamthi,58,,326,0,0,0,0,0,MARHSEM ARDNERUS TNARKIV .RE,,373,727,1100,0,1100
Nagpur,,,Kamthi,58,,327,0,1,0,1,0,MARHSEM ARDNERUS TNARKIV .RE,,238,570,808,0,808
Nagpur,,,Kamthi,58,,328,0,0,0,0,0,MARHSEM ARDNERUS TNARKIV .RE,,223,485,708,0,708
Nagpur,,,Kamthi,58,,329,0,0,0,0,0,MARHSEM ARDNERUS TNARKIV .RE,,160,500,660,0,660
Nagpur,,,Kamthi,58,,330,0,0,0,0,0,MARHSEM ARDNERUS TNARKIV .RE,,73,455,528,0,528
Nagpur,,,Kamthi,58,,331,1,0,0,1,0,MARHSEM ARDNERUS TNARKIV .RE,,210,457,667,0,667
Nagpur,,,Kamthi,58,,332,0,0,0,0,0,MARHSEM ARDNERUS TNARKIV .RE,,119,481,600,0,600
Nagpur,,,Kamthi,58,,333,0,0,0,0,0,MARHSEM ARDNERUS TNARKIV .RE,,501,748,1249,0,1249
Nagpur,,,Kamthi,58,,334,0,0,0,0,0,MARHSEM ARDNERUS TNARKIV .RE,,358,704,1062,0,1062
Nagpur,,,Kamthi,58,,335,0,0,0,0,1,MARHSEM ARDNERUS TNARKIV .RE,,413,673,1086,1,1087
Nagpur,,,Kamthi,58,,336,0,2,0,2,0,MARHSEM ARDNERUS TNARKIV .RE,,253,502,755,0,755
Nagpur,,,Kamthi,58,,337,0,0,0,0,0,MARHSEM ARDNERUS TNARKIV .RE,,508,606,1114,0,1114
Nagpur,,,Kamthi,58,,338,0,1,0,1,1,MARHSEM ARDNERUS TNARKIV .RE,,288,582,870,1,871
Nagpur,,,Kamthi,58,,339,0,0,0,0,0,MARHSEM ARDNERUS TNARKIV .RE,,448,734,1182,0,1182
Nagpur,,,Kamthi,58,,340,0,0,0,0,0,MARHSEM ARDNERUS TNARKIV .RE,,163,564,727,0,727
Nagpur,,,Kamthi,58,,341,0,0,0,0,0,MARHSEM ARDNERUS TNARKIV .RE,,271,681,952,0,952
Nagpur,,,Kamthi,58,,342,0,1,0,1,0,MARHSEM ARDNERUS TNARKIV .RE,,580,471,1051,0,1051
Nagpur,,,Kamthi,58,,343,1,0,0,1,0,MARHSEM ARDNERUS TNARKIV .RE,,504,418,922,0,922
Nagpur,,,Kamthi,58,,344,0,0,0,0,0,MARHSEM ARDNERUS TNARKIV .RE,,246,535,781,0,781
Nagpur,,,Kamthi,58,,345,0,0,0,0,1,MARHSEM ARDNERUS TNARKIV .RE,,473,580,1053,1,1054
Nagpur,,,Kamthi,58,,346,0,0,0,0,0,MARHSEM ARDNERUS TNARKIV .RE,,342,653,995,0,995
Nagpur,,,Kamthi,58,,347,0,1,0,1,0,MARHSEM ARDNERUS TNARKIV .RE,,280,654,934,0,934
Nagpur,,,Kamthi,58,,348,3,0,0,3,2,MARHSEM ARDNERUS TNARKIV .RE,,448,615,1063,2,1065
Nagpur,,,Kamthi,58,,349,0,0,0,0,1,MARHSEM ARDNERUS TNARKIV .RE,,388,638,1026,1,1027
Nagpur,,,Kamthi,58,,350,1,0,0,1,0,MARHSEM ARDNERUS TNARKIV .RE,,351,654,1005,0,1005
Nagpur,,,Kamthi,58,,351,0,1,0,1,0,MARHSEM ARDNERUS TNARKIV .RE,,563,744,1307,0,1307
Nagpur,,,Kamthi,58,,352,0,0,0,0,0,MARHSEM ARDNERUS TNARKIV .RE,,261,515,776,0,776
Nagpur,,,Kamthi,58,,353,0,0,0,0,1,MARHSEM ARDNERUS TNARKIV .RE,,221,716,937,1,938
Nagpur,,,Kamthi,58,,354,0,0,0,0,0,MARHSEM ARDNERUS TNARKIV .RE,,266,608,874,0,874
Nagpur,,,Kamthi,58,,355,0,0,0,0,0,MARHSEM ARDNERUS TNARKIV .RE,,335,594,929,0,929
Nagpur,,,Kamthi,58,,356,0,1,0,1,0,MARHSEM ARDNERUS TNARKIV .RE,,286,820,1106,0,1106
Nagpur,,,Kamthi,58,,357,0,0,0,0,0,MARHSEM ARDNERUS TNARKIV .RE,,528,509,1037,0,1037
Nagpur,,,Kamthi,58,,358,0,0,0,0,0,MARHSEM ARDNERUS TNARKIV .RE,,381,538,919,0,919
Nagpur,,,Kamthi,58,,359,0,0,0,0,0,MARHSEM ARDNERUS TNARKIV .RE,,401,577,978,0,978
Nagpur,,,Kamthi,58,,360,0,0,0,0,2,MARHSEM ARDNERUS TNARKIV .RE,,508,759,1267,2,1269
Nagpur,,,Kamthi,58,,361,0,0,0,0,0,MARHSEM ARDNERUS TNARKIV .RE,,177,583,760,0,760
Nagpur,,,Kamthi,58,,362,0,0,0,0,0,MARHSEM ARDNERUS TNARKIV .RE,,168,517,685,0,685
Nagpur,,,Kamthi,58,,363,0,0,0,0,0,MARHSEM ARDNERUS TNARKIV .RE,,356,563,919,0,919
Nagpur,,,Kamthi,58,,364,0,0,0,0,1,MARHSEM ARDNERUS TNARKIV .RE,,261,710,971,1,972
Nagpur,,,Kamthi,58,,365,0,1,0,1,1,MARHSEM ARDNERUS TNARKIV .RE,,243,543,786,1,787
Nagpur,,,Kamthi,58,,366,0,0,0,0,0,MARHSEM ARDNERUS TNARKIV .RE,,251,747,998,0,998
Nagpur,,,Kamthi,58,,367,0,0,0,0,1,MARHSEM ARDNERUS TNARKIV .RE,,550,677,1227,1,1228
Nagpur,,,Kamthi,58,,368,0,0,0,0,0,MARHSEM ARDNERUS TNARKIV .RE,,466,576,1042,0,1042
Nagpur,,,Kamthi,58,,369,0,0,0,0,0,MARHSEM ARDNERUS TNARKIV .RE,,463,628,1091,0,1091
Nagpur,,,Kamthi,58,,370,0,0,0,0,0,MARHSEM ARDNERUS TNARKIV .RE,,557,608,1165,0,1165
Nagpur,,,Kamthi,58,,371,0,0,0,0,0,MARHSEM ARDNERUS TNARKIV .RE,,523,639,1162,0,1162
Nagpur,,,Kamthi,58,,372,0,0,0,0,0,MARHSEM ARDNERUS TNARKIV .RE,,524,678,1202,0,1202
Nagpur,,,Kamthi,58,,373,0,0,0,0,0,MARHSEM ARDNERUS TNARKIV .RE,,624,626,1250,0,1250
Nagpur,,,Kamthi,58,,374,0,0,0,0,0,MARHSEM ARDNERUS TNARKIV .RE,,470,648,1118,0,1118
Nagpur,,,Kamthi,58,,375,0,0,0,0,0,MARHSEM ARDNERUS TNARKIV .RE,,485,669,1154,0,1154
Nagpur,,,Kamthi,58,,376,0,1,0,1,1,MARHSEM ARDNERUS TNARKIV .RE,,377,579,956,1,957
Nagpur,,,Kamthi,58,,377,1,1,0,2,0,MARHSEM ARDNERUS TNARKIV .RE,,487,672,1159,0,1159
Nagpur,,,Kamthi,58,,378,0,1,0,1,0,MARHSEM ARDNERUS TNARKIV .RE,,376,589,965,0,965
Nagpur,,,Kamthi,58,,379,1,0,0,1,0,MARHSEM ARDNERUS TNARKIV .RE,,370,554,924,0,924
Nagpur,,,Kamthi,58,,380,0,1,0,1,0,MARHSEM ARDNERUS TNARKIV .RE,,440,563,1003,0,1003
Nagpur,,,Kamthi,58,,381,0,0,0,0,0,MARHSEM ARDNERUS TNARKIV .RE,,239,563,802,0,802
Nagpur,,,Kamthi,58,,382,0,0,0,0,0,MARHSEM ARDNERUS TNARKIV .RE,,281,530,811,0,811
Nagpur,,,Kamthi,58,,383,0,0,0,0,0,MARHSEM ARDNERUS TNARKIV .RE,,356,575,931,0,931
Nagpur,,,Kamthi,58,,384,0,0,0,0,0,MARHSEM ARDNERUS TNARKIV .RE,,285,542,827,0,827
Nagpur,,,Kamthi,58,,385,0,0,0,0,0,MARHSEM ARDNERUS TNARKIV .RE,,433,619,1052,0,1052
Nagpur,,,Kamthi,58,,386,0,0,0,0,0,MARHSEM ARDNERUS TNARKIV .RE,,447,650,1097,0,1097
Nagpur,,,Kamthi,58,,387,0,1,0,1,0,MARHSEM ARDNERUS TNARKIV .RE,,384,661,1045,0,1045
Nagpur,,,Kamthi,58,,388,0,0,0,0,0,MARHSEM ARDNERUS TNARKIV .RE,,435,691,1126,0,1126
Nagpur,,,Kamthi,58,,389,0,1,0,1,0,MARHSEM ARDNERUS TNARKIV .RE,,540,665,1205,0,1205
Nagpur,,,Kamthi,58,,390,0,0,0,0,0,MARHSEM ARDNERUS TNARKIV .RE,,475,647,1122,0,1122
Nagpur,,,Kamthi,58,,391,0,0,0,0,0,MARHSEM ARDNERUS TNARKIV .RE,,510,696,1206,0,1206
Nagpur,,,Kamthi,58,,392,0,0,0,0,0,MARHSEM ARDNERUS TNARKIV .RE,,468,608,1076,0,1076
Nagpur,,,Kamthi,58,,393,1,0,0,1,0,MARHSEM ARDNERUS TNARKIV .RE,,457,668,1125,0,1125
Nagpur,,,Kamthi,58,,394,0,0,0,0,0,MARHSEM ARDNERUS TNARKIV .RE,,413,631,1044,0,1044
Nagpur,,,Kamthi,58,,395,0,0,0,0,0,MARHSEM ARDNERUS TNARKIV .RE,,434,621,1055,0,1055
Nagpur,,,Kamthi,58,,396,0,0,0,0,0,MARHSEM ARDNERUS TNARKIV .RE,,215,581,796,0,796
Nagpur,,,Kamthi,58,,397,0,0,0,0,0,MARHSEM ARDNERUS TNARKIV .RE,,328,177,505,0,505
Nagpur,,,Kamthi,58,,398,0,1,0,1,0,MARHSEM ARDNERUS TNARKIV .RE,,461,655,1116,0,1116
Nagpur,,,Kamthi,58,,399,0,0,0,0,0,MARHSEM ARDNERUS TNARKIV .RE,,244,578,822,0,822
Nagpur,,,Kamthi,58,,400,0,0,0,0,0,MARHSEM ARDNERUS TNARKIV .RE,,297,156,453,0,453
Nagpur,,,Kamthi,58,,401,0,0,0,0,0,MARHSEM ARDNERUS TNARKIV .RE,,436,633,1069,0,1069
Nagpur,,,Kamthi,58,,402,0,1,0,1,1,MARHSEM ARDNERUS TNARKIV .RE,,319,590,909,1,910
Nagpur,,,Kamthi,58,,403,1,0,0,1,0,MARHSEM ARDNERUS TNARKIV .RE,,297,558,855,0,855
Nagpur,,,Kamthi,58,,404,1,0,0,1,0,MARHSEM ARDNERUS TNARKIV .RE,,306,726,1032,0,1032
Nagpur,,,Kamthi,58,,405,1,0,0,1,0,MARHSEM ARDNERUS TNARKIV .RE,,374,716,1090,0,1090
Nagpur,,,Kamthi,58,,406,0,0,0,0,0,MARHSEM ARDNERUS TNARKIV .RE,,383,641,1024,0,1024
Nagpur,,,Kamthi,58,,407,0,1,0,1,0,MARHSEM ARDNERUS TNARKIV .RE,,364,704,1068,0,1068
Nagpur,,,Kamthi,58,,408,1,0,0,1,0,MARHSEM ARDNERUS TNARKIV .RE,,422,650,1072,0,1072
Nagpur,,,Kamthi,58,,409,0,0,0,0,0,MARHSEM ARDNERUS TNARKIV .RE,,390,637,1027,0,1027
Nagpur,,,Kamthi,58,,410,1,0,0,1,0,MARHSEM ARDNERUS TNARKIV .RE,,352,243,595,0,595
Nagpur,,,Kamthi,58,,411,1,0,0,1,0,MARHSEM ARDNERUS TNARKIV .RE,,546,687,1233,0,1233
Nagpur,,,Kamthi,58,,412,1,0,0,1,1,MARHSEM ARDNERUS TNARKIV .RE,,267,566,833,1,834
Nagpur,,,Kamthi,58,,413,0,0,0,0,0,MARHSEM ARDNERUS TNARKIV .RE,,322,135,457,0,457
Nagpur,,,Kamthi,58,,414,0,0,0,0,0,MARHSEM ARDNERUS TNARKIV .RE,,218,528,746,0,746
Nagpur,,,Kamthi,58,,415,0,0,0,0,0,MARHSEM ARDNERUS TNARKIV .RE,,285,580,865,0,865
Nagpur,,,Kamthi,58,,416,0,0,0,0,0,MARHSEM ARDNERUS TNARKIV .RE,,227,549,776,0,776
Nagpur,,,Kamthi,58,,417,1,0,0,1,0,MARHSEM ARDNERUS TNARKIV .RE,,421,753,1174,0,1174
Nagpur,,,Kamthi,58,,418,0,0,0,0,0,MARHSEM ARDNERUS TNARKIV .RE,,394,766,1160,0,1160
Nagpur,,,Kamthi,58,,419,0,1,0,1,0,MARHSEM ARDNERUS TNARKIV .RE,,253,736,989,0,989
Nagpur,,,Kamthi,58,,420,0,0,0,0,1,MARHSEM ARDNERUS TNARKIV .RE,,163,696,859,1,860
Nagpur,,,Kamthi,58,,421,0,0,0,0,1,MARHSEM ARDNERUS TNARKIV .RE,,252,594,846,1,847
Nagpur,,,Kamthi,58,,422,1,1,0,2,0,MARHSEM ARDNERUS TNARKIV .RE,,241,717,958,0,958
Nagpur,,,Kamthi,58,,423,0,0,0,0,1,MARHSEM ARDNERUS TNARKIV .RE,,325,592,917,1,918
Nagpur,,,Kamthi,58,,424,1,1,0,2,0,MARHSEM ARDNERUS TNARKIV .RE,,270,556,826,0,826
Nagpur,,,Kamthi,58,,425,0,0,0,0,0,MARHSEM ARDNERUS TNARKIV .RE,,330,569,899,0,899
Nagpur,,,Kamthi,58,,426,1,1,0,2,0,MARHSEM ARDNERUS TNARKIV .RE,,408,720,1128,0,1128
Nagpur,,,Kamthi,58,,427,1,2,0,3,0,MARHSEM ARDNERUS TNARKIV .RE,,243,631,874,0,874
Nagpur,,,Kamthi,58,,428,0,0,0,0,0,MARHSEM ARDNERUS TNARKIV .RE,,430,638,1068,0,1068
Nagpur,,,Kamthi,58,,429,2,0,0,2,1,MARHSEM ARDNERUS TNARKIV .RE,,343,699,1042,1,1043
Nagpur,,,Kamthi,58,,430,1,0,0,1,1,MARHSEM ARDNERUS TNARKIV .RE,,244,607,851,1,852
Nagpur,,,Kamthi,58,,431,0,0,0,0,0,MARHSEM ARDNERUS TNARKIV .RE,,189,567,756,0,756
Nagpur,,,Kamthi,58,,432,19,0,0,19,0,MARHSEM ARDNERUS TNARKIV .RE,,302,684,986,0,986
Nagpur,,,Kamthi,58,,433,17,0,0,17,0,MARHSEM ARDNERUS TNARKIV .RE,,340,667,1007,0,1007
Nagpur,,,Kamthi,58,,434,0,0,0,0,0,MARHSEM ARDNERUS TNARKIV .RE,,114,591,705,0,705
Nagpur,,,Kamthi,58,,435,3,0,0,3,0,MARHSEM ARDNERUS TNARKIV .RE,,386,721,1107,0,1107
Nagpur,,,Kamthi,58,,436,1,0,0,1,1,MARHSEM ARDNERUS TNARKIV .RE,,208,626,834,1,835
Nagpur,,,Kamthi,58,,437,3,1,0,4,0,MARHSEM ARDNERUS TNARKIV .RE,,234,704,938,0,938
Nagpur,,,Kamthi,58,,438,0,0,0,0,0,MARHSEM ARDNERUS TNARKIV .RE,,205,587,792,0,792
Nagpur,,,Kamthi,58,,439,0,0,0,0,0,MARHSEM ARDNERUS TNARKIV .RE,,82,594,676,0,676
Nagpur,,,Kamthi,58,,440,0,0,0,0,0,MARHSEM ARDNERUS TNARKIV .RE,,200,568,768,0,768
Nagpur,,,Kamthi,58,,441,0,0,0,0,1,MARHSEM ARDNERUS TNARKIV .RE,,53,606,659,1,660
Nagpur,,,Kamthi,58,,442,0,0,0,0,0,MARHSEM ARDNERUS TNARKIV .RE,,67,486,553,0,553
Nagpur,,,Kamthi,58,,443,1,0,0,1,0,MARHSEM ARDNERUS TNARKIV .RE,,303,898,1201,0,1201
Nagpur,,,Kamthi,58,,444,1,1,0,2,1,MARHSEM ARDNERUS TNARKIV .RE,,368,835,1203,1,1204
Nagpur,,,Kamthi,58,,445,0,0,0,0,1,MARHSEM ARDNERUS TNARKIV .RE,,414,768,1182,1,1183
Nagpur,,,Kamthi,58,,446,1,0,0,1,0,MARHSEM ARDNERUS TNARKIV .RE,,188,568,756,0,756
Nagpur,,,Kamthi,58,,447,0,0,0,0,0,MARHSEM ARDNERUS TNARKIV .RE,,344,642,986,0,986
Nagpur,,,Kamthi,58,,448,0,0,0,0,0,MARHSEM ARDNERUS TNARKIV .RE,,287,557,844,0,844
Nagpur,,,Kamthi,58,,449,0,0,0,0,0,MARHSEM ARDNERUS TNARKIV .RE,,370,596,966,0,966
Nagpur,,,Kamthi,58,,450,0,0,0,0,0,MARHSEM ARDNERUS TNARKIV .RE,,245,604,849,0,849
Nagpur,,,Kamthi,58,,451,0,0,0,0,0,MARHSEM ARDNERUS TNARKIV .RE,,337,697,1034,0,1034
Nagpur,,,Kamthi,58,,452,1,0,0,1,1,MARHSEM ARDNERUS TNARKIV .RE,,340,655,995,1,996
Nagpur,,,Kamthi,58,,453,0,0,0,0,0,MARHSEM ARDNERUS TNARKIV .RE,,267,641,908,0,908
Nagpur,,,Kamthi,58,,454,0,0,0,0,1,MARHSEM ARDNERUS TNARKIV .RE,,372,617,989,1,990
Nagpur,,,Kamthi,58,,455,1,0,0,1,0,MARHSEM ARDNERUS TNARKIV .RE,,326,569,895,0,895
Nagpur,,,Kamthi,58,,456,0,0,0,0,0,MARHSEM ARDNERUS TNARKIV .RE,,365,591,956,0,956
Nagpur,,,Kamthi,58,,457,0,0,0,0,0,MARHSEM ARDNERUS TNARKIV .RE,,277,612,889,0,889
Nagpur,,,Kamthi,58,,458,0,1,0,1,0,MARHSEM ARDNERUS TNARKIV .RE,,486,680,1166,0,1166
Nagpur,,,Kamthi,58,,459,0,1,0,1,1,MARHSEM ARDNERUS TNARKIV .RE,,325,619,944,1,945
Nagpur,,,Kamthi,58,,460,0,0,0,0,0,MARHSEM ARDNERUS TNARKIV .RE,,438,684,1122,0,1122
Nagpur,,,Kamthi,58,,461,0,0,0,0,0,MARHSEM ARDNERUS TNARKIV .RE,,526,696,1222,0,1222
Nagpur,,,Kamthi,58,,462,0,0,0,0,0,MARHSEM ARDNERUS TNARKIV .RE,,478,685,1163,0,1163
Nagpur,,,Kamthi,58,,463,1,0,0,1,0,MARHSEM ARDNERUS TNARKIV .RE,,390,649,1039,0,1039
Nagpur,,,Kamthi,58,,464,0,0,0,0,0,MARHSEM ARDNERUS TNARKIV .RE,,410,616,1026,0,1026
Nagpur,,,Kamthi,58,,465,0,0,0,0,0,MARHSEM ARDNERUS TNARKIV .RE,,443,680,1123,0,1123
Nagpur,,,Kamthi,58,,466,0,0,0,0,0,MARHSEM ARDNERUS TNARKIV .RE,,291,583,874,0,874
Nagpur,,,Kamthi,58,,467,1,0,0,1,0,MARHSEM ARDNERUS TNARKIV .RE,,303,589,892,0,892
Nagpur,,,Kamthi,58,,468,1,0,0,1,0,MARHSEM ARDNERUS TNARKIV .RE,,483,627,1110,0,1110
Nagpur,,,Kamthi,58,,469,1,0,0,1,0,MARHSEM ARDNERUS TNARKIV .RE,,294,625,919,0,919
Nagpur,,,Kamthi,58,,470,0,0,0,0,0,MARHSEM ARDNERUS TNARKIV .RE,,463,678,1141,0,1141
Nagpur,,,Kamthi,58,,471,0,0,0,0,0,MARHSEM ARDNERUS TNARKIV .RE,,276,577,853,0,853
Nagpur,,,Kamthi,58,,472,0,0,0,0,0,MARHSEM ARDNERUS TNARKIV .RE,,268,591,859,0,859
Nagpur,,,Kamthi,58,,473,0,0,0,0,0,MARHSEM ARDNERUS TNARKIV .RE,,398,655,1053,0,1053
Nagpur,,,Kamthi,58,,474,0,0,0,0,0,MARHSEM ARDNERUS TNARKIV .RE,,445,669,1114,0,1114
Nagpur,,,Kamthi,58,,475,0,0,0,0,0,MARHSEM ARDNERUS TNARKIV .RE,,320,600,920,0,920
Nagpur,,,Kamthi,58,,476,0,0,0,0,0,MARHSEM ARDNERUS TNARKIV .RE,,256,591,847,0,847
Nagpur,,,Kamthi,58,,477,1,0,0,1,0,MARHSEM ARDNERUS TNARKIV .RE,,257,578,835,0,835
Nagpur,,,Kamthi,58,,478,0,0,0,0,0,MARHSEM ARDNERUS TNARKIV .RE,,298,577,875,0,875
Nagpur,,,Kamthi,58,,479,0,0,0,0,0,MARHSEM ARDNERUS TNARKIV .RE,,392,619,1011,0,1011
Nagpur,,,Kamthi,58,,480,0,0,0,0,0,MARHSEM ARDNERUS TNARKIV .RE,,396,675,1071,0,1071
Nagpur,,,Kamthi,58,,481,1,0,0,1,0,MARHSEM ARDNERUS TNARKIV .RE,,392,649,1041,0,1041
Nagpur,,,Kamthi,58,,482,0,0,0,0,0,MARHSEM ARDNERUS TNARKIV .RE,,489,654,1143,0,1143
Nagpur,,,Kamthi,58,,483,0,0,0,0,0,MARHSEM ARDNERUS TNARKIV .RE,,467,657,1124,0,1124
Nagpur,,,Kamthi,58,,484,0,0,0,0,0,MARHSEM ARDNERUS TNARKIV .RE,,363,620,983,0,983
Nagpur,,,Kamthi,58,,485,1,1,0,2,0,MARHSEM ARDNERUS TNARKIV .RE,,365,627,992,0,992
Nagpur,,,Kamthi,58,,486,0,0,0,0,0,MARHSEM ARDNERUS TNARKIV .RE,,426,800,1226,0,1226
Nagpur,,,Kamthi,58,,487,0,0,0,0,0,MARHSEM ARDNERUS TNARKIV .RE,,308,712,1020,0,1020
Nagpur,,,Kamthi,58,,488,0,0,0,0,0,MARHSEM ARDNERUS TNARKIV .RE,,465,741,1206,0,1206
Nagpur,,,Kamthi,58,,489,0,0,0,0,1,MARHSEM ARDNERUS TNARKIV .RE,,339,680,1019,1,1020
Nagpur,,,Kamthi,58,,490,0,0,0,0,0,MARHSEM ARDNERUS TNARKIV .RE,,472,672,1144,0,1144
Nagpur,,,Kamthi,58,,491,1,0,0,1,0,MARHSEM ARDNERUS TNARKIV .RE,,498,680,1178,0,1178
Nagpur,,,Kamthi,58,,492,0,0,0,0,0,MARHSEM ARDNERUS TNARKIV .RE,,559,702,1261,0,1261
Nagpur,,,Kamthi,58,,493,0,0,0,0,0,MARHSEM ARDNERUS TNARKIV .RE,,577,679,1256,0,1256
Nagpur,,,Kamthi,58,,494,1,0,0,1,0,MARHSEM ARDNERUS TNARKIV .RE,,507,700,1207,0,1207
Nagpur,,,Kamthi,58,,495,0,1,0,1,0,MARHSEM ARDNERUS TNARKIV .RE,,572,695,1267,0,1267
Nagpur,,,Kamthi,58,,496,1,0,0,1,0,MARHSEM ARDNERUS TNARKIV .RE,,403,664,1067,0,1067
Nagpur,,,Kamthi,58,,497,0,0,0,0,0,MARHSEM ARDNERUS TNARKIV .RE,,536,763,1299,0,1299
Nagpur,,,Kamthi,58,,498,0,0,0,0,0,MARHSEM ARDNERUS TNARKIV .RE,,509,691,1200,0,1200
Nagpur,,,Kamthi,58,,499,1,0,0,1,0,MARHSEM ARDNERUS TNARKIV .RE,,459,678,1137,0,1137
Nagpur,,,Kamthi,58,,500,1,0,0,1,0,MARHSEM ARDNERUS TNARKIV .RE,,438,727,1165,0,1165
Nagpur,,,Kamthi,58,,501,0,0,0,0,0,MARHSEM ARDNERUS TNARKIV .RE,,391,661,1052,0,1052
Nagpur,,,Kamthi,58,,502,0,0,0,0,0,MARHSEM ARDNERUS TNARKIV .RE,,325,666,991,0,991
Nagpur,,,Kamthi,58,,503,0,1,0,1,0,MARHSEM ARDNERUS TNARKIV .RE,,299,638,937,0,937
Nagpur,,,Kamthi,58,,504,0,0,0,0,0,MARHSEM ARDNERUS TNARKIV .RE,,493,719,1212,0,1212
Nagpur,,,Kamthi,58,,505,0,1,0,1,1,MARHSEM ARDNERUS TNARKIV .RE,,517,695,1212,1,1213
Nagpur,,,Kamthi,58,,506,0,0,0,0,0,MARHSEM ARDNERUS TNARKIV .RE,,453,663,1116,0,1116
Nagpur,,,Kamthi,58,,507,0,0,0,0,0,MARHSEM ARDNERUS TNARKIV .RE,,449,701,1150,0,1150
Nagpur,,,Kamthi,58,,508,0,0,0,0,0,MARHSEM ARDNERUS TNARKIV .RE,,338,671,1009,0,1009
Nagpur,,,Kamthi,58,,509,1,0,0,1,0,MARHSEM ARDNERUS TNARKIV .RE,,429,711,1140,0,1140
Nagpur,,,Kamthi,58,,510,0,0,0,0,0,MARHSEM ARDNERUS TNARKIV .RE,,367,646,1013,0,1013
TOTAL,,,,,,,166,214,0,380,157,,,165896,263473,429369,157,429526
