District Name,District No,Jilha,Constituency Name,Constituency No,Total No. of Electors,Serial Poll,Total No. Valid Votes,No. of Rejected Votes,NOTA,Total,No. of Tendered Votes,Elected Person Name,Party Name of Elected Person,No. of Valid Votes Cast in Favour of Elected Person,Other Candidate Votes,Total EVM Votes,Total Postal ballot votes,Total Votes Polled
Nanded,,,Hadgaon,84,,1,0,0,0,0,0,TUAR OARAVED HSENAG,,216,197,413,0,413
Nanded,,,Hadgaon,84,,2,0,1,0,1,0,TUAR OARAVED HSENAG,,312,185,497,0,497
Nanded,,,Hadgaon,84,,3,0,0,0,0,0,TUAR OARAVED HSENAG,,397,186,583,0,583
Nanded,,,Hadgaon,84,,4,0,0,0,0,0,TUAR OARAVED HSENAG,,378,389,767,0,767
Nanded,,,Hadgaon,84,,5,0,0,0,0,0,TUAR OARAVED HSENAG,,324,331,655,0,655
Nanded,,,Hadgaon,84,,6,1,0,0,1,0,TUAR OARAVED HSENAG,,400,156,556,0,556
Nanded,,,Hadgaon,84,,7,2,0,0,2,0,TUAR OARAVED HSENAG,,347,258,605,0,605
Nanded,,,Hadgaon,84,,8,0,0,0,0,0,TUAR OARAVED HSENAG,,539,304,843,0,843
Nanded,,,Hadgaon,84,,9,0,0,0,0,0,TUAR OARAVED HSENAG,,525,320,845,0,845
Nanded,,,Hadgaon,84,,10,1,0,0,1,2,TUAR OARAVED HSENAG,,557,323,880,2,882
Nanded,,,Hadgaon,84,,11,0,0,0,0,1,TUAR OARAVED HSENAG,,534,267,801,1,802
Nanded,,,Hadgaon,84,,12,0,1,0,1,2,TUAR OARAVED HSENAG,,318,396,714,2,716
Nanded,,,Hadgaon,84,,13,1,1,0,2,1,TUAR OARAVED HSENAG,,454,391,845,1,846
Nanded,,,Hadgaon,84,,14,0,0,0,0,0,TUAR OARAVED HSENAG,,799,108,907,0,907
Nanded,,,Hadgaon,84,,15,0,0,0,0,0,TUAR OARAVED HSENAG,,722,216,938,0,938
Nanded,,,Hadgaon,84,,16,0,0,0,0,0,TUAR OARAVED HSENAG,,683,187,870,0,870
Nanded,,,Hadgaon,84,,17,1,0,0,1,1,TUAR OARAVED HSENAG,,610,139,749,1,750
Nanded,,,Hadgaon,84,,18,1,0,0,1,0,TUAR OARAVED HSENAG,,261,190,451,0,451
Nanded,,,Hadgaon,84,,19,0,0,0,0,0,TUAR OARAVED HSENAG,,241,105,346,0,346
Nanded,,,Hadgaon,84,,20,0,0,0,0,2,TUAR OARAVED HSENAG,,711,306,1017,2,1019
Nanded,,,Hadgaon,84,,21,0,0,0,0,0,TUAR OARAVED HSENAG,,499,300,799,0,799
Nanded,,,Hadgaon,84,,22,0,0,0,0,0,TUAR OARAVED HSENAG,,238,230,468,0,468
Nanded,,,Hadgaon,84,,23,0,0,0,0,1,TUAR OARAVED HSENAG,,340,219,559,1,560
Nanded,,,Hadgaon,84,,24,4,0,0,4,1,TUAR OARAVED HSENAG,,278,232,510,1,511
Nanded,,,Hadgaon,84,,25,0,0,0,0,1,TUAR OARAVED HSENAG,,477,321,798,1,799
Nanded,,,Hadgaon,84,,26,0,0,0,0,0,TUAR OARAVED HSENAG,,529,328,857,0,857
Nanded,,,Hadgaon,84,,27,0,1,0,1,1,TUAR OARAVED HSENAG,,654,223,877,1,878
Nanded,,,Hadgaon,84,,28,0,1,0,1,0,TUAR OARAVED HSENAG,,160,103,263,0,263
Nanded,,,Hadgaon,84,,29,0,1,0,1,1,TUAR OARAVED HSENAG,,328,399,727,1,728
Nanded,,,Hadgaon,84,,30,0,0,0,0,0,TUAR OARAVED HSENAG,,345,363,708,0,708
Nanded,,,Hadgaon,84,,31,0,0,0,0,0,TUAR OARAVED HSENAG,,195,262,457,0,457
Nanded,,,Hadgaon,84,,32,1,0,0,1,0,TUAR OARAVED HSENAG,,760,211,971,0,971
Nanded,,,Hadgaon,84,,33,0,0,0,0,0,TUAR OARAVED HSENAG,,351,175,526,0,526
Nanded,,,Hadgaon,84,,34,0,1,0,1,0,TUAR OARAVED HSENAG,,235,284,519,0,519
Nanded,,,Hadgaon,84,,35,0,1,0,1,0,TUAR OARAVED HSENAG,,582,249,831,0,831
Nanded,,,Hadgaon,84,,36,3,0,0,3,0,TUAR OARAVED HSENAG,,389,268,657,0,657
Nanded,,,Hadgaon,84,,37,0,4,0,4,0,TUAR OARAVED HSENAG,,300,168,468,0,468
Nanded,,,Hadgaon,84,,38,0,1,0,1,0,TUAR OARAVED HSENAG,,590,261,851,0,851
Nanded,,,Hadgaon,84,,39,2,0,0,2,0,TUAR OARAVED HSENAG,,229,366,595,0,595
Nanded,,,Hadgaon,84,,40,2,1,0,3,1,TUAR OARAVED HSENAG,,485,267,752,1,753
Nanded,,,Hadgaon,84,,41,1,1,0,2,0,TUAR OARAVED HSENAG,,477,422,899,0,899
Nanded,,,Hadgaon,84,,42,0,0,0,0,1,TUAR OARAVED HSENAG,,264,464,728,1,729
Nanded,,,Hadgaon,84,,43,0,1,0,1,0,TUAR OARAVED HSENAG,,257,369,626,0,626
Nanded,,,Hadgaon,84,,44,1,0,0,1,0,TUAR OARAVED HSENAG,,284,284,568,0,568
Nanded,,,Hadgaon,84,,45,0,0,0,0,0,TUAR OARAVED HSENAG,,314,310,624,0,624
Nanded,,,Hadgaon,84,,46,2,0,0,2,0,TUAR OARAVED HSENAG,,418,307,725,0,725
Nanded,,,Hadgaon,84,,47,0,0,0,0,0,TUAR OARAVED HSENAG,,400,438,838,0,838
Nanded,,,Hadgaon,84,,48,5,1,0,6,0,TUAR OARAVED HSENAG,,408,403,811,0,811
Nanded,,,Hadgaon,84,,49,0,0,0,0,0,TUAR OARAVED HSENAG,,623,364,987,0,987
Nanded,,,Hadgaon,84,,50,0,0,0,0,0,TUAR OARAVED HSENAG,,235,352,587,0,587
Nanded,,,Hadgaon,84,,51,0,0,0,0,1,TUAR OARAVED HSENAG,,290,380,670,1,671
Nanded,,,Hadgaon,84,,52,0,0,0,0,1,TUAR OARAVED HSENAG,,318,371,689,1,690
Nanded,,,Hadgaon,84,,53,2,2,0,4,2,TUAR OARAVED HSENAG,,298,340,638,2,640
Nanded,,,Hadgaon,84,,54,0,0,0,0,2,TUAR OARAVED HSENAG,,574,344,918,2,920
Nanded,,,Hadgaon,84,,55,0,0,0,0,0,TUAR OARAVED HSENAG,,212,123,335,0,335
Nanded,,,Hadgaon,84,,56,0,0,0,0,0,TUAR OARAVED HSENAG,,517,505,1022,0,1022
Nanded,,,Hadgaon,84,,57,0,0,0,0,2,TUAR OARAVED HSENAG,,631,307,938,2,940
Nanded,,,Hadgaon,84,,58,0,0,0,0,0,TUAR OARAVED HSENAG,,338,281,619,0,619
Nanded,,,Hadgaon,84,,59,2,0,0,2,0,TUAR OARAVED HSENAG,,317,331,648,0,648
Nanded,,,Hadgaon,84,,60,0,1,0,1,0,TUAR OARAVED HSENAG,,462,566,1028,0,1028
Nanded,,,Hadgaon,84,,61,0,1,0,1,0,TUAR OARAVED HSENAG,,189,240,429,0,429
Nanded,,,Hadgaon,84,,63,1,0,0,1,0,TUAR OARAVED HSENAG,,231,453,684,0,684
Nanded,,,Hadgaon,84,,64,0,0,0,0,0,TUAR OARAVED HSENAG,,146,407,553,0,553
Nanded,,,Hadgaon,84,,65,0,0,0,0,0,TUAR OARAVED HSENAG,,131,359,490,0,490
Nanded,,,Hadgaon,84,,66,0,0,0,0,0,TUAR OARAVED HSENAG,,385,343,728,0,728
Nanded,,,Hadgaon,84,,67,0,0,0,0,0,TUAR OARAVED HSENAG,,307,330,637,0,637
Nanded,,,Hadgaon,84,,68,0,0,0,0,0,TUAR OARAVED HSENAG,,168,350,518,0,518
Nanded,,,Hadgaon,84,,69,0,0,0,0,0,TUAR OARAVED HSENAG,,325,277,602,0,602
Nanded,,,Hadgaon,84,,70,0,0,0,0,0,TUAR OARAVED HSENAG,,431,232,663,0,663
Nanded,,,Hadgaon,84,,71,0,1,0,1,0,TUAR OARAVED HSENAG,,444,211,655,0,655
Nanded,,,Hadgaon,84,,72,1,0,0,1,0,TUAR OARAVED HSENAG,,361,559,920,0,920
Nanded,,,Hadgaon,84,,73,0,0,0,0,1,TUAR OARAVED HSENAG,,578,274,852,1,853
Nanded,,,Hadgaon,84,,74,0,0,0,0,2,TUAR OARAVED HSENAG,,728,291,1019,2,1021
Nanded,,,Hadgaon,84,,75,0,1,0,1,1,TUAR OARAVED HSENAG,,508,475,983,1,984
Nanded,,,Hadgaon,84,,76,1,0,0,1,0,TUAR OARAVED HSENAG,,311,542,853,0,853
Nanded,,,Hadgaon,84,,77,2,0,0,2,0,TUAR OARAVED HSENAG,,327,421,748,0,748
Nanded,,,Hadgaon,84,,78,0,0,0,0,0,TUAR OARAVED HSENAG,,316,331,647,0,647
Nanded,,,Hadgaon,84,,79,0,2,0,2,1,TUAR OARAVED HSENAG,,467,526,993,1,994
Nanded,,,Hadgaon,84,,80,0,0,0,0,0,TUAR OARAVED HSENAG,,331,250,581,0,581
Nanded,,,Hadgaon,84,,81,0,1,0,1,0,TUAR OARAVED HSENAG,,217,400,617,0,617
Nanded,,,Hadgaon,84,,82,0,1,0,1,0,TUAR OARAVED HSENAG,,490,250,740,0,740
Nanded,,,Hadgaon,84,,83,1,1,0,2,0,TUAR OARAVED HSENAG,,445,269,714,0,714
Nanded,,,Hadgaon,84,,84,0,0,0,0,0,TUAR OARAVED HSENAG,,230,781,1011,0,1011
Nanded,,,Hadgaon,84,,85,0,0,0,0,1,TUAR OARAVED HSENAG,,186,526,712,1,713
Nanded,,,Hadgaon,84,,86,0,1,0,1,1,TUAR OARAVED HSENAG,,483,249,732,1,733
Nanded,,,Hadgaon,84,,87,0,0,0,0,0,TUAR OARAVED HSENAG,,273,512,785,0,785
Nanded,,,Hadgaon,84,,88,0,0,0,0,0,TUAR OARAVED HSENAG,,201,343,544,0,544
Nanded,,,Hadgaon,84,,89,0,0,0,0,0,TUAR OARAVED HSENAG,,339,346,685,0,685
Nanded,,,Hadgaon,84,,90,0,0,0,0,0,TUAR OARAVED HSENAG,,187,323,510,0,510
Nanded,,,Hadgaon,84,,91,0,0,0,0,0,TUAR OARAVED HSENAG,,216,266,482,0,482
Nanded,,,Hadgaon,84,,92,0,0,0,0,1,TUAR OARAVED HSENAG,,186,276,462,1,463
Nanded,,,Hadgaon,84,,93,0,1,0,1,0,TUAR OARAVED HSENAG,,405,407,812,0,812
Nanded,,,Hadgaon,84,,94,0,0,0,0,0,TUAR OARAVED HSENAG,,302,239,541,0,541
Nanded,,,Hadgaon,84,,95,1,0,0,1,0,TUAR OARAVED HSENAG,,166,243,409,0,409
Nanded,,,Hadgaon,84,,96,0,0,0,0,0,TUAR OARAVED HSENAG,,597,379,976,0,976
Nanded,,,Hadgaon,84,,97,0,0,0,0,0,TUAR OARAVED HSENAG,,384,241,625,0,625
Nanded,,,Hadgaon,84,,98,2,0,0,2,0,TUAR OARAVED HSENAG,,163,416,579,0,579
Nanded,,,Hadgaon,84,,99,0,0,0,0,0,TUAR OARAVED HSENAG,,418,230,648,0,648
Nanded,,,Hadgaon,84,,100,0,0,0,0,1,TUAR OARAVED HSENAG,,361,179,540,1,541
Nanded,,,Hadgaon,84,,101,0,0,0,0,0,TUAR OARAVED HSENAG,,491,332,823,0,823
Nanded,,,Hadgaon,84,,102,0,2,0,2,1,TUAR OARAVED HSENAG,,373,349,722,1,723
Nanded,,,Hadgaon,84,,103,1,0,0,1,0,TUAR OARAVED HSENAG,,209,463,672,0,672
Nanded,,,Hadgaon,84,,104,0,0,0,0,1,TUAR OARAVED HSENAG,,423,562,985,1,986
Nanded,,,Hadgaon,84,,105,2,0,0,2,2,TUAR OARAVED HSENAG,,704,394,1098,2,1100
Nanded,,,Hadgaon,84,,106,0,0,0,0,0,TUAR OARAVED HSENAG,,286,377,663,0,663
Nanded,,,Hadgaon,84,,107,0,1,0,1,2,TUAR OARAVED HSENAG,,286,408,694,2,696
Nanded,,,Hadgaon,84,,108,0,0,0,0,0,TUAR OARAVED HSENAG,,385,353,738,0,738
Nanded,,,Hadgaon,84,,109,2,1,0,3,0,TUAR OARAVED HSENAG,,289,351,640,0,640
Nanded,,,Hadgaon,84,,110,0,2,0,2,0,TUAR OARAVED HSENAG,,113,596,709,0,709
Nanded,,,Hadgaon,84,,111,0,0,0,0,0,TUAR OARAVED HSENAG,,174,337,511,0,511
Nanded,,,Hadgaon,84,,112,0,1,0,1,1,TUAR OARAVED HSENAG,,172,496,668,1,669
Nanded,,,Hadgaon,84,,113,0,0,0,0,0,TUAR OARAVED HSENAG,,172,329,501,0,501
Nanded,,,Hadgaon,84,,114,0,0,0,0,0,TUAR OARAVED HSENAG,,215,230,445,0,445
Nanded,,,Hadgaon,84,,115,1,0,0,1,1,TUAR OARAVED HSENAG,,482,238,720,1,721
Nanded,,,Hadgaon,84,,116,1,1,0,2,2,TUAR OARAVED HSENAG,,533,366,899,2,901
Nanded,,,Hadgaon,84,,117,4,0,0,4,3,TUAR OARAVED HSENAG,,522,399,921,3,924
Nanded,,,Hadgaon,84,,118,0,1,0,1,0,TUAR OARAVED HSENAG,,383,379,762,0,762
Nanded,,,Hadgaon,84,,119,0,0,0,0,0,TUAR OARAVED HSENAG,,329,239,568,0,568
Nanded,,,Hadgaon,84,,120,0,0,0,0,0,TUAR OARAVED HSENAG,,361,269,630,0,630
Nanded,,,Hadgaon,84,,121,0,1,0,1,0,TUAR OARAVED HSENAG,,524,686,1210,0,1210
Nanded,,,Hadgaon,84,,122,0,2,0,2,0,TUAR OARAVED HSENAG,,422,487,909,0,909
Nanded,,,Hadgaon,84,,123,0,0,0,0,0,TUAR OARAVED HSENAG,,314,320,634,0,634
Nanded,,,Hadgaon,84,,125,0,0,0,0,0,TUAR OARAVED HSENAG,,457,345,802,0,802
Nanded,,,Hadgaon,84,,126,1,0,0,1,0,TUAR OARAVED HSENAG,,436,323,759,0,759
Nanded,,,Hadgaon,84,,127,1,0,0,1,0,TUAR OARAVED HSENAG,,372,448,820,0,820
Nanded,,,Hadgaon,84,,128,0,0,0,0,2,TUAR OARAVED HSENAG,,391,514,905,2,907
Nanded,,,Hadgaon,84,,129,1,0,0,1,0,TUAR OARAVED HSENAG,,127,294,421,0,421
Nanded,,,Hadgaon,84,,130,0,0,0,0,0,TUAR OARAVED HSENAG,,298,490,788,0,788
Nanded,,,Hadgaon,84,,131,0,0,0,0,0,TUAR OARAVED HSENAG,,272,305,577,0,577
Nanded,,,Hadgaon,84,,132,0,0,0,0,0,TUAR OARAVED HSENAG,,406,559,965,0,965
Nanded,,,Hadgaon,84,,133,0,1,0,1,0,TUAR OARAVED HSENAG,,637,290,927,0,927
Nanded,,,Hadgaon,84,,134,0,0,0,0,0,TUAR OARAVED HSENAG,,460,395,855,0,855
Nanded,,,Hadgaon,84,,135,0,0,0,0,0,TUAR OARAVED HSENAG,,453,260,713,0,713
Nanded,,,Hadgaon,84,,136,0,1,0,1,0,TUAR OARAVED HSENAG,,300,305,605,0,605
Nanded,,,Hadgaon,84,,137,0,0,0,0,0,TUAR OARAVED HSENAG,,629,331,960,0,960
Nanded,,,Hadgaon,84,,138,0,0,0,0,0,TUAR OARAVED HSENAG,,541,342,883,0,883
Nanded,,,Hadgaon,84,,139,0,1,0,1,0,TUAR OARAVED HSENAG,,545,460,1005,0,1005
Nanded,,,Hadgaon,84,,140,0,0,0,0,1,TUAR OARAVED HSENAG,,194,921,1115,1,1116
Nanded,,,Hadgaon,84,,141,1,1,0,2,1,TUAR OARAVED HSENAG,,108,969,1077,1,1078
Nanded,,,Hadgaon,84,,142,0,2,0,2,0,TUAR OARAVED HSENAG,,113,947,1060,0,1060
Nanded,,,Hadgaon,84,,143,1,0,0,1,0,TUAR OARAVED HSENAG,,223,411,634,0,634
Nanded,,,Hadgaon,84,,144,1,0,0,1,1,TUAR OARAVED HSENAG,,218,858,1076,1,1077
Nanded,,,Hadgaon,84,,145,0,0,0,0,0,TUAR OARAVED HSENAG,,115,683,798,0,798
Nanded,,,Hadgaon,84,,146,0,0,0,0,0,TUAR OARAVED HSENAG,,321,315,636,0,636
Nanded,,,Hadgaon,84,,147,0,1,0,1,1,TUAR OARAVED HSENAG,,370,637,1007,1,1008
Nanded,,,Hadgaon,84,,148,0,0,0,0,0,TUAR OARAVED HSENAG,,225,384,609,0,609
Nanded,,,Hadgaon,84,,149,0,2,0,2,1,TUAR OARAVED HSENAG,,199,394,593,1,594
Nanded,,,Hadgaon,84,,150,0,0,0,0,0,TUAR OARAVED HSENAG,,372,547,919,0,919
Nanded,,,Hadgaon,84,,151,2,0,0,2,0,TUAR OARAVED HSENAG,,332,621,953,0,953
Nanded,,,Hadgaon,84,,152,0,0,0,0,2,TUAR OARAVED HSENAG,,195,584,779,2,781
Nanded,,,Hadgaon,84,,153,0,0,0,0,0,TUAR OARAVED HSENAG,,267,648,915,0,915
Nanded,,,Hadgaon,84,,154,1,0,0,1,0,TUAR OARAVED HSENAG,,395,379,774,0,774
Nanded,,,Hadgaon,84,,155,0,0,0,0,0,TUAR OARAVED HSENAG,,68,368,436,0,436
Nanded,,,Hadgaon,84,,156,1,0,0,1,1,TUAR OARAVED HSENAG,,534,381,915,1,916
Nanded,,,Hadgaon,84,,157,0,0,0,0,0,TUAR OARAVED HSENAG,,195,464,659,0,659
Nanded,,,Hadgaon,84,,158,0,0,0,0,1,TUAR OARAVED HSENAG,,256,398,654,1,655
Nanded,,,Hadgaon,84,,159,1,1,0,2,0,TUAR OARAVED HSENAG,,388,399,787,0,787
Nanded,,,Hadgaon,84,,160,0,0,0,0,0,TUAR OARAVED HSENAG,,360,474,834,0,834
Nanded,,,Hadgaon,84,,161,0,0,0,0,0,TUAR OARAVED HSENAG,,530,247,777,0,777
Nanded,,,Hadgaon,84,,162,0,1,0,1,1,TUAR OARAVED HSENAG,,286,345,631,1,632
Nanded,,,Hadgaon,84,,163,0,2,0,2,0,TUAR OARAVED HSENAG,,293,427,720,0,720
Nanded,,,Hadgaon,84,,164,0,1,0,1,0,TUAR OARAVED HSENAG,,273,458,731,0,731
Nanded,,,Hadgaon,84,,165,0,1,0,1,0,TUAR OARAVED HSENAG,,264,499,763,0,763
Nanded,,,Hadgaon,84,,166,0,1,0,1,0,TUAR OARAVED HSENAG,,340,393,733,0,733
Nanded,,,Hadgaon,84,,167,0,0,0,0,0,TUAR OARAVED HSENAG,,216,465,681,0,681
Nanded,,,Hadgaon,84,,168,0,0,0,0,0,TUAR OARAVED HSENAG,,151,436,587,0,587
Nanded,,,Hadgaon,84,,169,1,1,0,2,0,TUAR OARAVED HSENAG,,386,648,1034,0,1034
Nanded,,,Hadgaon,84,,170,0,0,0,0,0,TUAR OARAVED HSENAG,,285,387,672,0,672
Nanded,,,Hadgaon,84,,171,1,0,0,1,0,TUAR OARAVED HSENAG,,384,317,701,0,701
Nanded,,,Hadgaon,84,,172,0,2,0,2,1,TUAR OARAVED HSENAG,,304,467,771,1,772
Nanded,,,Hadgaon,84,,173,0,1,0,1,1,TUAR OARAVED HSENAG,,184,361,545,1,546
Nanded,,,Hadgaon,84,,174,0,1,0,1,0,TUAR OARAVED HSENAG,,287,807,1094,0,1094
Nanded,,,Hadgaon,84,,175,0,0,0,0,0,TUAR OARAVED HSENAG,,244,516,760,0,760
Nanded,,,Hadgaon,84,,176,0,1,0,1,0,TUAR OARAVED HSENAG,,281,492,773,0,773
Nanded,,,Hadgaon,84,,177,0,0,0,0,0,TUAR OARAVED HSENAG,,262,441,703,0,703
Nanded,,,Hadgaon,84,,178,0,0,0,0,2,TUAR OARAVED HSENAG,,273,580,853,2,855
Nanded,,,Hadgaon,84,,179,1,0,0,1,0,TUAR OARAVED HSENAG,,327,413,740,0,740
Nanded,,,Hadgaon,84,,180,0,1,0,1,0,TUAR OARAVED HSENAG,,241,475,716,0,716
Nanded,,,Hadgaon,84,,181,0,0,0,0,0,TUAR OARAVED HSENAG,,85,583,668,0,668
Nanded,,,Hadgaon,84,,182,0,0,0,0,2,TUAR OARAVED HSENAG,,324,574,898,2,900
Nanded,,,Hadgaon,84,,183,0,0,0,0,0,TUAR OARAVED HSENAG,,321,375,696,0,696
Nanded,,,Hadgaon,84,,184,0,0,0,0,0,TUAR OARAVED HSENAG,,165,470,635,0,635
Nanded,,,Hadgaon,84,,185,1,0,0,1,0,TUAR OARAVED HSENAG,,358,445,803,0,803
Nanded,,,Hadgaon,84,,187,2,6,0,8,1,TUAR OARAVED HSENAG,,489,510,999,1,1000
Nanded,,,Hadgaon,84,,188,0,3,0,3,0,TUAR OARAVED HSENAG,,432,652,1084,0,1084
Nanded,,,Hadgaon,84,,189,0,0,0,0,0,TUAR OARAVED HSENAG,,156,334,490,0,490
Nanded,,,Hadgaon,84,,190,1,1,0,2,2,TUAR OARAVED HSENAG,,151,449,600,2,602
Nanded,,,Hadgaon,84,,191,0,1,0,1,0,TUAR OARAVED HSENAG,,416,469,885,0,885
Nanded,,,Hadgaon,84,,192,0,1,0,1,2,TUAR OARAVED HSENAG,,154,510,664,2,666
Nanded,,,Hadgaon,84,,193,0,0,0,0,0,TUAR OARAVED HSENAG,,137,1013,1150,0,1150
Nanded,,,Hadgaon,84,,194,1,1,0,2,1,TUAR OARAVED HSENAG,,104,1037,1141,1,1142
Nanded,,,Hadgaon,84,,195,1,0,0,1,0,TUAR OARAVED HSENAG,,426,382,808,0,808
Nanded,,,Hadgaon,84,,196,0,0,0,0,1,TUAR OARAVED HSENAG,,512,521,1033,1,1034
Nanded,,,Hadgaon,84,,197,0,1,0,1,0,TUAR OARAVED HSENAG,,322,545,867,0,867
Nanded,,,Hadgaon,84,,198,0,0,0,0,0,TUAR OARAVED HSENAG,,108,305,413,0,413
Nanded,,,Hadgaon,84,,199,0,1,0,1,1,TUAR OARAVED HSENAG,,566,510,1076,1,1077
Nanded,,,Hadgaon,84,,200,0,0,0,0,0,TUAR OARAVED HSENAG,,473,383,856,0,856
Nanded,,,Hadgaon,84,,201,1,0,0,1,1,TUAR OARAVED HSENAG,,344,506,850,1,851
Nanded,,,Hadgaon,84,,202,1,2,0,3,0,TUAR OARAVED HSENAG,,253,445,698,0,698
Nanded,,,Hadgaon,84,,203,0,0,0,0,0,TUAR OARAVED HSENAG,,229,370,599,0,599
Nanded,,,Hadgaon,84,,204,0,0,0,0,0,TUAR OARAVED HSENAG,,439,449,888,0,888
Nanded,,,Hadgaon,84,,205,0,0,0,0,0,TUAR OARAVED HSENAG,,360,403,763,0,763
Nanded,,,Hadgaon,84,,206,2,1,0,3,2,TUAR OARAVED HSENAG,,546,448,994,2,996
Nanded,,,Hadgaon,84,,207,0,0,0,0,0,TUAR OARAVED HSENAG,,188,512,700,0,700
Nanded,,,Hadgaon,84,,208,0,0,0,0,1,TUAR OARAVED HSENAG,,208,502,710,1,711
Nanded,,,Hadgaon,84,,209,1,0,0,1,1,TUAR OARAVED HSENAG,,396,848,1244,1,1245
Nanded,,,Hadgaon,84,,210,0,0,0,0,0,TUAR OARAVED HSENAG,,286,821,1107,0,1107
Nanded,,,Hadgaon,84,,211,0,0,0,0,0,TUAR OARAVED HSENAG,,339,473,812,0,812
Nanded,,,Hadgaon,84,,212,0,0,0,0,1,TUAR OARAVED HSENAG,,320,382,702,1,703
Nanded,,,Hadgaon,84,,213,0,0,0,0,1,TUAR OARAVED HSENAG,,486,446,932,1,933
Nanded,,,Hadgaon,84,,214,0,3,0,3,1,TUAR OARAVED HSENAG,,221,563,784,1,785
Nanded,,,Hadgaon,84,,215,1,0,0,1,0,TUAR OARAVED HSENAG,,201,530,731,0,731
Nanded,,,Hadgaon,84,,216,0,0,0,0,1,TUAR OARAVED HSENAG,,201,572,773,1,774
Nanded,,,Hadgaon,84,,217,0,0,0,0,0,TUAR OARAVED HSENAG,,221,650,871,0,871
Nanded,,,Hadgaon,84,,218,0,0,0,0,0,TUAR OARAVED HSENAG,,307,524,831,0,831
Nanded,,,Hadgaon,84,,219,0,1,0,1,0,TUAR OARAVED HSENAG,,219,484,703,0,703
Nanded,,,Hadgaon,84,,220,0,0,0,0,0,TUAR OARAVED HSENAG,,385,583,968,0,968
Nanded,,,Hadgaon,84,,221,1,0,0,1,1,TUAR OARAVED HSENAG,,310,534,844,1,845
Nanded,,,Hadgaon,84,,222,0,0,0,0,0,TUAR OARAVED HSENAG,,246,603,849,0,849
Nanded,,,Hadgaon,84,,223,0,1,0,1,1,TUAR OARAVED HSENAG,,403,594,997,1,998
Nanded,,,Hadgaon,84,,224,0,0,0,0,0,TUAR OARAVED HSENAG,,364,756,1120,0,1120
Nanded,,,Hadgaon,84,,225,0,0,0,0,0,TUAR OARAVED HSENAG,,180,411,591,0,591
Nanded,,,Hadgaon,84,,226,0,0,0,0,0,TUAR OARAVED HSENAG,,283,518,801,0,801
Nanded,,,Hadgaon,84,,227,1,0,0,1,0,TUAR OARAVED HSENAG,,128,526,654,0,654
Nanded,,,Hadgaon,84,,228,0,0,0,0,2,TUAR OARAVED HSENAG,,202,549,751,2,753
Nanded,,,Hadgaon,84,,229,0,1,0,1,0,TUAR OARAVED HSENAG,,200,568,768,0,768
Nanded,,,Hadgaon,84,,230,1,1,0,2,4,TUAR OARAVED HSENAG,,242,631,873,4,877
Nanded,,,Hadgaon,84,,231,0,0,0,0,1,TUAR OARAVED HSENAG,,197,507,704,1,705
Nanded,,,Hadgaon,84,,232,0,0,0,0,7,TUAR OARAVED HSENAG,,196,638,834,7,841
Nanded,,,Hadgaon,84,,233,1,1,0,2,1,TUAR OARAVED HSENAG,,123,464,587,1,588
Nanded,,,Hadgaon,84,,234,0,0,0,0,0,TUAR OARAVED HSENAG,,381,584,965,0,965
Nanded,,,Hadgaon,84,,235,1,2,0,3,0,TUAR OARAVED HSENAG,,431,431,862,0,862
Nanded,,,Hadgaon,84,,236,1,2,0,3,1,TUAR OARAVED HSENAG,,409,819,1228,1,1229
Nanded,,,Hadgaon,84,,237,0,0,0,0,0,TUAR OARAVED HSENAG,,353,547,900,0,900
Nanded,,,Hadgaon,84,,238,1,0,0,1,2,TUAR OARAVED HSENAG,,269,446,715,2,717
Nanded,,,Hadgaon,84,,239,1,0,0,1,0,TUAR OARAVED HSENAG,,216,508,724,0,724
Nanded,,,Hadgaon,84,,240,0,0,0,0,0,TUAR OARAVED HSENAG,,304,384,688,0,688
Nanded,,,Hadgaon,84,,241,0,0,0,0,0,TUAR OARAVED HSENAG,,217,552,769,0,769
Nanded,,,Hadgaon,84,,242,0,0,0,0,1,TUAR OARAVED HSENAG,,263,422,685,1,686
Nanded,,,Hadgaon,84,,243,0,0,0,0,1,TUAR OARAVED HSENAG,,273,487,760,1,761
Nanded,,,Hadgaon,84,,244,1,1,0,2,1,TUAR OARAVED HSENAG,,405,479,884,1,885
Nanded,,,Hadgaon,84,,245,1,0,0,1,1,TUAR OARAVED HSENAG,,223,626,849,1,850
Nanded,,,Hadgaon,84,,246,3,2,0,5,0,TUAR OARAVED HSENAG,,194,610,804,0,804
Nanded,,,Hadgaon,84,,247,1,0,0,1,0,TUAR OARAVED HSENAG,,283,677,960,0,960
Nanded,,,Hadgaon,84,,249,1,1,0,2,1,TUAR OARAVED HSENAG,,138,546,684,1,685
Nanded,,,Hadgaon,84,,250,3,2,0,5,0,TUAR OARAVED HSENAG,,380,449,829,0,829
Nanded,,,Hadgaon,84,,251,1,0,0,1,0,TUAR OARAVED HSENAG,,398,521,919,0,919
Nanded,,,Hadgaon,84,,252,0,2,0,2,0,TUAR OARAVED HSENAG,,207,836,1043,0,1043
Nanded,,,Hadgaon,84,,253,0,1,0,1,0,TUAR OARAVED HSENAG,,276,622,898,0,898
Nanded,,,Hadgaon,84,,254,0,0,0,0,0,TUAR OARAVED HSENAG,,406,446,852,0,852
Nanded,,,Hadgaon,84,,255,0,0,0,0,0,TUAR OARAVED HSENAG,,331,394,725,0,725
Nanded,,,Hadgaon,84,,256,0,0,0,0,0,TUAR OARAVED HSENAG,,256,644,900,0,900
Nanded,,,Hadgaon,84,,257,0,0,0,0,0,TUAR OARAVED HSENAG,,360,407,767,0,767
Nanded,,,Hadgaon,84,,258,0,0,0,0,2,TUAR OARAVED HSENAG,,533,486,1019,2,1021
Nanded,,,Hadgaon,84,,259,0,3,0,3,0,TUAR OARAVED HSENAG,,216,598,814,0,814
Nanded,,,Hadgaon,84,,260,0,0,0,0,0,TUAR OARAVED HSENAG,,274,536,810,0,810
Nanded,,,Hadgaon,84,,261,0,0,0,0,0,TUAR OARAVED HSENAG,,452,553,1005,0,1005
Nanded,,,Hadgaon,84,,262,0,0,0,0,0,TUAR OARAVED HSENAG,,354,492,846,0,846
Nanded,,,Hadgaon,84,,263,0,0,0,0,0,TUAR OARAVED HSENAG,,340,443,783,0,783
Nanded,,,Hadgaon,84,,264,0,2,0,2,0,TUAR OARAVED HSENAG,,361,768,1129,0,1129
Nanded,,,Hadgaon,84,,265,1,0,0,1,0,TUAR OARAVED HSENAG,,291,693,984,0,984
Nanded,,,Hadgaon,84,,266,0,0,0,0,0,TUAR OARAVED HSENAG,,227,574,801,0,801
Nanded,,,Hadgaon,84,,267,2,1,0,3,0,TUAR OARAVED HSENAG,,291,1035,1326,0,1326
Nanded,,,Hadgaon,84,,268,0,0,0,0,1,TUAR OARAVED HSENAG,,396,726,1122,1,1123
Nanded,,,Hadgaon,84,,269,1,1,0,2,1,TUAR OARAVED HSENAG,,484,719,1203,1,1204
Nanded,,,Hadgaon,84,,270,1,1,0,2,1,TUAR OARAVED HSENAG,,468,627,1095,1,1096
Nanded,,,Hadgaon,84,,271,2,1,0,3,0,TUAR OARAVED HSENAG,,116,519,635,0,635
Nanded,,,Hadgaon,84,,272,1,1,0,2,0,TUAR OARAVED HSENAG,,107,658,765,0,765
Nanded,,,Hadgaon,84,,273,0,1,0,1,0,TUAR OARAVED HSENAG,,151,706,857,0,857
Nanded,,,Hadgaon,84,,274,0,1,0,1,0,TUAR OARAVED HSENAG,,543,524,1067,0,1067
Nanded,,,Hadgaon,84,,275,0,0,0,0,0,TUAR OARAVED HSENAG,,473,543,1016,0,1016
Nanded,,,Hadgaon,84,,276,0,1,0,1,0,TUAR OARAVED HSENAG,,537,612,1149,0,1149
Nanded,,,Hadgaon,84,,277,1,0,0,1,0,TUAR OARAVED HSENAG,,517,696,1213,0,1213
Nanded,,,Hadgaon,84,,278,0,1,0,1,0,TUAR OARAVED HSENAG,,379,498,877,0,877
Nanded,,,Hadgaon,84,,279,0,0,0,0,0,TUAR OARAVED HSENAG,,182,507,689,0,689
Nanded,,,Hadgaon,84,,280,0,0,0,0,0,TUAR OARAVED HSENAG,,259,636,895,0,895
Nanded,,,Hadgaon,84,,281,0,0,0,0,0,TUAR OARAVED HSENAG,,339,488,827,0,827
Nanded,,,Hadgaon,84,,282,0,0,0,0,1,TUAR OARAVED HSENAG,,354,599,953,1,954
Nanded,,,Hadgaon,84,,283,0,1,0,1,0,TUAR OARAVED HSENAG,,251,598,849,0,849
Nanded,,,Hadgaon,84,,284,0,0,0,0,1,TUAR OARAVED HSENAG,,361,583,944,1,945
Nanded,,,Hadgaon,84,,285,0,0,0,0,0,TUAR OARAVED HSENAG,,235,597,832,0,832
Nanded,,,Hadgaon,84,,286,0,1,0,1,0,TUAR OARAVED HSENAG,,355,688,1043,0,1043
Nanded,,,Hadgaon,84,,287,1,0,0,1,0,TUAR OARAVED HSENAG,,60,471,531,0,531
Nanded,,,Hadgaon,84,,288,0,1,0,1,1,TUAR OARAVED HSENAG,,225,402,627,1,628
Nanded,,,Hadgaon,84,,289,0,0,0,0,0,TUAR OARAVED HSENAG,,434,592,1026,0,1026
Nanded,,,Hadgaon,84,,290,0,0,0,0,0,TUAR OARAVED HSENAG,,254,410,664,0,664
Nanded,,,Hadgaon,84,,291,0,1,0,1,0,TUAR OARAVED HSENAG,,363,731,1094,0,1094
Nanded,,,Hadgaon,84,,292,0,1,0,1,0,TUAR OARAVED HSENAG,,271,479,750,0,750
Nanded,,,Hadgaon,84,,293,0,0,0,0,1,TUAR OARAVED HSENAG,,186,522,708,1,709
Nanded,,,Hadgaon,84,,294,0,0,0,0,1,TUAR OARAVED HSENAG,,225,493,718,1,719
Nanded,,,Hadgaon,84,,295,0,0,0,0,1,TUAR OARAVED HSENAG,,445,635,1080,1,1081
Nanded,,,Hadgaon,84,,296,0,0,0,0,0,TUAR OARAVED HSENAG,,605,435,1040,0,1040
Nanded,,,Hadgaon,84,,297,0,0,0,0,0,TUAR OARAVED HSENAG,,340,769,1109,0,1109
Nanded,,,Hadgaon,84,,298,0,0,0,0,0,TUAR OARAVED HSENAG,,310,577,887,0,887
Nanded,,,Hadgaon,84,,299,1,0,0,1,1,TUAR OARAVED HSENAG,,232,572,804,1,805
Nanded,,,Hadgaon,84,,300,1,1,0,2,0,TUAR OARAVED HSENAG,,176,614,790,0,790
Nanded,,,Hadgaon,84,,301,0,0,0,0,0,TUAR OARAVED HSENAG,,81,627,708,0,708
Nanded,,,Hadgaon,84,,302,0,2,0,2,0,TUAR OARAVED HSENAG,,157,565,722,0,722
Nanded,,,Hadgaon,84,,303,0,1,0,1,0,TUAR OARAVED HSENAG,,703,583,1286,0,1286
Nanded,,,Hadgaon,84,,304,0,0,0,0,0,TUAR OARAVED HSENAG,,62,457,519,0,519
Nanded,,,Hadgaon,84,,305,0,1,0,1,0,TUAR OARAVED HSENAG,,299,410,709,0,709
Nanded,,,Hadgaon,84,,306,0,0,0,0,0,TUAR OARAVED HSENAG,,584,530,1114,0,1114
Nanded,,,Hadgaon,84,,307,0,0,0,0,0,TUAR OARAVED HSENAG,,546,417,963,0,963
Nanded,,,Hadgaon,84,,308,0,1,0,1,1,TUAR OARAVED HSENAG,,428,456,884,1,885
Nanded,,,Hadgaon,84,,309,1,0,0,1,0,TUAR OARAVED HSENAG,,292,481,773,0,773
Nanded,,,Hadgaon,84,,311,0,0,0,0,1,TUAR OARAVED HSENAG,,338,524,862,1,863
Nanded,,,Hadgaon,84,,312,0,1,0,1,0,TUAR OARAVED HSENAG,,334,545,879,0,879
Nanded,,,Hadgaon,84,,313,0,0,0,0,1,TUAR OARAVED HSENAG,,347,627,974,1,975
Nanded,,,Hadgaon,84,,314,2,1,0,3,0,TUAR OARAVED HSENAG,,469,670,1139,0,1139
Nanded,,,Hadgaon,84,,315,0,0,0,0,0,TUAR OARAVED HSENAG,,270,595,865,0,865
Nanded,,,Hadgaon,84,,316,0,0,0,0,0,TUAR OARAVED HSENAG,,241,526,767,0,767
Nanded,,,Hadgaon,84,,317,0,2,0,2,1,TUAR OARAVED HSENAG,,323,493,816,1,817
Nanded,,,Hadgaon,84,,318,0,1,0,1,0,TUAR OARAVED HSENAG,,291,644,935,0,935
Nanded,,,Hadgaon,84,,319,0,1,0,1,0,TUAR OARAVED HSENAG,,309,470,779,0,779
Nanded,,,Hadgaon,84,,320,0,1,0,1,0,TUAR OARAVED HSENAG,,383,441,824,0,824
Nanded,,,Hadgaon,84,,321,0,2,0,2,0,TUAR OARAVED HSENAG,,446,415,861,0,861
Nanded,,,Hadgaon,84,,322,1,1,0,2,1,TUAR OARAVED HSENAG,,322,547,869,1,870
Nanded,,,Hadgaon,84,,323,0,0,0,0,0,TUAR OARAVED HSENAG,,352,494,846,0,846
Nanded,,,Hadgaon,84,,324,1,0,0,1,0,TUAR OARAVED HSENAG,,317,559,876,0,876
Nanded,,,Hadgaon,84,,325,2,0,0,2,1,TUAR OARAVED HSENAG,,219,541,760,1,761
Nanded,,,Hadgaon,84,,326,2,0,0,2,0,TUAR OARAVED HSENAG,,203,555,758,0,758
Nanded,,,Hadgaon,84,,327,1,0,0,1,0,TUAR OARAVED HSENAG,,260,440,700,0,700
Nanded,,,Hadgaon,84,,328,1,0,0,1,0,TUAR OARAVED HSENAG,,372,577,949,0,949
Nanded,,,Hadgaon,84,,329,1,0,0,1,0,TUAR OARAVED HSENAG,,358,553,911,0,911
Nanded,,,Hadgaon,84,,330,1,0,0,1,0,TUAR OARAVED HSENAG,,375,571,946,0,946
Nanded,,,Hadgaon,84,,331,2,0,0,2,1,TUAR OARAVED HSENAG,,316,638,954,1,955
Nanded,,,Hadgaon,84,,332,1,0,0,1,0,TUAR OARAVED HSENAG,,307,515,822,0,822
Nanded,,,Hadgaon,84,,333,0,1,0,1,2,TUAR OARAVED HSENAG,,328,780,1108,2,1110
Nanded,,,Hadgaon,84,,334,0,1,0,1,0,TUAR OARAVED HSENAG,,375,734,1109,0,1109
Nanded,,,Hadgaon,84,,335,0,0,0,0,0,TUAR OARAVED HSENAG,,215,511,726,0,726
Nanded,,,Hadgaon,84,,336,0,0,0,0,0,TUAR OARAVED HSENAG,,246,591,837,0,837
Nanded,,,Hadgaon,84,,337,1,0,0,1,1,TUAR OARAVED HSENAG,,310,694,1004,1,1005
TOTAL,,,,,,,126,141,0,267,128,,,111252,152261,263513,128,263641
