District Name,District No,Jilha,Constituency Name,Constituency No,Total No. of Electors,Serial Poll,Total No. Valid Votes,No. of Rejected Votes,NOTA,Total,No. of Tendered Votes,Elected Person Name,Party Name of Elected Person,No. of Valid Votes Cast in Favour of Elected Person,Other Candidate Votes,Total EVM Votes,Total Postal ballot votes,Total Votes Polled
Thane,,,Kalyan Rural Assembly Constituency,144,,1,827,0,7,834,0,,,0,827,827,0,827
Thane,,,Kalyan Rural Assembly Constituency,144,,2,791,0,4,795,0,,,0,791,791,0,791
Thane,,,Kalyan Rural Assembly Constituency,144,,3,891,0,7,898,0,,,0,891,891,0,891
Thane,,,Kalyan Rural Assembly Constituency,144,,4,724,0,3,727,0,,,0,724,724,0,724
Thane,,,Kalyan Rural Assembly Constituency,144,,5,716,0,3,719,0,,,0,716,716,0,716
Thane,,,Kalyan Rural Assembly Constituency,144,,6,777,0,9,786,0,,,0,777,777,0,777
Thane,,,Kalyan Rural Assembly Constituency,144,,7,706,0,5,711,0,,,0,706,706,0,706
Thane,,,Kalyan Rural Assembly Constituency,144,,8,779,0,7,786,0,,,0,779,779,0,779
Thane,,,Kalyan Rural Assembly Constituency,144,,9,727,0,8,735,0,,,0,721,721,0,721
Thane,,,Kalyan Rural Assembly Constituency,144,,10,738,0,8,746,0,,,0,738,738,0,738
Thane,,,Kalyan Rural Assembly Constituency,144,,11,712,0,3,715,0,,,0,712,712,0,712
Thane,,,Kalyan Rural Assembly Constituency,144,,12,682,0,3,685,0,,,0,682,682,0,682
Thane,,,Kalyan Rural Assembly Constituency,144,,13,798,0,6,804,0,,,0,798,798,0,798
Thane,,,Kalyan Rural Assembly Constituency,144,,14,789,0,3,792,0,,,0,791,791,0,791
Thane,,,Kalyan Rural Assembly Constituency,144,,15,797,0,8,805,0,,,0,797,797,0,797
Thane,,,Kalyan Rural Assembly Constituency,144,,16,748,0,0,748,0,,,0,748,748,0,748
Thane,,,Kalyan Rural Assembly Constituency,144,,17,838,0,6,844,0,,,0,838,838,0,838
Thane,,,Kalyan Rural Assembly Constituency,144,,18,584,0,4,588,0,,,0,584,584,0,584
Thane,,,Kalyan Rural Assembly Constituency,144,,19,655,0,5,660,0,,,0,655,655,0,655
Thane,,,Kalyan Rural Assembly Constituency,144,,20,613,0,5,618,0,,,0,613,613,0,613
Thane,,,Kalyan Rural Assembly Constituency,144,,21,591,0,9,600,0,,,0,591,591,0,591
Thane,,,Kalyan Rural Assembly Constituency,144,,22,559,0,0,559,0,,,0,559,559,0,559
Thane,,,Kalyan Rural Assembly Constituency,144,,23,573,0,6,579,0,,,0,573,573,0,573
Thane,,,Kalyan Rural Assembly Constituency,144,,24,653,0,4,657,0,,,0,653,653,0,653
Thane,,,Kalyan Rural Assembly Constituency,144,,25,648,0,2,650,0,,,0,648,648,0,648
Thane,,,Kalyan Rural Assembly Constituency,144,,26,718,0,5,723,0,,,0,718,718,0,718
Thane,,,Kalyan Rural Assembly Constituency,144,,27,675,0,5,680,0,,,0,675,675,0,675
Thane,,,Kalyan Rural Assembly Constituency,144,,28,791,0,6,797,0,,,0,791,791,0,791
Thane,,,Kalyan Rural Assembly Constituency,144,,29,521,0,0,521,0,,,0,521,521,0,521
Thane,,,Kalyan Rural Assembly Constituency,144,,30,695,0,2,697,0,,,0,697,697,0,697
Thane,,,Kalyan Rural Assembly Constituency,144,,31,665,0,2,667,0,,,0,665,665,0,665
Thane,,,Kalyan Rural Assembly Constituency,144,,32,712,0,2,714,0,,,0,712,712,0,712
Thane,,,Kalyan Rural Assembly Constituency,144,,33,655,0,4,659,0,,,0,655,655,0,655
Thane,,,Kalyan Rural Assembly Constituency,144,,34,472,0,2,474,0,,,0,472,472,0,472
Thane,,,Kalyan Rural Assembly Constituency,144,,35,747,0,3,750,0,,,0,748,748,0,748
Thane,,,Kalyan Rural Assembly Constituency,144,,36,555,0,3,558,0,,,0,555,555,0,555
Thane,,,Kalyan Rural Assembly Constituency,144,,37,520,0,1,521,0,,,0,520,520,0,520
Thane,,,Kalyan Rural Assembly Constituency,144,,38,524,0,4,528,0,,,0,544,544,0,544
Thane,,,Kalyan Rural Assembly Constituency,144,,39,609,0,4,613,0,,,0,609,609,0,609
Thane,,,Kalyan Rural Assembly Constituency,144,,40,812,0,4,816,0,,,0,812,812,0,812
Thane,,,Kalyan Rural Assembly Constituency,144,,41,636,0,0,636,0,,,0,636,636,0,636
Thane,,,Kalyan Rural Assembly Constituency,144,,42,605,0,0,609,0,,,0,605,605,0,605
Thane,,,Kalyan Rural Assembly Constituency,144,,43,860,0,0,868,0,,,0,860,860,0,860
Thane,,,Kalyan Rural Assembly Constituency,144,,44,744,0,0,754,0,,,0,744,744,0,744
Thane,,,Kalyan Rural Assembly Constituency,144,,45,0,0,0,0,0,,,0,0,0,0,0
Thane,,,Kalyan Rural Assembly Constituency,144,,46,768,0,0,773,0,,,0,768,768,0,768
Thane,,,Kalyan Rural Assembly Constituency,144,,47,731,0,0,734,0,,,0,731,731,0,731
Thane,,,Kalyan Rural Assembly Constituency,144,,48,815,0,0,817,0,,,0,815,815,0,815
Thane,,,Kalyan Rural Assembly Constituency,144,,49,807,0,0,810,0,,,0,807,807,0,807
Thane,,,Kalyan Rural Assembly Constituency,144,,50,803,0,0,804,0,,,0,803,803,0,803
Thane,,,Kalyan Rural Assembly Constituency,144,,51,737,0,0,740,0,,,0,737,737,0,737
Thane,,,Kalyan Rural Assembly Constituency,144,,52,606,0,0,610,0,,,0,606,606,0,606
Thane,,,Kalyan Rural Assembly Constituency,144,,53,777,0,0,786,0,,,0,777,777,0,777
Thane,,,Kalyan Rural Assembly Constituency,144,,54,649,0,0,652,0,,,0,649,649,0,649
Thane,,,Kalyan Rural Assembly Constituency,144,,55,766,0,0,770,0,,,0,766,766,0,766
Thane,,,Kalyan Rural Assembly Constituency,144,,56,799,0,0,802,0,,,0,799,799,0,799
Thane,,,Kalyan Rural Assembly Constituency,144,,57,773,2,0,776,0,,,0,773,773,0,773
Thane,,,Kalyan Rural Assembly Constituency,144,,58,529,0,0,531,0,,,0,529,529,0,529
Thane,,,Kalyan Rural Assembly Constituency,144,,59,597,0,0,598,0,,,0,597,597,0,597
Thane,,,Kalyan Rural Assembly Constituency,144,,60,724,0,0,725,0,,,0,724,724,0,724
Thane,,,Kalyan Rural Assembly Constituency,144,,61,719,0,4,723,0,,,0,719,719,0,719
Thane,,,Kalyan Rural Assembly Constituency,144,,62,651,0,4,655,0,,,0,651,651,0,651
Thane,,,Kalyan Rural Assembly Constituency,144,,63,611,0,3,614,0,,,0,611,611,0,611
Thane,,,Kalyan Rural Assembly Constituency,144,,64,695,0,3,698,0,,,0,695,695,0,695
Thane,,,Kalyan Rural Assembly Constituency,144,,65,780,0,5,785,0,,,0,780,780,0,780
Thane,,,Kalyan Rural Assembly Constituency,144,,66,671,0,4,675,0,,,0,671,671,0,671
Thane,,,Kalyan Rural Assembly Constituency,144,,67,604,0,3,607,0,,,0,604,604,0,604
Thane,,,Kalyan Rural Assembly Constituency,144,,68,628,0,3,631,0,,,0,630,630,0,630
Thane,,,Kalyan Rural Assembly Constituency,144,,69,642,0,2,644,0,,,0,642,642,0,642
Thane,,,Kalyan Rural Assembly Constituency,144,,70,586,0,3,589,0,,,0,586,586,0,586
Thane,,,Kalyan Rural Assembly Constituency,144,,71,630,0,4,634,0,,,0,630,630,0,630
Thane,,,Kalyan Rural Assembly Constituency,144,,72,834,0,4,838,0,,,0,834,834,0,834
Thane,,,Kalyan Rural Assembly Constituency,144,,73,843,0,3,846,0,,,0,843,843,0,843
Thane,,,Kalyan Rural Assembly Constituency,144,,74,531,0,7,538,0,,,0,531,531,0,531
Thane,,,Kalyan Rural Assembly Constituency,144,,75,855,0,3,858,0,,,0,855,855,0,855
Thane,,,Kalyan Rural Assembly Constituency,144,,76,624,0,5,629,0,,,0,624,624,0,624
Thane,,,Kalyan Rural Assembly Constituency,144,,77,632,0,6,638,0,,,0,632,632,0,632
Thane,,,Kalyan Rural Assembly Constituency,144,,78,629,0,6,635,0,,,0,629,629,0,629
Thane,,,Kalyan Rural Assembly Constituency,144,,79,601,0,4,605,0,,,0,601,601,0,601
Thane,,,Kalyan Rural Assembly Constituency,144,,80,474,0,4,478,0,,,0,474,474,0,474
Thane,,,Kalyan Rural Assembly Constituency,144,,81,477,0,2,479,0,,,0,477,477,0,477
Thane,,,Kalyan Rural Assembly Constituency,144,,82,842,0,8,850,0,,,0,842,842,0,842
Thane,,,Kalyan Rural Assembly Constituency,144,,83,872,0,6,878,0,,,0,872,872,0,872
Thane,,,Kalyan Rural Assembly Constituency,144,,84,835,0,8,843,0,,,0,835,835,0,835
Thane,,,Kalyan Rural Assembly Constituency,144,,85,595,0,8,603,0,,,0,595,595,0,595
Thane,,,Kalyan Rural Assembly Constituency,144,,86,640,0,3,643,0,,,0,640,640,0,640
Thane,,,Kalyan Rural Assembly Constituency,144,,87,463,0,3,466,0,,,0,463,463,0,463
Thane,,,Kalyan Rural Assembly Constituency,144,,88,911,0,9,920,0,,,0,911,911,0,911
Thane,,,Kalyan Rural Assembly Constituency,144,,89,782,0,6,788,0,,,0,781,781,0,781
Thane,,,Kalyan Rural Assembly Constituency,144,,90,798,0,3,801,0,,,0,798,798,0,798
Thane,,,Kalyan Rural Assembly Constituency,144,,91,783,0,6,789,0,,,0,782,782,0,782
Thane,,,Kalyan Rural Assembly Constituency,144,,92,845,0,5,850,0,,,0,845,845,0,845
Thane,,,Kalyan Rural Assembly Constituency,144,,93,695,0,8,703,0,,,0,695,695,0,695
Thane,,,Kalyan Rural Assembly Constituency,144,,94,482,0,2,484,0,,,0,482,482,0,482
Thane,,,Kalyan Rural Assembly Constituency,144,,95,559,0,7,566,0,,,0,559,559,0,559
Thane,,,Kalyan Rural Assembly Constituency,144,,96,515,0,1,516,0,,,0,515,515,0,515
Thane,,,Kalyan Rural Assembly Constituency,144,,97,531,0,4,535,0,,,0,531,531,0,531
Thane,,,Kalyan Rural Assembly Constituency,144,,98,419,0,4,423,0,,,0,419,419,0,419
Thane,,,Kalyan Rural Assembly Constituency,144,,99,559,0,6,565,0,,,0,559,559,0,559
Thane,,,Kalyan Rural Assembly Constituency,144,,100,620,0,2,622,0,,,0,620,620,0,620
Thane,,,Kalyan Rural Assembly Constituency,144,,102,660,0,6,666,0,,,0,660,660,0,660
Thane,,,Kalyan Rural Assembly Constituency,144,,103,437,0,3,443,0,,,0,407,407,0,407
Thane,,,Kalyan Rural Assembly Constituency,144,,104,531,0,3,534,0,,,0,531,531,0,531
Thane,,,Kalyan Rural Assembly Constituency,144,,105,579,0,9,588,0,,,0,579,579,0,579
Thane,,,Kalyan Rural Assembly Constituency,144,,106,799,0,13,812,0,,,0,798,798,0,798
Thane,,,Kalyan Rural Assembly Constituency,144,,107,529,0,3,532,0,,,0,529,529,0,529
Thane,,,Kalyan Rural Assembly Constituency,144,,108,515,0,7,522,0,,,0,515,515,0,515
Thane,,,Kalyan Rural Assembly Constituency,144,,109,719,0,13,732,0,,,0,719,719,0,719
Thane,,,Kalyan Rural Assembly Constituency,144,,110,628,0,15,643,0,,,0,628,628,0,628
Thane,,,Kalyan Rural Assembly Constituency,144,,111,746,0,10,756,0,,,0,746,746,0,746
Thane,,,Kalyan Rural Assembly Constituency,144,,112,709,0,12,721,0,,,0,709,709,0,709
Thane,,,Kalyan Rural Assembly Constituency,144,,113,828,0,9,837,0,,,0,827,827,0,827
Thane,,,Kalyan Rural Assembly Constituency,144,,114,563,0,14,577,0,,,0,563,563,0,563
Thane,,,Kalyan Rural Assembly Constituency,144,,115,641,0,6,647,0,,,0,641,641,0,641
Thane,,,Kalyan Rural Assembly Constituency,144,,116,655,0,11,666,0,,,0,655,655,0,655
Thane,,,Kalyan Rural Assembly Constituency,144,,117,596,0,4,600,0,,,0,596,596,0,596
Thane,,,Kalyan Rural Assembly Constituency,144,,118,625,0,4,629,0,,,0,625,625,0,625
Thane,,,Kalyan Rural Assembly Constituency,144,,119,552,0,4,556,0,,,0,552,552,0,552
Thane,,,Kalyan Rural Assembly Constituency,144,,120,860,0,6,866,0,,,0,860,860,0,860
Thane,,,Kalyan Rural Assembly Constituency,144,,121,554,0,5,559,0,,,0,554,554,0,554
Thane,,,Kalyan Rural Assembly Constituency,144,,122,646,0,7,653,0,,,0,646,646,0,646
Thane,,,Kalyan Rural Assembly Constituency,144,,123,737,0,6,743,0,,,0,737,737,0,737
Thane,,,Kalyan Rural Assembly Constituency,144,,124,780,0,12,792,0,,,0,780,780,0,780
Thane,,,Kalyan Rural Assembly Constituency,144,,125,529,0,7,536,0,,,0,529,529,0,529
Thane,,,Kalyan Rural Assembly Constituency,144,,126,456,0,3,459,0,,,0,456,456,0,456
Thane,,,Kalyan Rural Assembly Constituency,144,,127,610,0,8,618,0,,,0,610,610,0,610
Thane,,,Kalyan Rural Assembly Constituency,144,,128,628,0,10,638,0,,,0,628,628,0,628
Thane,,,Kalyan Rural Assembly Constituency,144,,129,759,0,8,767,0,,,0,759,759,0,759
Thane,,,Kalyan Rural Assembly Constituency,144,,130,640,0,12,652,0,,,0,640,640,0,640
Thane,,,Kalyan Rural Assembly Constituency,144,,131,552,0,7,559,0,,,0,552,552,0,552
Thane,,,Kalyan Rural Assembly Constituency,144,,132,526,0,5,531,0,,,0,526,526,0,526
Thane,,,Kalyan Rural Assembly Constituency,144,,133,642,0,7,649,0,,,0,642,642,0,642
Thane,,,Kalyan Rural Assembly Constituency,144,,134,634,0,9,643,0,,,0,634,634,0,634
Thane,,,Kalyan Rural Assembly Constituency,144,,135,655,0,6,661,0,,,0,655,655,0,655
Thane,,,Kalyan Rural Assembly Constituency,144,,136,618,0,7,625,0,,,0,618,618,0,618
Thane,,,Kalyan Rural Assembly Constituency,144,,137,460,0,5,465,0,,,0,460,460,0,460
Thane,,,Kalyan Rural Assembly Constituency,144,,138,531,0,4,535,0,,,0,533,533,0,533
Thane,,,Kalyan Rural Assembly Constituency,144,,139,690,0,4,694,0,,,0,690,690,0,690
Thane,,,Kalyan Rural Assembly Constituency,144,,140,448,0,3,451,0,,,0,450,450,0,450
Thane,,,Kalyan Rural Assembly Constituency,144,,141,450,0,4,454,0,,,0,450,450,0,450
Thane,,,Kalyan Rural Assembly Constituency,144,,142,592,0,7,599,0,,,0,592,592,0,592
Thane,,,Kalyan Rural Assembly Constituency,144,,143,663,0,6,669,0,,,0,663,663,0,663
Thane,,,Kalyan Rural Assembly Constituency,144,,144,773,0,8,781,0,,,0,773,773,0,773
Thane,,,Kalyan Rural Assembly Constituency,144,,145,648,0,8,656,0,,,0,648,648,0,648
Thane,,,Kalyan Rural Assembly Constituency,144,,146,754,0,13,767,0,,,0,754,754,0,754
Thane,,,Kalyan Rural Assembly Constituency,144,,147,550,0,11,561,0,,,0,550,550,0,550
Thane,,,Kalyan Rural Assembly Constituency,144,,148,652,0,9,661,0,,,0,652,652,0,652
Thane,,,Kalyan Rural Assembly Constituency,144,,149,672,0,3,675,0,,,0,672,672,0,672
Thane,,,Kalyan Rural Assembly Constituency,144,,150,674,0,7,681,0,,,0,674,674,0,674
Thane,,,Kalyan Rural Assembly Constituency,144,,151,633,0,12,645,0,,,0,633,633,0,633
Thane,,,Kalyan Rural Assembly Constituency,144,,152,860,0,17,877,0,,,0,860,860,0,860
Thane,,,Kalyan Rural Assembly Constituency,144,,153,714,0,13,727,0,,,0,714,714,0,714
Thane,,,Kalyan Rural Assembly Constituency,144,,154,811,0,10,821,0,,,0,811,811,0,811
Thane,,,Kalyan Rural Assembly Constituency,144,,155,773,0,6,779,0,,,0,773,773,0,773
Thane,,,Kalyan Rural Assembly Constituency,144,,156,739,0,11,750,0,,,0,739,739,0,739
Thane,,,Kalyan Rural Assembly Constituency,144,,157,821,0,14,835,0,,,0,821,821,0,821
Thane,,,Kalyan Rural Assembly Constituency,144,,158,764,0,10,774,0,,,0,764,764,0,764
Thane,,,Kalyan Rural Assembly Constituency,144,,159,573,0,10,583,0,,,0,573,573,0,573
Thane,,,Kalyan Rural Assembly Constituency,144,,160,631,0,5,636,0,,,0,631,631,0,631
Thane,,,Kalyan Rural Assembly Constituency,144,,161,599,0,1,600,0,,,0,599,599,0,599
Thane,,,Kalyan Rural Assembly Constituency,144,,162,569,0,6,575,0,,,0,569,569,0,569
Thane,,,Kalyan Rural Assembly Constituency,144,,163,583,0,13,596,0,,,0,583,583,0,583
Thane,,,Kalyan Rural Assembly Constituency,144,,164,461,0,10,471,0,,,0,461,461,0,461
Thane,,,Kalyan Rural Assembly Constituency,144,,165,684,0,13,697,0,,,0,684,684,0,684
Thane,,,Kalyan Rural Assembly Constituency,144,,166,571,0,9,580,0,,,0,571,571,0,571
Thane,,,Kalyan Rural Assembly Constituency,144,,167,570,0,4,574,0,,,0,570,570,0,570
Thane,,,Kalyan Rural Assembly Constituency,144,,168,621,0,13,634,0,,,0,621,621,0,621
Thane,,,Kalyan Rural Assembly Constituency,144,,169,457,0,3,460,0,,,0,457,457,0,457
Thane,,,Kalyan Rural Assembly Constituency,144,,170,450,0,4,454,0,,,0,450,450,0,450
Thane,,,Kalyan Rural Assembly Constituency,144,,171,658,0,9,667,0,,,0,659,659,0,659
Thane,,,Kalyan Rural Assembly Constituency,144,,172,569,0,10,579,0,,,0,569,569,0,569
Thane,,,Kalyan Rural Assembly Constituency,144,,173,465,0,6,471,0,,,0,465,465,0,465
Thane,,,Kalyan Rural Assembly Constituency,144,,174,738,0,8,746,0,,,0,738,738,0,738
Thane,,,Kalyan Rural Assembly Constituency,144,,175,397,0,6,403,0,,,0,397,397,0,397
Thane,,,Kalyan Rural Assembly Constituency,144,,176,360,0,3,363,0,,,0,360,360,0,360
Thane,,,Kalyan Rural Assembly Constituency,144,,177,643,0,8,651,0,,,0,643,643,0,643
Thane,,,Kalyan Rural Assembly Constituency,144,,178,723,0,13,736,0,,,0,723,723,0,723
Thane,,,Kalyan Rural Assembly Constituency,144,,179,769,0,9,778,0,,,0,769,769,0,769
Thane,,,Kalyan Rural Assembly Constituency,144,,180,784,0,8,792,0,,,0,784,784,0,784
Thane,,,Kalyan Rural Assembly Constituency,144,,181,821,0,9,830,0,,,0,821,821,0,821
Thane,,,Kalyan Rural Assembly Constituency,144,,182,759,0,17,776,0,,,0,759,759,0,759
Thane,,,Kalyan Rural Assembly Constituency,144,,183,606,0,5,611,0,,,0,606,606,0,606
Thane,,,Kalyan Rural Assembly Constituency,144,,184,737,0,10,747,0,,,0,737,737,0,737
Thane,,,Kalyan Rural Assembly Constituency,144,,185,743,0,12,755,0,,,0,743,743,0,743
Thane,,,Kalyan Rural Assembly Constituency,144,,186,652,0,11,663,0,,,0,652,652,0,652
Thane,,,Kalyan Rural Assembly Constituency,144,,187,553,0,7,560,0,,,0,553,553,0,553
Thane,,,Kalyan Rural Assembly Constituency,144,,188,495,0,3,498,0,,,0,495,495,0,495
Thane,,,Kalyan Rural Assembly Constituency,144,,189,740,0,10,750,0,,,0,740,740,0,740
Thane,,,Kalyan Rural Assembly Constituency,144,,190,924,0,15,939,0,,,0,924,924,0,924
Thane,,,Kalyan Rural Assembly Constituency,144,,191,631,0,8,639,0,,,0,631,631,0,631
Thane,,,Kalyan Rural Assembly Constituency,144,,192,621,0,3,624,0,,,0,621,621,0,621
Thane,,,Kalyan Rural Assembly Constituency,144,,193,590,0,13,603,0,,,0,590,590,0,590
Thane,,,Kalyan Rural Assembly Constituency,144,,194,564,0,6,570,0,,,0,564,564,0,564
Thane,,,Kalyan Rural Assembly Constituency,144,,195,508,0,7,515,0,,,0,508,508,0,508
Thane,,,Kalyan Rural Assembly Constituency,144,,196,464,0,7,471,0,,,0,464,464,0,464
Thane,,,Kalyan Rural Assembly Constituency,144,,197,659,0,4,663,0,,,0,659,659,0,659
Thane,,,Kalyan Rural Assembly Constituency,144,,198,747,0,6,753,0,,,0,747,747,0,747
Thane,,,Kalyan Rural Assembly Constituency,144,,199,841,0,8,849,0,,,0,841,841,0,841
Thane,,,Kalyan Rural Assembly Constituency,144,,200,633,0,6,639,0,,,0,633,633,0,633
Thane,,,Kalyan Rural Assembly Constituency,144,,201,721,0,7,728,0,,,0,721,721,0,721
Thane,,,Kalyan Rural Assembly Constituency,144,,202,639,0,7,646,0,,,0,639,639,0,639
Thane,,,Kalyan Rural Assembly Constituency,144,,203,682,0,7,689,0,,,0,682,682,0,682
Thane,,,Kalyan Rural Assembly Constituency,144,,204,815,0,9,824,0,,,0,815,815,0,815
Thane,,,Kalyan Rural Assembly Constituency,144,,205,770,0,8,778,0,,,0,770,770,0,770
Thane,,,Kalyan Rural Assembly Constituency,144,,206,668,0,4,672,0,,,0,668,668,0,668
Thane,,,Kalyan Rural Assembly Constituency,144,,207,603,0,2,605,0,,,0,603,603,0,603
Thane,,,Kalyan Rural Assembly Constituency,144,,208,642,0,6,648,0,,,0,642,642,0,642
Thane,,,Kalyan Rural Assembly Constituency,144,,209,510,0,6,516,0,,,0,530,530,0,530
Thane,,,Kalyan Rural Assembly Constituency,144,,210,720,0,9,729,0,,,0,720,720,0,720
Thane,,,Kalyan Rural Assembly Constituency,144,,211,704,0,5,709,0,,,0,704,704,0,704
Thane,,,Kalyan Rural Assembly Constituency,144,,212,593,0,4,597,0,,,0,595,595,0,595
Thane,,,Kalyan Rural Assembly Constituency,144,,213,716,0,9,725,0,,,0,716,716,0,716
Thane,,,Kalyan Rural Assembly Constituency,144,,214,690,0,15,705,0,,,0,690,690,0,690
Thane,,,Kalyan Rural Assembly Constituency,144,,215,614,0,6,620,0,,,0,634,634,0,634
Thane,,,Kalyan Rural Assembly Constituency,144,,216,408,0,2,410,0,,,0,408,408,0,408
Thane,,,Kalyan Rural Assembly Constituency,144,,217,683,0,12,695,0,,,0,683,683,0,683
Thane,,,Kalyan Rural Assembly Constituency,144,,218,607,0,4,611,0,,,0,607,607,0,607
Thane,,,Kalyan Rural Assembly Constituency,144,,219,642,0,3,645,0,,,0,642,642,0,642
Thane,,,Kalyan Rural Assembly Constituency,144,,220,694,0,8,702,0,,,0,794,794,0,794
Thane,,,Kalyan Rural Assembly Constituency,144,,221,642,0,3,645,0,,,0,442,442,0,442
Thane,,,Kalyan Rural Assembly Constituency,144,,222,649,0,7,656,0,,,0,649,649,0,649
Thane,,,Kalyan Rural Assembly Constituency,144,,223,657,0,9,666,0,,,0,657,657,0,657
Thane,,,Kalyan Rural Assembly Constituency,144,,224,680,0,14,694,0,,,0,680,680,0,680
Thane,,,Kalyan Rural Assembly Constituency,144,,225,750,0,11,761,0,,,0,750,750,0,750
Thane,,,Kalyan Rural Assembly Constituency,144,,226,711,0,18,729,0,,,0,711,711,0,711
Thane,,,Kalyan Rural Assembly Constituency,144,,227,556,0,8,564,0,,,0,556,556,0,556
Thane,,,Kalyan Rural Assembly Constituency,144,,228,702,0,19,721,0,,,0,702,702,0,702
Thane,,,Kalyan Rural Assembly Constituency,144,,229,703,0,9,712,0,,,0,703,703,0,703
Thane,,,Kalyan Rural Assembly Constituency,144,,230,711,0,17,728,0,,,0,711,711,0,711
Thane,,,Kalyan Rural Assembly Constituency,144,,231,686,0,16,702,0,,,0,686,686,0,686
Thane,,,Kalyan Rural Assembly Constituency,144,,232,633,0,9,642,0,,,0,633,633,0,633
Thane,,,Kalyan Rural Assembly Constituency,144,,233,656,0,7,663,0,,,0,656,656,0,656
Thane,,,Kalyan Rural Assembly Constituency,144,,234,813,0,15,828,0,,,0,813,813,0,813
Thane,,,Kalyan Rural Assembly Constituency,144,,235,525,0,5,530,0,,,0,525,525,0,525
Thane,,,Kalyan Rural Assembly Constituency,144,,236,440,0,5,445,0,,,0,440,440,0,440
Thane,,,Kalyan Rural Assembly Constituency,144,,237,601,0,10,611,0,,,0,601,601,0,601
Thane,,,Kalyan Rural Assembly Constituency,144,,238,560,0,10,570,0,,,0,560,560,0,560
Thane,,,Kalyan Rural Assembly Constituency,144,,239,725,0,7,732,0,,,0,725,725,0,725
Thane,,,Kalyan Rural Assembly Constituency,144,,240,736,0,12,748,0,,,0,736,736,0,736
Thane,,,Kalyan Rural Assembly Constituency,144,,241,766,0,7,773,0,,,0,766,766,0,766
Thane,,,Kalyan Rural Assembly Constituency,144,,242,632,0,6,638,0,,,0,632,632,0,632
Thane,,,Kalyan Rural Assembly Constituency,144,,243,637,0,7,644,0,,,0,637,637,0,637
Thane,,,Kalyan Rural Assembly Constituency,144,,244,678,0,10,688,0,,,0,678,678,0,678
Thane,,,Kalyan Rural Assembly Constituency,144,,245,684,0,4,688,0,,,0,686,686,0,686
Thane,,,Kalyan Rural Assembly Constituency,144,,246,669,0,14,683,0,,,0,669,669,0,669
Thane,,,Kalyan Rural Assembly Constituency,144,,247,601,0,9,610,0,,,0,601,601,0,601
Thane,,,Kalyan Rural Assembly Constituency,144,,248,544,0,9,553,0,,,0,544,544,0,544
Thane,,,Kalyan Rural Assembly Constituency,144,,249,605,0,5,610,0,,,0,605,605,0,605
Thane,,,Kalyan Rural Assembly Constituency,144,,250,631,0,5,636,0,,,0,631,631,0,631
Thane,,,Kalyan Rural Assembly Constituency,144,,251,854,0,11,865,0,,,0,854,854,0,854
Thane,,,Kalyan Rural Assembly Constituency,144,,252,790,0,8,798,0,,,0,790,790,0,790
Thane,,,Kalyan Rural Assembly Constituency,144,,253,694,0,5,699,0,,,0,696,696,0,696
Thane,,,Kalyan Rural Assembly Constituency,144,,254,745,0,5,750,0,,,0,745,745,0,745
Thane,,,Kalyan Rural Assembly Constituency,144,,255,866,0,4,870,0,,,0,866,866,0,866
Thane,,,Kalyan Rural Assembly Constituency,144,,256,788,0,5,793,0,,,0,788,788,0,788
Thane,,,Kalyan Rural Assembly Constituency,144,,257,857,0,6,863,0,,,0,857,857,0,857
Thane,,,Kalyan Rural Assembly Constituency,144,,258,921,0,7,928,0,,,0,921,921,0,921
Thane,,,Kalyan Rural Assembly Constituency,144,,259,833,0,8,841,0,,,0,833,833,0,833
Thane,,,Kalyan Rural Assembly Constituency,144,,260,688,0,2,690,0,,,0,688,688,0,688
Thane,,,Kalyan Rural Assembly Constituency,144,,261,609,0,9,618,0,,,0,609,609,0,609
Thane,,,Kalyan Rural Assembly Constituency,144,,262,781,0,3,784,0,,,0,781,781,0,781
Thane,,,Kalyan Rural Assembly Constituency,144,,263,663,0,5,668,0,,,0,663,663,0,663
Thane,,,Kalyan Rural Assembly Constituency,144,,264,735,0,6,741,0,,,0,735,735,0,735
Thane,,,Kalyan Rural Assembly Constituency,144,,265,736,0,5,741,0,,,0,736,736,0,736
Thane,,,Kalyan Rural Assembly Constituency,144,,266,425,0,2,427,0,,,0,425,425,0,425
Thane,,,Kalyan Rural Assembly Constituency,144,,267,409,0,1,410,0,,,0,409,409,0,409
Thane,,,Kalyan Rural Assembly Constituency,144,,268,661,0,3,664,0,,,0,661,661,0,661
Thane,,,Kalyan Rural Assembly Constituency,144,,269,618,0,3,621,0,,,0,618,618,0,618
Thane,,,Kalyan Rural Assembly Constituency,144,,270,637,0,5,642,0,,,0,637,637,0,637
Thane,,,Kalyan Rural Assembly Constituency,144,,271,627,0,5,632,0,,,0,627,627,0,627
Thane,,,Kalyan Rural Assembly Constituency,144,,272,1136,0,9,1145,0,,,0,1136,1136,0,1136
Thane,,,Kalyan Rural Assembly Constituency,144,,273,666,0,9,675,0,,,0,666,666,0,666
Thane,,,Kalyan Rural Assembly Constituency,144,,273-A,410,0,1,411,0,,,0,410,410,0,410
Thane,,,Kalyan Rural Assembly Constituency,144,,274,704,0,1,705,0,,,0,706,706,0,706
Thane,,,Kalyan Rural Assembly Constituency,144,,275,728,0,10,738,0,,,0,728,728,0,728
Thane,,,Kalyan Rural Assembly Constituency,144,,276,683,0,6,689,0,,,0,683,683,0,683
Thane,,,Kalyan Rural Assembly Constituency,144,,277,783,0,5,788,0,,,0,783,783,0,783
Thane,,,Kalyan Rural Assembly Constituency,144,,278,716,0,7,723,0,,,0,716,716,0,716
Thane,,,Kalyan Rural Assembly Constituency,144,,279,688,0,4,692,0,,,0,688,688,0,688
Thane,,,Kalyan Rural Assembly Constituency,144,,280,823,0,5,828,0,,,0,823,823,0,823
Thane,,,Kalyan Rural Assembly Constituency,144,,281,690,0,3,693,0,,,0,690,690,0,690
Thane,,,Kalyan Rural Assembly Constituency,144,,282,634,0,6,640,0,,,0,634,634,0,634
Thane,,,Kalyan Rural Assembly Constituency,144,,283,642,0,4,646,0,,,0,642,642,0,642
Thane,,,Kalyan Rural Assembly Constituency,144,,284,474,0,1,475,0,,,0,474,474,0,474
Thane,,,Kalyan Rural Assembly Constituency,144,,285,875,0,3,878,0,,,0,877,877,0,877
Thane,,,Kalyan Rural Assembly Constituency,144,,286,785,0,7,792,0,,,0,785,785,0,785
Thane,,,Kalyan Rural Assembly Constituency,144,,287,665,0,10,675,0,,,0,665,665,0,665
Thane,,,Kalyan Rural Assembly Constituency,144,,288,918,0,4,922,0,,,0,918,918,0,918
Thane,,,Kalyan Rural Assembly Constituency,144,,289,842,0,4,846,0,,,0,842,842,0,842
Thane,,,Kalyan Rural Assembly Constituency,144,,290,702,0,7,709,0,,,0,702,702,0,702
Thane,,,Kalyan Rural Assembly Constituency,144,,291,702,0,5,707,0,,,0,702,702,0,702
Thane,,,Kalyan Rural Assembly Constituency,144,,292,564,0,1,565,0,,,0,564,564,0,564
Thane,,,Kalyan Rural Assembly Constituency,144,,293,632,0,2,634,0,,,0,632,632,0,632
Thane,,,Kalyan Rural Assembly Constituency,144,,294,702,0,10,712,0,,,0,702,702,0,702
Thane,,,Kalyan Rural Assembly Constituency,144,,295,939,0,4,943,0,,,0,939,939,0,939
Thane,,,Kalyan Rural Assembly Constituency,144,,296,737,0,4,741,0,,,0,737,737,0,737
Thane,,,Kalyan Rural Assembly Constituency,144,,297,735,0,2,737,0,,,0,735,735,0,735
Thane,,,Kalyan Rural Assembly Constituency,144,,298,777,0,6,783,0,,,0,777,777,0,777
Thane,,,Kalyan Rural Assembly Constituency,144,,299,715,0,4,719,0,,,0,715,715,0,715
Thane,,,Kalyan Rural Assembly Constituency,144,,300,691,0,6,697,0,,,0,691,691,0,691
Thane,,,Kalyan Rural Assembly Constituency,144,,301,554,0,4,558,0,,,0,554,554,0,554
Thane,,,Kalyan Rural Assembly Constituency,144,,302,579,0,6,585,0,,,0,579,579,0,579
Thane,,,Kalyan Rural Assembly Constituency,144,,303,640,0,5,645,0,,,0,641,641,0,641
Thane,,,Kalyan Rural Assembly Constituency,144,,304,704,0,8,712,0,,,0,704,704,0,704
Thane,,,Kalyan Rural Assembly Constituency,144,,305,789,0,11,800,0,,,0,791,791,0,791
Thane,,,Kalyan Rural Assembly Constituency,144,,306,730,0,10,740,0,,,0,729,729,0,729
Thane,,,Kalyan Rural Assembly Constituency,144,,307,748,0,8,756,0,,,0,748,748,0,748
Thane,,,Kalyan Rural Assembly Constituency,144,,308,494,0,1,495,0,,,0,493,493,0,493
Thane,,,Kalyan Rural Assembly Constituency,144,,309,580,0,7,587,0,,,0,580,580,0,580
Thane,,,Kalyan Rural Assembly Constituency,144,,310,783,0,8,791,0,,,0,783,783,0,783
Thane,,,Kalyan Rural Assembly Constituency,144,,311,813,0,4,817,0,,,0,813,813,0,813
Thane,,,Kalyan Rural Assembly Constituency,144,,312,744,0,7,751,0,,,0,744,744,0,744
Thane,,,Kalyan Rural Assembly Constituency,144,,313,447,0,7,454,0,,,0,457,457,0,457
Thane,,,Kalyan Rural Assembly Constituency,144,,314,624,0,7,631,0,,,0,624,624,0,624
Thane,,,Kalyan Rural Assembly Constituency,144,,315,691,0,3,694,0,,,0,691,691,0,691
Thane,,,Kalyan Rural Assembly Constituency,144,,316,651,0,8,659,0,,,0,651,651,0,651
Thane,,,Kalyan Rural Assembly Constituency,144,,317,396,0,9,405,0,,,0,396,396,0,396
Thane,,,Kalyan Rural Assembly Constituency,144,,318,606,0,5,611,0,,,0,606,606,0,606
Thane,,,Kalyan Rural Assembly Constituency,144,,319,801,0,5,806,0,,,0,801,801,0,801
Thane,,,Kalyan Rural Assembly Constituency,144,,320,677,0,7,684,0,,,0,677,677,0,677
Thane,,,Kalyan Rural Assembly Constituency,144,,321,707,0,11,718,0,,,0,707,707,0,707
Thane,,,Kalyan Rural Assembly Constituency,144,,322,684,0,8,692,0,,,0,684,684,0,684
Thane,,,Kalyan Rural Assembly Constituency,144,,323,730,0,8,738,0,,,0,730,730,0,730
Thane,,,Kalyan Rural Assembly Constituency,144,,324,717,0,12,729,0,,,0,717,717,0,717
Thane,,,Kalyan Rural Assembly Constituency,144,,325,794,0,8,802,0,,,0,794,794,0,794
Thane,,,Kalyan Rural Assembly Constituency,144,,326,750,0,10,760,0,,,0,750,750,0,750
Thane,,,Kalyan Rural Assembly Constituency,144,,327,825,0,9,834,0,,,0,829,829,0,829
Thane,,,Kalyan Rural Assembly Constituency,144,,328,693,0,3,696,0,,,0,693,693,0,693
Thane,,,Kalyan Rural Assembly Constituency,144,,329,629,0,5,634,0,,,0,629,629,0,629
Thane,,,Kalyan Rural Assembly Constituency,144,,330,852,0,9,861,0,,,0,852,852,0,852
Thane,,,Kalyan Rural Assembly Constituency,144,,331,765,0,9,764,0,,,0,755,755,0,755
Thane,,,Kalyan Rural Assembly Constituency,144,,332,809,0,6,815,0,,,0,809,809,0,809
Thane,,,Kalyan Rural Assembly Constituency,144,,333,726,0,6,732,0,,,0,726,726,0,726
Thane,,,Kalyan Rural Assembly Constituency,144,,334,612,0,4,616,0,,,0,614,614,0,614
Thane,,,Kalyan Rural Assembly Constituency,144,,335,642,0,4,646,0,,,0,642,642,0,642
Thane,,,Kalyan Rural Assembly Constituency,144,,336,669,0,4,669,0,,,0,669,669,0,669
Thane,,,Kalyan Rural Assembly Constituency,144,,337,601,0,6,607,0,,,0,601,601,0,601
Thane,,,Kalyan Rural Assembly Constituency,144,,338,830,0,2,832,0,,,0,830,830,0,830
Thane,,,Kalyan Rural Assembly Constituency,144,,339,723,0,9,732,0,,,0,723,723,0,723
Thane,,,Kalyan Rural Assembly Constituency,144,,340,623,0,5,628,0,,,0,623,623,0,623
Thane,,,Kalyan Rural Assembly Constituency,144,,341,605,0,7,612,0,,,0,605,605,0,605
Thane,,,Kalyan Rural Assembly Constituency,144,,342,528,0,10,538,0,,,0,528,528,0,528
Thane,,,Kalyan Rural Assembly Constituency,144,,343,707,0,6,713,0,,,0,707,707,0,707
Thane,,,Kalyan Rural Assembly Constituency,144,,344,624,0,8,632,0,,,0,624,624,0,624
Thane,,,Kalyan Rural Assembly Constituency,144,,345,564,0,6,570,0,,,0,564,564,0,564
Thane,,,Kalyan Rural Assembly Constituency,144,,346,697,0,10,707,0,,,0,697,697,0,697
Thane,,,Kalyan Rural Assembly Constituency,144,,347,616,0,8,624,0,,,0,616,616,0,616
Thane,,,Kalyan Rural Assembly Constituency,144,,348,585,0,3,588,0,,,0,585,585,0,585
Thane,,,Kalyan Rural Assembly Constituency,144,,349,450,0,3,453,0,,,0,450,450,0,450
Thane,,,Kalyan Rural Assembly Constituency,144,,350,742,0,5,747,0,,,0,742,742,0,742
Thane,,,Kalyan Rural Assembly Constituency,144,,351,819,0,8,827,0,,,0,819,819,0,819
Thane,,,Kalyan Rural Assembly Constituency,144,,352,494,0,4,498,0,,,0,494,494,0,494
Thane,,,Kalyan Rural Assembly Constituency,144,,353,527,0,2,529,0,,,0,527,527,0,527
Thane,,,Kalyan Rural Assembly Constituency,144,,354,572,0,5,577,0,,,0,572,572,0,572
Thane,,,Kalyan Rural Assembly Constituency,144,,355,367,0,8,375,0,,,0,367,367,0,367
Thane,,,Kalyan Rural Assembly Constituency,144,,356,913,0,9,922,0,,,0,913,913,0,913
Thane,,,Kalyan Rural Assembly Constituency,144,,357,780,0,5,785,0,,,0,780,780,0,780
Thane,,,Kalyan Rural Assembly Constituency,144,,358,767,0,7,774,0,,,0,767,767,0,767
Thane,,,Kalyan Rural Assembly Constituency,144,,359,624,0,0,624,0,,,0,624,624,0,624
Thane,,,Kalyan Rural Assembly Constituency,144,,360,653,0,4,657,0,,,0,653,653,0,653
Thane,,,Kalyan Rural Assembly Constituency,144,,361,561,0,0,561,0,,,0,561,561,0,561
Thane,,,Kalyan Rural Assembly Constituency,144,,362,788,0,3,791,0,,,0,788,788,0,788
Thane,,,Kalyan Rural Assembly Constituency,144,,363,760,0,3,763,0,,,0,760,760,0,760
Thane,,,Kalyan Rural Assembly Constituency,144,,364,669,0,5,674,0,,,0,669,669,0,669
Thane,,,Kalyan Rural Assembly Constituency,144,,365,800,0,10,810,0,,,0,800,800,0,800
Thane,,,Kalyan Rural Assembly Constituency,144,,366,661,0,3,664,0,,,0,661,661,0,661
Thane,,,Kalyan Rural Assembly Constituency,144,,367,756,0,8,764,0,,,0,758,758,0,758
Thane,,,Kalyan Rural Assembly Constituency,144,,368,863,0,5,868,0,,,0,863,863,0,863
Thane,,,Kalyan Rural Assembly Constituency,144,,369,778,0,5,783,0,,,0,778,778,0,778
Thane,,,Kalyan Rural Assembly Constituency,144,,370,554,0,0,554,0,,,0,554,554,0,554
Thane,,,Kalyan Rural Assembly Constituency,144,,371,446,0,7,453,0,,,0,446,446,0,446
Thane,,,Kalyan Rural Assembly Constituency,144,,372,659,0,4,663,0,,,0,659,659,0,659
Thane,,,Kalyan Rural Assembly Constituency,144,,373,491,0,2,493,0,,,0,491,491,0,491
Thane,,,Kalyan Rural Assembly Constituency,144,,374,869,0,10,879,0,,,0,869,869,0,869
Thane,,,Kalyan Rural Assembly Constituency,144,,375,919,0,2,921,0,,,0,919,919,0,919
Thane,,,Kalyan Rural Assembly Constituency,144,,376,980,0,11,991,0,,,0,980,980,0,980
Thane,,,Kalyan Rural Assembly Constituency,144,,377,386,0,4,390,0,,,0,386,386,0,386
Thane,,,Kalyan Rural Assembly Constituency,144,,378,752,0,7,759,0,,,0,754,754,0,754
Thane,,,Kalyan Rural Assembly Constituency,144,,379,787,0,11,798,0,,,0,787,787,0,787
Thane,,,Kalyan Rural Assembly Constituency,144,,380,816,0,12,828,0,,,0,816,816,0,816
Thane,,,Kalyan Rural Assembly Constituency,144,,381,442,0,4,446,0,,,0,442,442,0,442
Thane,,,Kalyan Rural Assembly Constituency,144,,382,588,0,4,592,0,,,0,588,588,0,588
Thane,,,Kalyan Rural Assembly Constituency,144,,383,634,0,10,644,0,,,0,634,634,0,634
Thane,,,Kalyan Rural Assembly Constituency,144,,384,596,0,3,599,0,,,0,596,596,0,596
Thane,,,Kalyan Rural Assembly Constituency,144,,385,582,0,10,592,0,,,0,582,582,0,582
Thane,,,Kalyan Rural Assembly Constituency,144,,386,779,0,15,794,0,,,0,779,779,0,779
Thane,,,Kalyan Rural Assembly Constituency,144,,387,585,0,11,596,0,,,0,585,585,0,585
Thane,,,Kalyan Rural Assembly Constituency,144,,388,507,0,6,513,0,,,0,507,507,0,507
Thane,,,Kalyan Rural Assembly Constituency,144,,389,728,0,10,738,0,,,0,728,728,0,728
Thane,,,Kalyan Rural Assembly Constituency,144,,390,601,0,10,611,0,,,0,601,601,0,601
Thane,,,Kalyan Rural Assembly Constituency,144,,391,724,0,8,732,0,,,0,724,724,0,724
Thane,,,Kalyan Rural Assembly Constituency,144,,392,672,0,5,677,0,,,0,672,672,0,672
Thane,,,Kalyan Rural Assembly Constituency,144,,393,623,0,5,628,0,,,0,623,623,0,623
Thane,,,Kalyan Rural Assembly Constituency,144,,394,571,0,5,576,0,,,0,571,571,0,571
Thane,,,Kalyan Rural Assembly Constituency,144,,395,744,0,2,746,0,,,0,744,744,0,744
Thane,,,Kalyan Rural Assembly Constituency,144,,396,556,0,3,559,0,,,0,556,556,0,556
Thane,,,Kalyan Rural Assembly Constituency,144,,397,691,0,7,698,0,,,0,690,690,0,690
Thane,,,Kalyan Rural Assembly Constituency,144,,398,794,0,2,796,0,,,0,796,796,0,796
Thane,,,Kalyan Rural Assembly Constituency,144,,399,644,0,6,650,0,,,0,644,644,0,644
Thane,,,Kalyan Rural Assembly Constituency,144,,400,853,0,5,858,0,,,0,853,853,0,853
Thane,,,Kalyan Rural Assembly Constituency,144,,401,617,0,7,624,0,,,0,617,617,0,617
Thane,,,Kalyan Rural Assembly Constituency,144,,402,857,0,5,862,0,,,0,857,857,0,857
Thane,,,Kalyan Rural Assembly Constituency,144,,403,698,0,5,703,0,,,0,698,698,0,698
Thane,,,Kalyan Rural Assembly Constituency,144,,404,506,0,5,511,0,,,0,506,506,0,506
Thane,,,Kalyan Rural Assembly Constituency,144,,405,867,0,7,874,0,,,0,867,867,0,867
Thane,,,Kalyan Rural Assembly Constituency,144,,406,818,0,12,830,0,,,0,818,818,0,818
Thane,,,Kalyan Rural Assembly Constituency,144,,407,912,0,7,919,0,,,0,912,912,0,912
Thane,,,Kalyan Rural Assembly Constituency,144,,408,566,0,4,570,0,,,0,566,566,0,566
Thane,,,Kalyan Rural Assembly Constituency,144,,409,519,0,3,522,0,,,0,519,519,0,519
Thane,,,Kalyan Rural Assembly Constituency,144,,410,483,0,5,488,0,,,0,483,483,0,483
Thane,,,Kalyan Rural Assembly Constituency,144,,411,865,0,7,872,0,,,0,865,865,0,865
Thane,,,Kalyan Rural Assembly Constituency,144,,412,908,0,6,914,0,,,0,908,908,0,908
Thane,,,Kalyan Rural Assembly Constituency,144,,413,769,0,2,771,0,,,0,769,769,0,769
Thane,,,Kalyan Rural Assembly Constituency,144,,414,761,0,11,772,0,,,0,761,761,0,761
Thane,,,Kalyan Rural Assembly Constituency,144,,415,1044,0,6,1050,0,,,0,1044,1044,0,1044
Thane,,,Kalyan Rural Assembly Constituency,144,,416,789,0,6,795,0,,,0,789,789,0,789
Thane,,,Kalyan Rural Assembly Constituency,144,,417,900,0,6,906,0,,,0,900,900,0,900
Thane,,,Kalyan Rural Assembly Constituency,144,,418,938,0,6,944,0,,,0,938,938,0,938
Thane,,,Kalyan Rural Assembly Constituency,144,,419,682,0,3,685,0,,,0,682,682,0,682
Thane,,,Kalyan Rural Assembly Constituency,144,,420,498,0,4,502,0,,,0,498,498,0,498
Thane,,,Kalyan Rural Assembly Constituency,144,,421,820,0,5,825,0,,,0,820,820,0,820
Thane,,,Kalyan Rural Assembly Constituency,144,,422,370,0,5,375,0,,,0,370,370,0,370
Thane,,,Kalyan Rural Assembly Constituency,144,,423,643,0,2,645,0,,,0,643,643,0,643
Thane,,,Kalyan Rural Assembly Constituency,144,,424,777,0,6,783,0,,,0,777,777,0,777
Thane,,,Kalyan Rural Assembly Constituency,144,,425,825,0,5,830,0,,,0,825,825,0,825
Thane,,,Kalyan Rural Assembly Constituency,144,,426,601,0,1,602,0,,,0,601,601,0,601
Thane,,,Kalyan Rural Assembly Constituency,144,,427,581,0,5,586,0,,,0,581,581,0,581
Thane,,,Kalyan Rural Assembly Constituency,144,,428,731,0,5,736,0,,,0,731,731,0,731
Thane,,,Kalyan Rural Assembly Constituency,144,,429,605,0,10,615,0,,,0,605,605,0,605
Thane,,,Kalyan Rural Assembly Constituency,144,,430,677,0,4,681,0,,,0,676,676,0,676
Thane,,,Kalyan Rural Assembly Constituency,144,,431,478,0,4,482,0,,,0,478,478,0,478
Thane,,,Kalyan Rural Assembly Constituency,144,,432,781,0,9,790,0,,,0,783,783,0,783
Thane,,,Kalyan Rural Assembly Constituency,144,,433,545,0,2,547,0,,,0,545,545,0,545
Thane,,,Kalyan Rural Assembly Constituency,144,,45,811,0,9,820,0,,,0,811,811,0,811
Thane,,,Kalyan Rural Assembly Constituency,144,,0,0,0,0,0,0,,,0,0,0,0,0
Thane,,,Kalyan Rural Assembly Constituency,144,,0,0,0,0,0,0,,,0,0,0,0,0
Thane,,,Kalyan Rural Assembly Constituency,144,,0,0,0,0,0,0,,,0,0,0,0,0
Thane,,,Kalyan Rural Assembly Constituency,144,,0,0,0,0,0,0,,,0,0,0,0,0
Thane,,,Kalyan Rural Assembly Constituency,144,,0,0,0,0,0,0,,,0,0,0,0,0
Thane,,,Kalyan Rural Assembly Constituency,144,,0,0,0,0,0,0,,,0,0,0,0,0
Thane,,,Kalyan Rural Assembly Constituency,144,,V8,0,0,0,0,0,,,0,0,0,0,0
Thane,,,Kalyan Rural Assembly Constituency,144,,V9,0,0,0,0,0,,,0,0,0,0,0
Thane,,,Kalyan Rural Assembly Constituency,144,,V10,0,0,0,0,0,,,0,0,0,0,0
Thane,,,Kalyan Rural Assembly Constituency,144,,V11,0,0,0,0,0,,,0,0,0,0,0
Thane,,,Kalyan Rural Assembly Constituency,144,,V12,0,0,0,0,0,,,0,0,0,0,0
Thane,,,Kalyan Rural Assembly Constituency,144,,V13,0,0,0,0,0,,,0,0,0,0,0
Thane,,,Kalyan Rural Assembly Constituency,144,,V14,0,0,0,0,0,,,0,0,0,0,0
Thane,,,Kalyan Rural Assembly Constituency,144,,V15,0,0,0,0,0,,,0,0,0,0,0
Thane,,,Kalyan Rural Assembly Constituency,144,,V16,0,0,0,0,0,,,0,0,0,0,0
Thane,,,Kalyan Rural Assembly Constituency,144,,V17,0,0,0,0,0,,,0,0,0,0,0
Thane,,,Kalyan Rural Assembly Constituency,144,,V18,0,0,0,0,0,,,0,0,0,0,0
Thane,,,Kalyan Rural Assembly Constituency,144,,V19,0,0,0,0,0,,,0,0,0,0,0
Thane,,,Kalyan Rural Assembly Constituency,144,,V20,0,0,0,0,0,,,0,0,0,0,0
Thane,,,Kalyan Rural Assembly Constituency,144,,V21,0,0,0,0,0,,,0,0,0,0,0
Thane,,,Kalyan Rural Assembly Constituency,144,,V22,0,0,0,0,0,,,0,0,0,0,0
Thane,,,Kalyan Rural Assembly Constituency,144,,V23,0,0,0,0,0,,,0,0,0,0,0
Thane,,,Kalyan Rural Assembly Constituency,144,,V24,0,0,0,0,0,,,0,0,0,0,0
Thane,,,Kalyan Rural Assembly Constituency,144,,V25,0,0,0,0,0,,,0,0,0,0,0
Thane,,,Kalyan Rural Assembly Constituency,144,,V26,0,0,0,0,0,,,0,0,0,0,0
Thane,,,Kalyan Rural Assembly Constituency,144,,V27,0,0,0,0,0,,,0,0,0,0,0
Thane,,,Kalyan Rural Assembly Constituency,144,,V28,0,0,0,0,0,,,0,0,0,0,0
Thane,,,Kalyan Rural Assembly Constituency,144,,V29,0,0,0,0,0,,,0,0,0,0,0
Thane,,,Kalyan Rural Assembly Constituency,144,,V30,0,0,0,0,0,,,0,0,0,0,0
Thane,,,Kalyan Rural Assembly Constituency,144,,V31,0,0,0,0,0,,,0,0,0,0,0
Thane,,,Kalyan Rural Assembly Constituency,144,,V32,0,0,0,0,0,,,0,0,0,0,0
Thane,,,Kalyan Rural Assembly Constituency,144,,V33,0,0,0,0,0,,,0,0,0,0,0
TOTAL,,,,,,,291665,2,2643,294366,0,,,0,291620,291620,0,291620
