District Name,District No,Jilha,Constituency Name,Constituency No,Total No. of Electors,Serial Poll,Total No. Valid Votes,No. of Rejected Votes,NOTA,Total,No. of Tendered Votes,Elected Person Name,Party Name of Elected Person,No. of Valid Votes Cast in Favour of Elected Person,Other Candidate Votes,Total EVM Votes,Total Postal ballot votes,Total Votes Polled
Mumbai Suburban,,,Mulund Assembly Constituency,155,,1,634,0,10,644,0,,,0,634,634,0,634
Mumbai Suburban,,,Mulund Assembly Constituency,155,,2,389,0,3,392,0,,,0,389,389,0,389
Mumbai Suburban,,,Mulund Assembly Constituency,155,,3,593,0,7,600,0,,,0,593,593,0,593
Mumbai Suburban,,,Mulund Assembly Constituency,155,,4,672,0,7,679,0,,,0,672,672,0,672
Mumbai Suburban,,,Mulund Assembly Constituency,155,,5,624,0,17,641,0,,,0,624,624,0,624
Mumbai Suburban,,,Mulund Assembly Constituency,155,,6,715,0,15,730,0,,,0,717,717,0,717
Mumbai Suburban,,,Mulund Assembly Constituency,155,,7,840,0,16,856,0,,,0,840,840,0,840
Mumbai Suburban,,,Mulund Assembly Constituency,155,,8,422,0,4,426,0,,,0,422,422,0,422
Mumbai Suburban,,,Mulund Assembly Constituency,155,,9,751,0,13,764,0,,,0,751,751,0,751
Mumbai Suburban,,,Mulund Assembly Constituency,155,,10,763,0,8,771,0,,,0,763,763,0,763
Mumbai Suburban,,,Mulund Assembly Constituency,155,,11,790,0,20,810,0,,,0,790,790,0,790
Mumbai Suburban,,,Mulund Assembly Constituency,155,,12,477,0,14,491,0,,,0,477,477,0,477
Mumbai Suburban,,,Mulund Assembly Constituency,155,,13,515,0,13,528,0,,,0,515,515,0,515
Mumbai Suburban,,,Mulund Assembly Constituency,155,,14,723,0,6,729,0,,,0,723,723,0,723
Mumbai Suburban,,,Mulund Assembly Constituency,155,,15,450,0,6,456,0,,,0,450,450,0,450
Mumbai Suburban,,,Mulund Assembly Constituency,155,,16,925,0,26,951,0,,,0,927,927,0,927
Mumbai Suburban,,,Mulund Assembly Constituency,155,,17,583,0,10,593,0,,,0,582,582,0,582
Mumbai Suburban,,,Mulund Assembly Constituency,155,,18,666,0,11,677,0,,,0,666,666,0,666
Mumbai Suburban,,,Mulund Assembly Constituency,155,,19,527,0,14,541,0,,,0,527,527,0,527
Mumbai Suburban,,,Mulund Assembly Constituency,155,,20,476,0,14,490,0,,,0,476,476,0,476
Mumbai Suburban,,,Mulund Assembly Constituency,155,,21,346,0,10,356,0,,,0,346,346,0,346
Mumbai Suburban,,,Mulund Assembly Constituency,155,,22,657,0,12,669,0,,,0,657,657,0,657
Mumbai Suburban,,,Mulund Assembly Constituency,155,,23,576,0,13,589,0,,,0,576,576,0,576
Mumbai Suburban,,,Mulund Assembly Constituency,155,,24,613,0,7,620,0,,,0,613,613,0,613
Mumbai Suburban,,,Mulund Assembly Constituency,155,,25,593,0,16,609,0,,,0,593,593,0,593
Mumbai Suburban,,,Mulund Assembly Constituency,155,,26,645,0,12,657,0,,,0,645,645,0,645
Mumbai Suburban,,,Mulund Assembly Constituency,155,,27,582,0,13,595,0,,,0,582,582,0,582
Mumbai Suburban,,,Mulund Assembly Constituency,155,,28,831,0,8,839,0,,,0,831,831,0,831
Mumbai Suburban,,,Mulund Assembly Constituency,155,,29,708,0,9,717,0,,,0,708,708,0,708
Mumbai Suburban,,,Mulund Assembly Constituency,155,,30,696,0,6,702,0,,,0,695,695,0,695
Mumbai Suburban,,,Mulund Assembly Constituency,155,,31,636,0,11,647,0,,,0,637,637,0,637
Mumbai Suburban,,,Mulund Assembly Constituency,155,,32,595,0,7,602,0,,,0,595,595,0,595
Mumbai Suburban,,,Mulund Assembly Constituency,155,,33,679,0,12,691,0,,,0,679,679,0,679
Mumbai Suburban,,,Mulund Assembly Constituency,155,,34,611,0,2,613,0,,,0,611,611,0,611
Mumbai Suburban,,,Mulund Assembly Constituency,155,,35,338,0,4,342,0,,,0,338,338,0,338
Mumbai Suburban,,,Mulund Assembly Constituency,155,,36,814,0,17,831,0,,,0,814,814,0,814
Mumbai Suburban,,,Mulund Assembly Constituency,155,,37,733,0,7,740,0,,,0,733,733,0,733
Mumbai Suburban,,,Mulund Assembly Constituency,155,,38,744,0,7,751,0,,,0,744,744,0,744
Mumbai Suburban,,,Mulund Assembly Constituency,155,,39,750,0,14,764,0,,,0,750,750,0,750
Mumbai Suburban,,,Mulund Assembly Constituency,155,,40,825,0,15,840,0,,,0,825,825,0,825
Mumbai Suburban,,,Mulund Assembly Constituency,155,,41,474,0,2,476,0,,,0,474,474,0,474
Mumbai Suburban,,,Mulund Assembly Constituency,155,,42,361,0,5,366,0,,,0,361,361,0,361
Mumbai Suburban,,,Mulund Assembly Constituency,155,,43,631,0,8,639,0,,,0,631,631,0,631
Mumbai Suburban,,,Mulund Assembly Constituency,155,,44,678,0,14,692,0,,,0,678,678,0,678
Mumbai Suburban,,,Mulund Assembly Constituency,155,,45,683,0,8,691,0,,,0,683,683,0,683
Mumbai Suburban,,,Mulund Assembly Constituency,155,,46,936,0,11,947,0,,,0,936,936,0,936
Mumbai Suburban,,,Mulund Assembly Constituency,155,,47,569,0,6,575,0,,,0,569,569,0,569
Mumbai Suburban,,,Mulund Assembly Constituency,155,,48,577,0,14,591,0,,,0,577,577,0,577
Mumbai Suburban,,,Mulund Assembly Constituency,155,,49,664,0,21,685,0,,,0,664,664,0,664
Mumbai Suburban,,,Mulund Assembly Constituency,155,,50,738,0,14,752,0,,,0,738,738,0,738
Mumbai Suburban,,,Mulund Assembly Constituency,155,,51,675,0,26,701,0,,,0,675,675,0,675
Mumbai Suburban,,,Mulund Assembly Constituency,155,,52,783,0,13,796,0,,,0,783,783,0,783
Mumbai Suburban,,,Mulund Assembly Constituency,155,,53,704,0,25,729,0,,,0,704,704,0,704
Mumbai Suburban,,,Mulund Assembly Constituency,155,,54,607,0,20,627,0,,,0,607,607,0,607
Mumbai Suburban,,,Mulund Assembly Constituency,155,,55,519,0,21,540,0,,,0,519,519,0,519
Mumbai Suburban,,,Mulund Assembly Constituency,155,,56,486,0,21,507,0,,,0,486,486,0,486
Mumbai Suburban,,,Mulund Assembly Constituency,155,,57,502,0,16,518,0,,,0,502,502,0,502
Mumbai Suburban,,,Mulund Assembly Constituency,155,,58,643,0,16,659,0,,,0,643,643,0,643
Mumbai Suburban,,,Mulund Assembly Constituency,155,,59,306,0,12,318,0,,,0,306,306,0,306
Mumbai Suburban,,,Mulund Assembly Constituency,155,,60,622,0,32,654,0,,,0,622,622,0,622
Mumbai Suburban,,,Mulund Assembly Constituency,155,,61,650,0,21,671,0,,,0,650,650,0,650
Mumbai Suburban,,,Mulund Assembly Constituency,155,,62,623,0,16,639,0,,,0,623,623,0,623
Mumbai Suburban,,,Mulund Assembly Constituency,155,,63,684,0,17,701,0,,,0,684,684,0,684
Mumbai Suburban,,,Mulund Assembly Constituency,155,,64,672,0,24,696,0,,,0,672,672,0,672
Mumbai Suburban,,,Mulund Assembly Constituency,155,,65,427,0,12,439,0,,,0,427,427,0,427
Mumbai Suburban,,,Mulund Assembly Constituency,155,,66,324,0,7,331,0,,,0,324,324,0,324
Mumbai Suburban,,,Mulund Assembly Constituency,155,,67,605,0,23,628,0,,,0,605,605,0,605
Mumbai Suburban,,,Mulund Assembly Constituency,155,,68,330,0,10,340,0,,,0,330,330,0,330
Mumbai Suburban,,,Mulund Assembly Constituency,155,,69,651,0,19,670,0,,,0,651,651,0,651
Mumbai Suburban,,,Mulund Assembly Constituency,155,,70,876,0,18,894,0,,,0,876,876,0,876
Mumbai Suburban,,,Mulund Assembly Constituency,155,,71,507,0,13,520,0,,,0,507,507,0,507
Mumbai Suburban,,,Mulund Assembly Constituency,155,,72,640,0,16,656,0,,,0,637,637,0,637
Mumbai Suburban,,,Mulund Assembly Constituency,155,,73,579,0,20,599,0,,,0,579,579,0,579
Mumbai Suburban,,,Mulund Assembly Constituency,155,,74,512,0,7,519,0,,,0,512,512,0,512
Mumbai Suburban,,,Mulund Assembly Constituency,155,,75,724,0,13,737,0,,,0,724,724,0,724
Mumbai Suburban,,,Mulund Assembly Constituency,155,,76,709,0,12,721,0,,,0,709,709,0,709
Mumbai Suburban,,,Mulund Assembly Constituency,155,,77,474,0,2,476,0,,,0,474,474,0,474
Mumbai Suburban,,,Mulund Assembly Constituency,155,,78,301,0,5,306,0,,,0,301,301,0,301
Mumbai Suburban,,,Mulund Assembly Constituency,155,,79,304,0,5,309,0,,,0,304,304,0,304
Mumbai Suburban,,,Mulund Assembly Constituency,155,,80,712,0,8,720,0,,,0,712,712,0,712
Mumbai Suburban,,,Mulund Assembly Constituency,155,,81,578,0,10,588,0,,,0,578,578,0,578
Mumbai Suburban,,,Mulund Assembly Constituency,155,,82,668,0,8,676,0,,,0,668,668,0,668
Mumbai Suburban,,,Mulund Assembly Constituency,155,,83,740,0,6,746,0,,,0,740,740,0,740
Mumbai Suburban,,,Mulund Assembly Constituency,155,,84,601,0,10,611,0,,,0,601,601,0,601
Mumbai Suburban,,,Mulund Assembly Constituency,155,,85,876,0,15,891,0,,,0,876,876,0,876
Mumbai Suburban,,,Mulund Assembly Constituency,155,,86,437,0,8,445,0,,,0,437,437,0,437
Mumbai Suburban,,,Mulund Assembly Constituency,155,,87,755,0,22,777,0,,,0,755,755,0,755
Mumbai Suburban,,,Mulund Assembly Constituency,155,,88,566,0,26,592,0,,,0,566,566,0,566
Mumbai Suburban,,,Mulund Assembly Constituency,155,,89,717,0,21,738,0,,,0,717,717,0,717
Mumbai Suburban,,,Mulund Assembly Constituency,155,,90,597,0,12,609,0,,,0,597,597,0,597
Mumbai Suburban,,,Mulund Assembly Constituency,155,,91,551,0,12,563,0,,,0,551,551,0,551
Mumbai Suburban,,,Mulund Assembly Constituency,155,,92,543,0,8,551,0,,,0,543,543,0,543
Mumbai Suburban,,,Mulund Assembly Constituency,155,,93,380,0,5,385,0,,,0,380,380,0,380
Mumbai Suburban,,,Mulund Assembly Constituency,155,,94,532,0,4,536,0,,,0,532,532,0,532
Mumbai Suburban,,,Mulund Assembly Constituency,155,,95,616,0,5,621,0,,,0,616,616,0,616
Mumbai Suburban,,,Mulund Assembly Constituency,155,,96,562,0,7,569,0,,,0,562,562,0,562
Mumbai Suburban,,,Mulund Assembly Constituency,155,,97,573,0,11,584,0,,,0,573,573,0,573
Mumbai Suburban,,,Mulund Assembly Constituency,155,,98,690,0,11,701,0,,,0,690,690,0,690
Mumbai Suburban,,,Mulund Assembly Constituency,155,,99,435,0,8,443,0,,,0,435,435,0,435
Mumbai Suburban,,,Mulund Assembly Constituency,155,,100,357,0,7,364,0,,,0,357,357,0,357
Mumbai Suburban,,,Mulund Assembly Constituency,155,,101,699,0,18,717,0,,,0,699,699,0,699
Mumbai Suburban,,,Mulund Assembly Constituency,155,,102,733,0,17,750,0,,,0,733,733,0,733
Mumbai Suburban,,,Mulund Assembly Constituency,155,,103,686,0,17,703,0,,,0,686,686,0,686
Mumbai Suburban,,,Mulund Assembly Constituency,155,,104,653,0,16,669,0,,,0,653,653,0,653
Mumbai Suburban,,,Mulund Assembly Constituency,155,,105,586,0,13,599,0,,,0,586,586,0,586
Mumbai Suburban,,,Mulund Assembly Constituency,155,,106,448,0,2,450,0,,,0,448,448,0,448
Mumbai Suburban,,,Mulund Assembly Constituency,155,,107,555,0,9,564,0,,,0,555,555,0,555
Mumbai Suburban,,,Mulund Assembly Constituency,155,,108,547,0,3,550,0,,,0,547,547,0,547
Mumbai Suburban,,,Mulund Assembly Constituency,155,,109,596,0,12,608,0,,,0,596,596,0,596
Mumbai Suburban,,,Mulund Assembly Constituency,155,,110,783,0,10,793,0,,,0,783,783,0,783
Mumbai Suburban,,,Mulund Assembly Constituency,155,,111,834,0,10,844,0,,,0,834,834,0,834
Mumbai Suburban,,,Mulund Assembly Constituency,155,,112,537,0,17,554,0,,,0,537,537,0,537
Mumbai Suburban,,,Mulund Assembly Constituency,155,,113,293,0,5,298,0,,,0,293,293,0,293
Mumbai Suburban,,,Mulund Assembly Constituency,155,,114,277,0,5,282,0,,,0,277,277,0,277
Mumbai Suburban,,,Mulund Assembly Constituency,155,,115,711,0,23,734,0,,,0,711,711,0,711
Mumbai Suburban,,,Mulund Assembly Constituency,155,,116,680,0,28,708,0,,,0,680,680,0,680
Mumbai Suburban,,,Mulund Assembly Constituency,155,,117,724,0,18,742,0,,,0,724,724,0,724
Mumbai Suburban,,,Mulund Assembly Constituency,155,,118,625,0,14,639,0,,,0,625,625,0,625
Mumbai Suburban,,,Mulund Assembly Constituency,155,,119,483,0,21,504,0,,,0,483,483,0,483
Mumbai Suburban,,,Mulund Assembly Constituency,155,,120,321,0,11,332,0,,,0,321,321,0,321
Mumbai Suburban,,,Mulund Assembly Constituency,155,,121,636,0,15,651,0,,,0,636,636,0,636
Mumbai Suburban,,,Mulund Assembly Constituency,155,,122,332,0,3,335,0,,,0,332,332,0,332
Mumbai Suburban,,,Mulund Assembly Constituency,155,,123,381,0,16,397,0,,,0,381,381,0,381
Mumbai Suburban,,,Mulund Assembly Constituency,155,,124,553,0,16,569,0,,,0,553,553,0,553
Mumbai Suburban,,,Mulund Assembly Constituency,155,,125,343,0,6,349,0,,,0,343,343,0,343
Mumbai Suburban,,,Mulund Assembly Constituency,155,,126,714,0,11,725,0,,,0,714,714,0,714
Mumbai Suburban,,,Mulund Assembly Constituency,155,,127,687,0,18,705,0,,,0,687,687,0,687
Mumbai Suburban,,,Mulund Assembly Constituency,155,,128,603,0,19,622,0,,,0,603,603,0,603
Mumbai Suburban,,,Mulund Assembly Constituency,155,,129,681,0,22,703,0,,,0,681,681,0,681
Mumbai Suburban,,,Mulund Assembly Constituency,155,,130,773,0,40,813,0,,,0,773,773,0,773
Mumbai Suburban,,,Mulund Assembly Constituency,155,,131,420,0,17,437,0,,,0,420,420,0,420
Mumbai Suburban,,,Mulund Assembly Constituency,155,,132,610,0,34,644,0,,,0,610,610,0,610
Mumbai Suburban,,,Mulund Assembly Constituency,155,,133,415,0,3,418,0,,,0,415,415,0,415
Mumbai Suburban,,,Mulund Assembly Constituency,155,,134,509,0,16,525,0,,,0,509,509,0,509
Mumbai Suburban,,,Mulund Assembly Constituency,155,,135,585,0,12,597,0,,,0,585,585,0,585
Mumbai Suburban,,,Mulund Assembly Constituency,155,,136,628,0,29,657,0,,,0,628,628,0,628
Mumbai Suburban,,,Mulund Assembly Constituency,155,,137,401,0,12,413,0,,,0,401,401,0,401
Mumbai Suburban,,,Mulund Assembly Constituency,155,,138,670,0,39,709,0,,,0,670,670,0,670
Mumbai Suburban,,,Mulund Assembly Constituency,155,,139,661,0,11,672,0,,,0,661,661,0,661
Mumbai Suburban,,,Mulund Assembly Constituency,155,,140,384,0,8,392,0,,,0,384,384,0,384
Mumbai Suburban,,,Mulund Assembly Constituency,155,,141,740,0,24,764,0,,,0,740,740,0,740
Mumbai Suburban,,,Mulund Assembly Constituency,155,,142,636,0,6,642,0,,,0,636,636,0,636
Mumbai Suburban,,,Mulund Assembly Constituency,155,,143,610,0,24,634,0,,,0,610,610,0,610
Mumbai Suburban,,,Mulund Assembly Constituency,155,,144,567,0,23,590,0,,,0,567,567,0,567
Mumbai Suburban,,,Mulund Assembly Constituency,155,,145,393,0,11,404,0,,,0,393,393,0,393
Mumbai Suburban,,,Mulund Assembly Constituency,155,,146,452,0,6,458,0,,,0,452,452,0,452
Mumbai Suburban,,,Mulund Assembly Constituency,155,,147,259,0,12,271,0,,,0,259,259,0,259
Mumbai Suburban,,,Mulund Assembly Constituency,155,,148,680,0,16,696,0,,,0,680,680,0,680
Mumbai Suburban,,,Mulund Assembly Constituency,155,,149,435,0,6,441,0,,,0,435,435,0,435
Mumbai Suburban,,,Mulund Assembly Constituency,155,,150,405,0,17,422,0,,,0,405,405,0,405
Mumbai Suburban,,,Mulund Assembly Constituency,155,,151,647,0,18,665,0,,,0,647,647,0,647
Mumbai Suburban,,,Mulund Assembly Constituency,155,,152,484,0,6,490,0,,,0,484,484,0,484
Mumbai Suburban,,,Mulund Assembly Constituency,155,,153,634,0,10,644,0,,,0,634,634,0,634
Mumbai Suburban,,,Mulund Assembly Constituency,155,,154,726,0,8,734,0,,,0,726,726,0,726
Mumbai Suburban,,,Mulund Assembly Constituency,155,,155,403,0,4,407,0,,,0,403,403,0,403
Mumbai Suburban,,,Mulund Assembly Constituency,155,,156,652,0,13,665,0,,,0,652,652,0,652
Mumbai Suburban,,,Mulund Assembly Constituency,155,,157,761,0,3,764,0,,,0,761,761,0,761
Mumbai Suburban,,,Mulund Assembly Constituency,155,,158,498,0,5,503,0,,,0,498,498,0,498
Mumbai Suburban,,,Mulund Assembly Constituency,155,,159,444,0,10,454,0,,,0,444,444,0,444
Mumbai Suburban,,,Mulund Assembly Constituency,155,,160,566,0,13,579,0,,,0,566,566,0,566
Mumbai Suburban,,,Mulund Assembly Constituency,155,,161,577,0,9,586,0,,,0,577,577,0,577
Mumbai Suburban,,,Mulund Assembly Constituency,155,,162,462,0,6,468,0,,,0,462,462,0,462
Mumbai Suburban,,,Mulund Assembly Constituency,155,,163,600,0,12,612,0,,,0,600,600,0,600
Mumbai Suburban,,,Mulund Assembly Constituency,155,,164,636,0,7,643,0,,,0,636,636,0,636
Mumbai Suburban,,,Mulund Assembly Constituency,155,,165,788,0,16,804,0,,,0,788,788,0,788
Mumbai Suburban,,,Mulund Assembly Constituency,155,,166,609,0,10,619,0,,,0,609,609,0,609
Mumbai Suburban,,,Mulund Assembly Constituency,155,,167,773,0,12,785,0,,,0,773,773,0,773
Mumbai Suburban,,,Mulund Assembly Constituency,155,,168,762,0,13,775,0,,,0,762,762,0,762
Mumbai Suburban,,,Mulund Assembly Constituency,155,,169,578,0,22,600,0,,,0,578,578,0,578
Mumbai Suburban,,,Mulund Assembly Constituency,155,,170,517,0,5,522,0,,,0,517,517,0,517
Mumbai Suburban,,,Mulund Assembly Constituency,155,,171,696,0,7,703,0,,,0,696,696,0,696
Mumbai Suburban,,,Mulund Assembly Constituency,155,,172,544,0,11,555,0,,,0,544,544,0,544
Mumbai Suburban,,,Mulund Assembly Constituency,155,,173,597,0,14,611,0,,,0,597,597,0,597
Mumbai Suburban,,,Mulund Assembly Constituency,155,,174,467,0,11,478,0,,,0,467,467,0,467
Mumbai Suburban,,,Mulund Assembly Constituency,155,,175,418,0,5,423,0,,,0,418,418,0,418
Mumbai Suburban,,,Mulund Assembly Constituency,155,,176,542,0,18,560,0,,,0,542,542,0,542
Mumbai Suburban,,,Mulund Assembly Constituency,155,,177,557,0,9,566,0,,,0,557,557,0,557
Mumbai Suburban,,,Mulund Assembly Constituency,155,,178,577,0,24,601,0,,,0,578,578,0,578
Mumbai Suburban,,,Mulund Assembly Constituency,155,,179,718,0,11,729,0,,,0,718,718,0,718
Mumbai Suburban,,,Mulund Assembly Constituency,155,,180,809,0,23,832,0,,,0,809,809,0,809
Mumbai Suburban,,,Mulund Assembly Constituency,155,,181,546,0,16,562,0,,,0,546,546,0,546
Mumbai Suburban,,,Mulund Assembly Constituency,155,,182,842,0,22,864,0,,,0,842,842,0,842
Mumbai Suburban,,,Mulund Assembly Constituency,155,,183,599,0,15,614,0,,,0,599,599,0,599
Mumbai Suburban,,,Mulund Assembly Constituency,155,,184,647,0,5,652,0,,,0,647,647,0,647
Mumbai Suburban,,,Mulund Assembly Constituency,155,,185,533,0,4,537,0,,,0,533,533,0,533
Mumbai Suburban,,,Mulund Assembly Constituency,155,,186,501,0,5,506,0,,,0,501,501,0,501
Mumbai Suburban,,,Mulund Assembly Constituency,155,,187,424,0,3,427,0,,,0,424,424,0,424
Mumbai Suburban,,,Mulund Assembly Constituency,155,,188,670,0,13,683,0,,,0,670,670,0,670
Mumbai Suburban,,,Mulund Assembly Constituency,155,,189,666,0,11,677,0,,,0,666,666,0,666
Mumbai Suburban,,,Mulund Assembly Constituency,155,,190,663,0,7,670,0,,,0,663,663,0,663
Mumbai Suburban,,,Mulund Assembly Constituency,155,,191,600,0,10,610,0,,,0,600,600,0,600
Mumbai Suburban,,,Mulund Assembly Constituency,155,,192,749,0,21,770,0,,,0,749,749,0,749
Mumbai Suburban,,,Mulund Assembly Constituency,155,,193,667,0,16,683,0,,,0,667,667,0,667
Mumbai Suburban,,,Mulund Assembly Constituency,155,,194,563,0,5,568,0,,,0,563,563,0,563
Mumbai Suburban,,,Mulund Assembly Constituency,155,,195,814,0,18,832,0,,,0,814,814,0,814
Mumbai Suburban,,,Mulund Assembly Constituency,155,,196,778,0,10,788,0,,,0,778,778,0,778
Mumbai Suburban,,,Mulund Assembly Constituency,155,,197,704,0,10,714,0,,,0,704,704,0,704
Mumbai Suburban,,,Mulund Assembly Constituency,155,,198,695,0,15,710,0,,,0,695,695,0,695
Mumbai Suburban,,,Mulund Assembly Constituency,155,,199,632,0,22,654,0,,,0,632,632,0,632
Mumbai Suburban,,,Mulund Assembly Constituency,155,,200,436,0,3,439,0,,,0,436,436,0,436
Mumbai Suburban,,,Mulund Assembly Constituency,155,,201,723,0,8,731,0,,,0,723,723,0,723
Mumbai Suburban,,,Mulund Assembly Constituency,155,,202,781,0,14,795,0,,,0,781,781,0,781
Mumbai Suburban,,,Mulund Assembly Constituency,155,,203,769,0,18,787,0,,,0,769,769,0,769
Mumbai Suburban,,,Mulund Assembly Constituency,155,,204,488,0,17,505,0,,,0,488,488,0,488
Mumbai Suburban,,,Mulund Assembly Constituency,155,,205,423,0,4,427,0,,,0,423,423,0,423
Mumbai Suburban,,,Mulund Assembly Constituency,155,,206,475,0,15,490,0,,,0,475,475,0,475
Mumbai Suburban,,,Mulund Assembly Constituency,155,,207,545,0,12,557,0,,,0,545,545,0,545
Mumbai Suburban,,,Mulund Assembly Constituency,155,,208,582,0,20,602,0,,,0,582,582,0,582
Mumbai Suburban,,,Mulund Assembly Constituency,155,,209,622,0,7,629,0,,,0,622,622,0,622
Mumbai Suburban,,,Mulund Assembly Constituency,155,,210,432,0,9,441,0,,,0,432,432,0,432
Mumbai Suburban,,,Mulund Assembly Constituency,155,,211,459,0,12,471,0,,,0,459,459,0,459
Mumbai Suburban,,,Mulund Assembly Constituency,155,,212,477,0,15,492,0,,,0,477,477,0,477
Mumbai Suburban,,,Mulund Assembly Constituency,155,,213,343,0,15,358,0,,,0,343,343,0,343
Mumbai Suburban,,,Mulund Assembly Constituency,155,,214,662,0,20,682,0,,,0,662,662,0,662
Mumbai Suburban,,,Mulund Assembly Constituency,155,,215,460,0,6,466,0,,,0,460,460,0,460
Mumbai Suburban,,,Mulund Assembly Constituency,155,,216,398,0,2,400,0,,,0,398,398,0,398
Mumbai Suburban,,,Mulund Assembly Constituency,155,,217,587,0,13,600,0,,,0,587,587,0,587
Mumbai Suburban,,,Mulund Assembly Constituency,155,,218,741,0,18,759,0,,,0,741,741,0,741
Mumbai Suburban,,,Mulund Assembly Constituency,155,,219,591,0,17,608,0,,,0,591,591,0,591
Mumbai Suburban,,,Mulund Assembly Constituency,155,,220,258,0,3,261,0,,,0,258,258,0,258
Mumbai Suburban,,,Mulund Assembly Constituency,155,,221,659,0,10,669,0,,,0,659,659,0,659
Mumbai Suburban,,,Mulund Assembly Constituency,155,,222,252,0,5,257,0,,,0,252,252,0,252
Mumbai Suburban,,,Mulund Assembly Constituency,155,,223,421,0,6,427,0,,,0,421,421,0,421
Mumbai Suburban,,,Mulund Assembly Constituency,155,,224,442,0,8,450,0,,,0,442,442,0,442
Mumbai Suburban,,,Mulund Assembly Constituency,155,,225,455,0,6,461,0,,,0,455,455,0,455
Mumbai Suburban,,,Mulund Assembly Constituency,155,,226,282,0,3,285,0,,,0,282,282,0,282
Mumbai Suburban,,,Mulund Assembly Constituency,155,,227,433,0,13,446,0,,,0,433,433,0,433
Mumbai Suburban,,,Mulund Assembly Constituency,155,,228,515,0,7,522,0,,,0,515,515,0,515
Mumbai Suburban,,,Mulund Assembly Constituency,155,,229,223,0,6,229,0,,,0,223,223,0,223
Mumbai Suburban,,,Mulund Assembly Constituency,155,,230,499,0,1,500,0,,,0,499,499,0,499
Mumbai Suburban,,,Mulund Assembly Constituency,155,,231,343,0,7,350,0,,,0,343,343,0,343
Mumbai Suburban,,,Mulund Assembly Constituency,155,,232,397,0,10,407,0,,,0,397,397,0,397
Mumbai Suburban,,,Mulund Assembly Constituency,155,,233,588,0,12,600,0,,,0,588,588,0,588
Mumbai Suburban,,,Mulund Assembly Constituency,155,,234,559,0,23,582,0,,,0,559,559,0,559
Mumbai Suburban,,,Mulund Assembly Constituency,155,,235,580,0,5,585,0,,,0,580,580,0,580
Mumbai Suburban,,,Mulund Assembly Constituency,155,,236,455,0,20,475,0,,,0,455,455,0,455
Mumbai Suburban,,,Mulund Assembly Constituency,155,,237,420,0,10,430,0,,,0,420,420,0,420
Mumbai Suburban,,,Mulund Assembly Constituency,155,,238,681,0,20,701,0,,,0,681,681,0,681
Mumbai Suburban,,,Mulund Assembly Constituency,155,,239,538,0,13,551,0,,,0,538,538,0,538
Mumbai Suburban,,,Mulund Assembly Constituency,155,,240,721,0,23,744,0,,,0,721,721,0,721
Mumbai Suburban,,,Mulund Assembly Constituency,155,,241,473,0,14,483,0,,,0,475,475,0,475
Mumbai Suburban,,,Mulund Assembly Constituency,155,,242,665,0,14,679,0,,,0,665,665,0,665
Mumbai Suburban,,,Mulund Assembly Constituency,155,,243,678,0,15,693,0,,,0,678,678,0,678
Mumbai Suburban,,,Mulund Assembly Constituency,155,,244,644,0,20,664,0,,,0,644,644,0,644
Mumbai Suburban,,,Mulund Assembly Constituency,155,,245,652,0,20,672,0,,,0,652,652,0,652
Mumbai Suburban,,,Mulund Assembly Constituency,155,,246,436,0,8,444,0,,,0,436,436,0,436
Mumbai Suburban,,,Mulund Assembly Constituency,155,,247,394,0,15,409,0,,,0,394,394,0,394
Mumbai Suburban,,,Mulund Assembly Constituency,155,,248,644,0,24,668,0,,,0,644,644,0,644
Mumbai Suburban,,,Mulund Assembly Constituency,155,,249,612,0,17,629,0,,,0,612,612,0,612
Mumbai Suburban,,,Mulund Assembly Constituency,155,,250,783,0,18,801,0,,,0,783,783,0,783
Mumbai Suburban,,,Mulund Assembly Constituency,155,,251,623,0,16,639,0,,,0,623,623,0,623
Mumbai Suburban,,,Mulund Assembly Constituency,155,,252,558,0,12,570,0,,,0,558,558,0,558
Mumbai Suburban,,,Mulund Assembly Constituency,155,,253,815,0,22,837,0,,,0,815,815,0,815
Mumbai Suburban,,,Mulund Assembly Constituency,155,,254,491,0,10,501,0,,,0,491,491,0,491
Mumbai Suburban,,,Mulund Assembly Constituency,155,,255,232,0,6,238,0,,,0,232,232,0,232
Mumbai Suburban,,,Mulund Assembly Constituency,155,,256,609,0,24,633,0,,,0,609,609,0,609
Mumbai Suburban,,,Mulund Assembly Constituency,155,,257,477,0,9,486,0,,,0,477,477,0,477
Mumbai Suburban,,,Mulund Assembly Constituency,155,,258,655,0,6,661,0,,,0,655,655,0,655
Mumbai Suburban,,,Mulund Assembly Constituency,155,,259,756,0,14,770,0,,,0,756,756,0,756
Mumbai Suburban,,,Mulund Assembly Constituency,155,,260,718,0,14,732,0,,,0,718,718,0,718
Mumbai Suburban,,,Mulund Assembly Constituency,155,,261,663,0,6,669,0,,,0,663,663,0,663
Mumbai Suburban,,,Mulund Assembly Constituency,155,,262,684,0,9,693,0,,,0,684,684,0,684
Mumbai Suburban,,,Mulund Assembly Constituency,155,,263,538,0,8,546,0,,,0,538,538,0,538
Mumbai Suburban,,,Mulund Assembly Constituency,155,,264,447,0,8,455,0,,,0,447,447,0,447
Mumbai Suburban,,,Mulund Assembly Constituency,155,,265,691,0,13,704,0,,,0,691,691,0,691
Mumbai Suburban,,,Mulund Assembly Constituency,155,,266,706,0,16,722,0,,,0,706,706,0,706
Mumbai Suburban,,,Mulund Assembly Constituency,155,,267,428,0,9,437,0,,,0,428,428,0,428
Mumbai Suburban,,,Mulund Assembly Constituency,155,,268,393,0,14,407,0,,,0,393,393,0,393
Mumbai Suburban,,,Mulund Assembly Constituency,155,,269,441,0,11,452,0,,,0,441,441,0,441
Mumbai Suburban,,,Mulund Assembly Constituency,155,,270,414,0,10,424,0,,,0,414,414,0,414
Mumbai Suburban,,,Mulund Assembly Constituency,155,,271,288,0,12,300,0,,,0,288,288,0,288
Mumbai Suburban,,,Mulund Assembly Constituency,155,,272,618,0,11,629,0,,,0,618,618,0,618
Mumbai Suburban,,,Mulund Assembly Constituency,155,,273,531,0,4,535,0,,,0,531,531,0,531
Mumbai Suburban,,,Mulund Assembly Constituency,155,,274,445,0,5,450,0,,,0,445,445,0,445
Mumbai Suburban,,,Mulund Assembly Constituency,155,,275,304,0,4,308,0,,,0,304,304,0,304
Mumbai Suburban,,,Mulund Assembly Constituency,155,,276,554,0,12,566,0,,,0,554,554,0,554
Mumbai Suburban,,,Mulund Assembly Constituency,155,,277,448,0,16,464,0,,,0,448,448,0,448
Mumbai Suburban,,,Mulund Assembly Constituency,155,,278,579,0,13,592,0,,,0,579,579,0,579
Mumbai Suburban,,,Mulund Assembly Constituency,155,,279,544,0,14,558,0,,,0,544,544,0,544
Mumbai Suburban,,,Mulund Assembly Constituency,155,,280,522,0,8,530,0,,,0,522,522,0,522
TOTAL,,,,,,,161880,0,3506,165382,0,,,0,161883,161883,0,161883
