District Name,District No,Jilha,Constituency Name,Constituency No,Total No. of Electors,Serial Poll,Total No. Valid Votes,No. of Rejected Votes,NOTA,Total,No. of Tendered Votes,Elected Person Name,Party Name of Elected Person,No. of Valid Votes Cast in Favour of Elected Person,Other Candidate Votes,Total EVM Votes,Total Postal ballot votes,Total Votes Polled
Mumbai Suburban,,,Chembur,173,,1,528,8,0,536,0,,,0,528,528,0,528
Mumbai Suburban,,,Chembur,173,,2,228,4,0,232,0,,,0,228,228,0,228
Mumbai Suburban,,,Chembur,173,,3,182,1,0,183,0,,,0,182,182,0,182
Mumbai Suburban,,,Chembur,173,,4,384,7,0,391,0,,,0,384,384,0,384
Mumbai Suburban,,,Chembur,173,,5,384,11,0,405,0,,,0,386,386,0,386
Mumbai Suburban,,,Chembur,173,,6,183,5,0,188,0,,,0,184,184,0,184
Mumbai Suburban,,,Chembur,173,,7,229,9,0,238,0,,,0,232,232,0,232
Mumbai Suburban,,,Chembur,173,,8,492,6,0,498,0,,,0,504,504,0,504
Mumbai Suburban,,,Chembur,173,,9,451,0,0,451,0,,,0,391,391,0,391
Mumbai Suburban,,,Chembur,173,,10,373,8,0,381,0,,,0,440,440,0,440
Mumbai Suburban,,,Chembur,173,,11,642,8,0,650,0,,,0,630,630,0,630
Mumbai Suburban,,,Chembur,173,,12,392,7,0,399,0,,,0,393,393,0,393
Mumbai Suburban,,,Chembur,173,,13,348,6,0,354,0,,,0,346,346,0,346
Mumbai Suburban,,,Chembur,173,,14,402,1,0,403,0,,,0,387,387,0,387
Mumbai Suburban,,,Chembur,173,,15,616,8,0,624,0,,,0,579,579,0,579
Mumbai Suburban,,,Chembur,173,,16,722,12,0,734,0,,,0,722,722,0,722
Mumbai Suburban,,,Chembur,173,,17,621,5,0,626,0,,,0,621,621,0,621
Mumbai Suburban,,,Chembur,173,,18,586,7,0,593,0,,,0,586,586,0,586
Mumbai Suburban,,,Chembur,173,,19,500,12,0,512,0,,,0,500,500,0,500
Mumbai Suburban,,,Chembur,173,,20,518,7,0,525,0,,,0,529,529,0,529
Mumbai Suburban,,,Chembur,173,,21,557,7,0,564,0,,,0,562,562,0,562
Mumbai Suburban,,,Chembur,173,,22,594,8,0,602,0,,,0,594,594,0,594
Mumbai Suburban,,,Chembur,173,,23,496,2,0,498,0,,,0,496,496,0,496
Mumbai Suburban,,,Chembur,173,,24,415,8,0,423,0,,,0,415,415,0,415
Mumbai Suburban,,,Chembur,173,,25,503,0,7,510,0,,,0,503,503,0,503
Mumbai Suburban,,,Chembur,173,,26,278,0,2,280,0,,,0,278,278,0,278
Mumbai Suburban,,,Chembur,173,,27,450,0,7,457,0,,,0,450,450,0,450
Mumbai Suburban,,,Chembur,173,,28,424,0,3,427,0,,,0,424,424,0,424
Mumbai Suburban,,,Chembur,173,,29,559,0,5,564,0,,,0,559,559,0,559
Mumbai Suburban,,,Chembur,173,,30,288,0,3,291,0,,,0,288,288,0,288
Mumbai Suburban,,,Chembur,173,,31,430,0,3,433,0,,,0,430,430,0,430
Mumbai Suburban,,,Chembur,173,,32,415,0,4,419,0,,,0,415,415,0,415
Mumbai Suburban,,,Chembur,173,,33,513,0,8,521,0,,,0,513,513,0,513
Mumbai Suburban,,,Chembur,173,,34,372,0,4,376,0,,,0,372,372,0,372
Mumbai Suburban,,,Chembur,173,,35,506,0,4,510,0,,,0,506,506,0,506
Mumbai Suburban,,,Chembur,173,,36,722,0,9,731,0,,,0,722,722,0,722
Mumbai Suburban,,,Chembur,173,,37,327,0,2,329,0,,,0,327,327,0,327
Mumbai Suburban,,,Chembur,173,,38,258,0,1,259,0,,,0,258,258,0,258
Mumbai Suburban,,,Chembur,173,,39,365,0,3,368,0,,,0,363,363,0,363
Mumbai Suburban,,,Chembur,173,,40,279,0,5,284,0,,,0,281,281,0,281
Mumbai Suburban,,,Chembur,173,,41,362,0,4,366,0,,,0,366,366,0,366
Mumbai Suburban,,,Chembur,173,,42,392,0,2,394,0,,,0,389,389,0,389
Mumbai Suburban,,,Chembur,173,,43,700,0,8,708,0,,,0,673,673,0,673
Mumbai Suburban,,,Chembur,173,,44,453,0,9,462,0,,,0,450,450,0,450
Mumbai Suburban,,,Chembur,173,,45,380,0,3,383,0,,,0,381,381,0,381
Mumbai Suburban,,,Chembur,173,,46,433,0,4,437,0,,,0,433,433,0,433
Mumbai Suburban,,,Chembur,173,,47,527,0,5,532,0,,,0,519,519,0,519
Mumbai Suburban,,,Chembur,173,,48,237,0,0,237,0,,,0,237,237,0,237
Mumbai Suburban,,,Chembur,173,,49,624,12,0,636,0,,,0,624,624,0,624
Mumbai Suburban,,,Chembur,173,,50,417,14,0,431,0,,,0,417,417,0,417
Mumbai Suburban,,,Chembur,173,,51,317,5,0,322,0,,,0,317,317,0,317
Mumbai Suburban,,,Chembur,173,,52,658,14,0,672,0,,,0,658,658,0,658
Mumbai Suburban,,,Chembur,173,,53,631,16,0,647,0,,,0,631,631,0,631
Mumbai Suburban,,,Chembur,173,,54,529,7,0,536,0,,,0,529,529,0,529
Mumbai Suburban,,,Chembur,173,,55,508,5,0,513,0,,,0,508,508,0,508
Mumbai Suburban,,,Chembur,173,,56,331,4,0,335,0,,,0,331,331,0,331
Mumbai Suburban,,,Chembur,173,,57,660,11,0,671,0,,,0,660,660,0,660
Mumbai Suburban,,,Chembur,173,,58,604,20,0,624,0,,,0,604,604,0,604
Mumbai Suburban,,,Chembur,173,,59,560,7,0,567,0,,,0,560,560,0,560
Mumbai Suburban,,,Chembur,173,,60,743,12,0,755,0,,,0,743,743,0,743
Mumbai Suburban,,,Chembur,173,,61,594,4,0,598,0,,,0,594,594,0,594
Mumbai Suburban,,,Chembur,173,,62,472,4,0,476,0,,,0,472,472,0,472
Mumbai Suburban,,,Chembur,173,,63,381,3,0,384,0,,,0,381,381,0,381
Mumbai Suburban,,,Chembur,173,,64,399,10,0,409,0,,,0,399,399,0,399
Mumbai Suburban,,,Chembur,173,,65,439,12,0,451,0,,,0,439,439,0,439
Mumbai Suburban,,,Chembur,173,,66,624,12,0,636,0,,,0,624,624,0,624
Mumbai Suburban,,,Chembur,173,,67,391,9,0,400,0,,,0,395,395,0,395
Mumbai Suburban,,,Chembur,173,,68,591,15,0,606,0,,,0,571,571,0,571
Mumbai Suburban,,,Chembur,173,,69,595,16,0,611,0,,,0,582,582,0,582
Mumbai Suburban,,,Chembur,173,,70,585,15,0,600,0,,,0,590,590,0,590
Mumbai Suburban,,,Chembur,173,,71,344,6,0,350,0,,,0,344,344,0,344
Mumbai Suburban,,,Chembur,173,,72,277,3,0,280,0,,,0,277,277,0,277
Mumbai Suburban,,,Chembur,173,,73,554,0,7,561,0,,,0,427,427,0,427
Mumbai Suburban,,,Chembur,173,,74,340,0,4,344,0,,,0,306,306,0,306
Mumbai Suburban,,,Chembur,173,,75,456,0,9,465,0,,,0,451,451,0,451
Mumbai Suburban,,,Chembur,173,,76,355,0,0,355,0,,,0,341,341,0,341
Mumbai Suburban,,,Chembur,173,,77,568,0,7,575,0,,,0,573,573,0,573
Mumbai Suburban,,,Chembur,173,,78,343,0,6,349,0,,,0,349,349,0,349
Mumbai Suburban,,,Chembur,173,,79,477,0,5,482,0,,,0,478,478,0,478
Mumbai Suburban,,,Chembur,173,,80,325,0,3,328,0,,,0,325,325,0,325
Mumbai Suburban,,,Chembur,173,,81,379,0,2,381,0,,,0,379,379,0,379
Mumbai Suburban,,,Chembur,173,,82,435,0,8,443,0,,,0,435,435,0,435
Mumbai Suburban,,,Chembur,173,,83,332,0,7,339,0,,,0,332,332,0,332
Mumbai Suburban,,,Chembur,173,,84,369,0,7,376,0,,,0,369,369,0,369
Mumbai Suburban,,,Chembur,173,,85,429,0,8,437,0,,,0,429,429,0,429
Mumbai Suburban,,,Chembur,173,,86,483,0,6,489,0,,,0,393,393,0,393
Mumbai Suburban,,,Chembur,173,,87,387,0,2,389,0,,,0,471,471,0,471
Mumbai Suburban,,,Chembur,173,,88,785,0,11,796,0,,,0,785,785,0,785
Mumbai Suburban,,,Chembur,173,,89,773,0,11,784,0,,,0,775,775,0,775
Mumbai Suburban,,,Chembur,173,,90,838,0,10,848,0,,,0,838,838,0,838
Mumbai Suburban,,,Chembur,173,,91,733,0,7,740,0,,,0,733,733,0,733
Mumbai Suburban,,,Chembur,173,,92,653,0,12,665,0,,,0,653,653,0,653
Mumbai Suburban,,,Chembur,173,,93,760,0,10,770,0,,,0,760,760,0,760
Mumbai Suburban,,,Chembur,173,,94,488,0,2,490,0,,,0,490,490,0,490
Mumbai Suburban,,,Chembur,173,,95,400,0,3,403,0,,,0,400,400,0,400
Mumbai Suburban,,,Chembur,173,,96,392,0,6,398,0,,,0,392,392,0,392
Mumbai Suburban,,,Chembur,173,,97,733,0,7,740,0,,,0,733,733,0,733
Mumbai Suburban,,,Chembur,173,,98,761,0,14,775,0,,,0,761,761,0,761
Mumbai Suburban,,,Chembur,173,,99,642,0,8,650,0,,,0,642,642,0,642
Mumbai Suburban,,,Chembur,173,,100,513,0,7,520,0,,,0,513,513,0,513
Mumbai Suburban,,,Chembur,173,,101,276,0,8,284,0,,,0,276,276,0,276
Mumbai Suburban,,,Chembur,173,,102,583,0,18,601,0,,,0,583,583,0,583
Mumbai Suburban,,,Chembur,173,,103,567,0,3,570,0,,,0,567,567,0,567
Mumbai Suburban,,,Chembur,173,,104,458,0,2,460,0,,,0,458,458,0,458
Mumbai Suburban,,,Chembur,173,,105,581,0,17,598,0,,,0,581,581,0,581
Mumbai Suburban,,,Chembur,173,,106,633,0,10,643,0,,,0,633,633,0,633
Mumbai Suburban,,,Chembur,173,,107,466,0,3,469,0,,,0,466,466,0,466
Mumbai Suburban,,,Chembur,173,,108,265,0,5,270,0,,,0,265,265,0,265
Mumbai Suburban,,,Chembur,173,,109,561,0,10,571,0,,,0,561,561,0,561
Mumbai Suburban,,,Chembur,173,,110,552,0,7,559,0,,,0,552,552,0,552
Mumbai Suburban,,,Chembur,173,,111,671,0,14,685,0,,,0,671,671,0,671
Mumbai Suburban,,,Chembur,173,,112,597,0,18,615,0,,,0,597,597,0,597
Mumbai Suburban,,,Chembur,173,,113,472,0,5,477,0,,,0,472,472,0,472
Mumbai Suburban,,,Chembur,173,,114,606,0,19,625,0,,,0,606,606,0,606
Mumbai Suburban,,,Chembur,173,,115,637,0,13,650,0,,,0,637,637,0,637
Mumbai Suburban,,,Chembur,173,,116,489,0,10,499,0,,,0,489,489,0,489
Mumbai Suburban,,,Chembur,173,,117,393,0,3,396,0,,,0,393,393,0,393
Mumbai Suburban,,,Chembur,173,,118,707,0,9,716,0,,,0,707,707,0,707
Mumbai Suburban,,,Chembur,173,,119,370,0,8,378,0,,,0,370,370,0,370
Mumbai Suburban,,,Chembur,173,,120,510,0,5,515,0,,,0,510,510,0,510
Mumbai Suburban,,,Chembur,173,,121,497,0,11,508,0,,,0,497,497,0,497
Mumbai Suburban,,,Chembur,173,,122,695,0,12,707,0,,,0,700,700,0,700
Mumbai Suburban,,,Chembur,173,,123,507,0,9,516,0,,,0,507,507,0,507
Mumbai Suburban,,,Chembur,173,,124,417,0,7,424,0,,,0,417,417,0,417
Mumbai Suburban,,,Chembur,173,,125,250,0,3,253,0,,,0,254,254,0,254
Mumbai Suburban,,,Chembur,173,,126,721,0,17,738,0,,,0,720,720,0,720
Mumbai Suburban,,,Chembur,173,,127,190,0,5,195,0,,,0,190,190,0,190
Mumbai Suburban,,,Chembur,173,,128,592,0,17,609,0,,,0,595,595,0,595
Mumbai Suburban,,,Chembur,173,,129,592,0,6,598,0,,,0,594,594,0,594
Mumbai Suburban,,,Chembur,173,,130,684,0,12,696,0,,,0,684,684,0,684
Mumbai Suburban,,,Chembur,173,,131,401,0,10,411,0,,,0,401,401,0,401
Mumbai Suburban,,,Chembur,173,,132,299,0,1,300,0,,,0,299,299,0,299
Mumbai Suburban,,,Chembur,173,,133,253,0,8,261,0,,,0,253,253,0,253
Mumbai Suburban,,,Chembur,173,,134,642,0,14,656,0,,,0,642,642,0,642
Mumbai Suburban,,,Chembur,173,,135,588,0,15,603,0,,,0,588,588,0,588
Mumbai Suburban,,,Chembur,173,,136,609,0,10,619,0,,,0,601,601,0,601
Mumbai Suburban,,,Chembur,173,,137,632,0,13,645,0,,,0,632,632,0,632
Mumbai Suburban,,,Chembur,173,,138,476,0,5,481,0,,,0,304,304,0,304
Mumbai Suburban,,,Chembur,173,,139,437,0,3,440,0,,,0,366,366,0,366
Mumbai Suburban,,,Chembur,173,,140,487,0,3,490,0,,,0,320,320,0,320
Mumbai Suburban,,,Chembur,173,,141,373,0,3,376,0,,,0,277,277,0,277
Mumbai Suburban,,,Chembur,173,,142,575,0,2,577,0,,,0,421,421,0,421
Mumbai Suburban,,,Chembur,173,,143,385,0,5,390,0,,,0,311,311,0,311
Mumbai Suburban,,,Chembur,173,,144,513,0,3,516,0,,,0,283,283,0,283
Mumbai Suburban,,,Chembur,173,,145,471,0,8,479,0,,,0,471,471,0,471
Mumbai Suburban,,,Chembur,173,,146,560,0,7,567,0,,,0,560,560,0,560
Mumbai Suburban,,,Chembur,173,,147,341,0,1,342,0,,,0,341,341,0,341
Mumbai Suburban,,,Chembur,173,,148,496,0,2,498,0,,,0,496,496,0,496
Mumbai Suburban,,,Chembur,173,,149,502,0,5,507,0,,,0,502,502,0,502
Mumbai Suburban,,,Chembur,173,,150,630,0,7,637,0,,,0,630,630,0,630
Mumbai Suburban,,,Chembur,173,,151,608,0,6,614,0,,,0,608,608,0,608
Mumbai Suburban,,,Chembur,173,,152,535,0,7,542,0,,,0,535,535,0,535
Mumbai Suburban,,,Chembur,173,,153,308,0,3,311,0,,,0,308,308,0,308
Mumbai Suburban,,,Chembur,173,,154,480,0,5,485,0,,,0,480,480,0,480
Mumbai Suburban,,,Chembur,173,,155,280,0,5,285,0,,,0,280,280,0,280
Mumbai Suburban,,,Chembur,173,,156,507,0,8,515,0,,,0,507,507,0,507
Mumbai Suburban,,,Chembur,173,,157,445,0,7,452,0,,,0,445,445,0,445
Mumbai Suburban,,,Chembur,173,,158,690,0,6,696,0,,,0,669,669,0,669
Mumbai Suburban,,,Chembur,173,,159,646,0,9,655,0,,,0,646,646,0,646
Mumbai Suburban,,,Chembur,173,,160,192,0,8,200,0,,,0,192,192,0,192
Mumbai Suburban,,,Chembur,173,,161,552,0,11,563,0,,,0,552,552,0,552
Mumbai Suburban,,,Chembur,173,,162,424,0,5,429,0,,,0,424,424,0,424
Mumbai Suburban,,,Chembur,173,,163,416,0,4,420,0,,,0,416,416,0,416
Mumbai Suburban,,,Chembur,173,,164,433,0,6,439,0,,,0,433,433,0,433
Mumbai Suburban,,,Chembur,173,,165,605,0,12,617,0,,,0,605,605,0,605
Mumbai Suburban,,,Chembur,173,,166,645,0,10,655,0,,,0,645,645,0,645
Mumbai Suburban,,,Chembur,173,,167,409,0,3,412,0,,,0,409,409,0,409
Mumbai Suburban,,,Chembur,173,,168,447,0,8,455,0,,,0,447,447,0,447
Mumbai Suburban,,,Chembur,173,,169,502,0,3,505,0,,,0,502,502,0,502
Mumbai Suburban,,,Chembur,173,,170,731,0,6,737,0,,,0,676,676,0,676
Mumbai Suburban,,,Chembur,173,,171,551,0,5,556,0,,,0,630,630,0,630
Mumbai Suburban,,,Chembur,173,,172,414,0,5,419,0,,,0,451,451,0,451
Mumbai Suburban,,,Chembur,173,,173,484,0,7,491,0,,,0,360,360,0,360
Mumbai Suburban,,,Chembur,173,,174,561,0,5,566,0,,,0,583,583,0,583
Mumbai Suburban,,,Chembur,173,,175,293,0,8,301,0,,,0,324,324,0,324
Mumbai Suburban,,,Chembur,173,,176,572,0,3,672,0,,,0,522,522,0,522
Mumbai Suburban,,,Chembur,173,,177,438,0,6,444,0,,,0,393,393,0,393
Mumbai Suburban,,,Chembur,173,,178,572,0,9,581,0,,,0,562,562,0,562
Mumbai Suburban,,,Chembur,173,,179,581,0,4,585,0,,,0,596,596,0,596
Mumbai Suburban,,,Chembur,173,,180,452,0,2,454,0,,,0,516,516,0,516
Mumbai Suburban,,,Chembur,173,,181,550,0,7,557,0,,,0,513,513,0,513
Mumbai Suburban,,,Chembur,173,,182,260,0,2,262,0,,,0,368,368,0,368
Mumbai Suburban,,,Chembur,173,,183,697,0,9,706,0,,,0,520,520,0,520
Mumbai Suburban,,,Chembur,173,,184,343,0,2,345,0,,,0,491,491,0,491
Mumbai Suburban,,,Chembur,173,,185,662,0,8,670,0,,,0,514,514,0,514
Mumbai Suburban,,,Chembur,173,,186,379,0,7,386,0,,,0,589,589,0,589
Mumbai Suburban,,,Chembur,173,,187,494,0,2,496,0,,,0,389,389,0,389
Mumbai Suburban,,,Chembur,173,,188,333,0,4,337,0,,,0,438,438,0,438
Mumbai Suburban,,,Chembur,173,,189,393,0,2,395,0,,,0,351,351,0,351
Mumbai Suburban,,,Chembur,173,,190,388,0,2,390,0,,,0,383,383,0,383
Mumbai Suburban,,,Chembur,173,,191,475,0,4,479,0,,,0,378,378,0,378
Mumbai Suburban,,,Chembur,173,,193,339,0,3,342,0,,,0,343,343,0,343
Mumbai Suburban,,,Chembur,173,,194,718,0,15,733,0,,,0,589,589,0,589
Mumbai Suburban,,,Chembur,173,,195,486,0,2,488,0,,,0,388,388,0,388
Mumbai Suburban,,,Chembur,173,,196,519,0,6,525,0,,,0,453,453,0,453
Mumbai Suburban,,,Chembur,173,,197,387,0,4,391,0,,,0,455,455,0,455
Mumbai Suburban,,,Chembur,173,,198,487,0,4,491,0,,,0,278,278,0,278
Mumbai Suburban,,,Chembur,173,,199,355,0,10,365,0,,,0,319,319,0,319
Mumbai Suburban,,,Chembur,173,,200,418,0,5,423,0,,,0,330,330,0,330
Mumbai Suburban,,,Chembur,173,,201,575,0,16,591,0,,,0,425,425,0,425
Mumbai Suburban,,,Chembur,173,,202,339,0,13,352,0,,,0,351,351,0,351
Mumbai Suburban,,,Chembur,173,,203,648,0,13,661,0,,,0,584,584,0,584
Mumbai Suburban,,,Chembur,173,,204,618,0,23,641,0,,,0,617,617,0,617
Mumbai Suburban,,,Chembur,173,,205,627,0,3,630,0,,,0,659,659,0,659
Mumbai Suburban,,,Chembur,173,,206,410,0,3,413,0,,,0,410,410,0,410
Mumbai Suburban,,,Chembur,173,,207,391,0,6,397,0,,,0,630,630,0,630
Mumbai Suburban,,,Chembur,173,,208,372,0,6,378,0,,,0,388,388,0,388
Mumbai Suburban,,,Chembur,173,,209,294,0,2,296,0,,,0,370,370,0,370
Mumbai Suburban,,,Chembur,173,,210,609,0,3,612,0,,,0,376,376,0,376
Mumbai Suburban,,,Chembur,173,,211,473,0,8,481,0,,,0,595,595,0,595
Mumbai Suburban,,,Chembur,173,,212,243,0,5,248,0,,,0,469,469,0,469
Mumbai Suburban,,,Chembur,173,,213,540,0,11,551,0,,,0,244,244,0,244
Mumbai Suburban,,,Chembur,173,,214,393,0,8,401,0,,,0,538,538,0,538
Mumbai Suburban,,,Chembur,173,,215,239,0,6,245,0,,,0,394,394,0,394
Mumbai Suburban,,,Chembur,173,,217,543,0,7,550,0,,,0,543,543,0,543
Mumbai Suburban,,,Chembur,173,,218,364,0,8,372,0,,,0,371,371,0,371
Mumbai Suburban,,,Chembur,173,,219,365,0,11,376,0,,,0,365,365,0,365
Mumbai Suburban,,,Chembur,173,,220,336,0,6,342,0,,,0,336,336,0,336
Mumbai Suburban,,,Chembur,173,,221,309,0,3,312,0,,,0,309,309,0,309
Mumbai Suburban,,,Chembur,173,,222,343,0,5,348,0,,,0,343,343,0,343
Mumbai Suburban,,,Chembur,173,,223,522,0,6,528,0,,,0,522,522,0,522
Mumbai Suburban,,,Chembur,173,,224,417,0,7,424,0,,,0,421,421,0,421
Mumbai Suburban,,,Chembur,173,,225,523,0,11,534,0,,,0,522,522,0,522
Mumbai Suburban,,,Chembur,173,,226,330,0,2,332,0,,,0,328,328,0,328
Mumbai Suburban,,,Chembur,173,,227,563,0,7,570,0,,,0,561,561,0,561
Mumbai Suburban,,,Chembur,173,,228,167,0,0,167,0,,,0,167,167,0,167
Mumbai Suburban,,,Chembur,173,,229,434,0,9,443,0,,,0,425,425,0,425
Mumbai Suburban,,,Chembur,173,,230,643,0,15,658,0,,,0,642,642,0,642
Mumbai Suburban,,,Chembur,173,,231,460,0,18,478,0,,,0,460,460,0,460
Mumbai Suburban,,,Chembur,173,,232,351,0,6,357,0,,,0,353,353,0,353
Mumbai Suburban,,,Chembur,173,,233,344,0,4,348,0,,,0,373,373,0,373
Mumbai Suburban,,,Chembur,173,,234,653,0,8,661,0,,,0,628,628,0,628
Mumbai Suburban,,,Chembur,173,,235,626,0,8,634,0,,,0,622,622,0,622
Mumbai Suburban,,,Chembur,173,,236,673,0,5,678,0,,,0,670,670,0,670
Mumbai Suburban,,,Chembur,173,,237,726,0,8,734,0,,,0,723,723,0,723
Mumbai Suburban,,,Chembur,173,,238,668,0,5,673,0,,,0,668,668,0,668
Mumbai Suburban,,,Chembur,173,,239,490,0,7,497,0,,,0,490,490,0,490
Mumbai Suburban,,,Chembur,173,,240,338,0,4,342,0,,,0,338,338,0,338
Mumbai Suburban,,,Chembur,173,,241,540,0,6,546,0,,,0,651,651,0,651
Mumbai Suburban,,,Chembur,173,,242,261,0,1,262,0,,,0,261,261,0,261
Mumbai Suburban,,,Chembur,173,,243,761,0,9,770,0,,,0,761,761,0,761
Mumbai Suburban,,,Chembur,173,,244,544,0,10,554,0,,,0,554,554,0,554
Mumbai Suburban,,,Chembur,173,,245,640,0,12,652,0,,,0,668,668,0,668
Mumbai Suburban,,,Chembur,173,,246,515,0,8,523,0,,,0,515,515,0,515
Mumbai Suburban,,,Chembur,173,,247,464,0,6,470,0,,,0,416,416,0,416
Mumbai Suburban,,,Chembur,173,,248,628,0,9,637,0,,,0,628,628,0,628
Mumbai Suburban,,,Chembur,173,,249,199,0,2,201,0,,,0,199,199,0,199
Mumbai Suburban,,,Chembur,173,,250,516,0,12,528,0,,,0,519,519,0,519
Mumbai Suburban,,,Chembur,173,,251,536,0,11,547,0,,,0,536,536,0,536
Mumbai Suburban,,,Chembur,173,,252,684,1,9,693,0,,,0,718,718,0,718
Mumbai Suburban,,,Chembur,173,,253,560,0,3,563,0,,,0,377,377,0,377
Mumbai Suburban,,,Chembur,173,,255,286,0,4,290,0,,,0,322,322,0,322
Mumbai Suburban,,,Chembur,173,,256,573,0,2,575,0,,,0,573,573,0,573
Mumbai Suburban,,,Chembur,173,,257,740,0,3,743,0,,,0,740,740,0,740
Mumbai Suburban,,,Chembur,173,,258,564,0,3,567,0,,,0,564,564,0,564
Mumbai Suburban,,,Chembur,173,,259,636,0,7,643,0,,,0,639,639,0,639
Mumbai Suburban,,,Chembur,173,,260,329,0,4,333,0,,,0,329,329,0,329
Mumbai Suburban,,,Chembur,173,,261,383,0,6,389,0,,,0,381,381,0,381
Mumbai Suburban,,,Chembur,173,,262,507,0,6,513,0,,,0,509,509,0,509
Mumbai Suburban,,,Chembur,173,,263,140,0,2,142,0,,,0,143,143,0,143
Mumbai Suburban,,,Chembur,173,,264,373,0,1,374,0,,,0,373,373,0,373
TOTAL,,,,,,,125996,394,1421,127917,0,,,0,124400,124400,0,124400
