District Name,District No,Jilha,Constituency Name,Constituency No,Total No. of Electors,Serial Poll,Total No. Valid Votes,No. of Rejected Votes,NOTA,Total,No. of Tendered Votes,Elected Person Name,Party Name of Elected Person,No. of Valid Votes Cast in Favour of Elected Person,Other Candidate Votes,Total EVM Votes,Total Postal ballot votes,Total Votes Polled
Nashik,,,Malegaon Outer,115,,1,437,0,1,438,0,,,0,437,437,0,437
Nashik,,,Malegaon Outer,115,,2,516,0,4,520,0,,,0,516,516,0,516
Nashik,,,Malegaon Outer,115,,3,555,0,0,555,0,,,0,555,555,0,555
Nashik,,,Malegaon Outer,115,,4,906,0,4,910,0,,,0,906,906,0,906
Nashik,,,Malegaon Outer,115,,5,826,0,2,828,0,,,0,825,825,0,825
Nashik,,,Malegaon Outer,115,,6,651,0,10,661,0,,,0,651,651,0,651
Nashik,,,Malegaon Outer,115,,7,1047,0,5,1052,0,,,0,1050,1050,0,1050
Nashik,,,Malegaon Outer,115,,8,797,0,5,802,0,,,0,797,797,0,797
Nashik,,,Malegaon Outer,115,,9,712,0,4,716,0,,,0,712,712,0,712
Nashik,,,Malegaon Outer,115,,10,563,0,5,568,0,,,0,566,566,0,566
Nashik,,,Malegaon Outer,115,,11,474,0,4,478,0,,,0,474,474,0,474
Nashik,,,Malegaon Outer,115,,12,783,0,6,789,0,,,0,783,783,0,783
Nashik,,,Malegaon Outer,115,,13,856,0,5,861,0,,,0,857,857,0,857
Nashik,,,Malegaon Outer,115,,14,776,0,5,781,0,,,0,776,776,0,776
Nashik,,,Malegaon Outer,115,,15,745,0,3,748,0,,,0,745,745,0,745
Nashik,,,Malegaon Outer,115,,16,762,0,13,775,0,,,0,762,762,0,762
Nashik,,,Malegaon Outer,115,,17,509,0,4,513,0,,,0,509,509,0,509
Nashik,,,Malegaon Outer,115,,18,793,0,4,797,0,,,0,794,794,0,794
Nashik,,,Malegaon Outer,115,,19,851,0,3,854,0,,,0,851,851,0,851
Nashik,,,Malegaon Outer,115,,20,560,0,7,567,0,,,0,561,561,0,561
Nashik,,,Malegaon Outer,115,,21,563,0,3,566,0,,,0,562,562,0,562
Nashik,,,Malegaon Outer,115,,22,1155,0,4,1159,0,,,0,1159,1159,0,1159
Nashik,,,Malegaon Outer,115,,23,1089,0,22,1111,0,,,0,1089,1089,0,1089
Nashik,,,Malegaon Outer,115,,24,479,0,9,488,0,,,0,478,478,0,478
Nashik,,,Malegaon Outer,115,,25,896,0,3,899,0,,,0,896,896,0,896
Nashik,,,Malegaon Outer,115,,26,548,0,1,549,0,,,0,547,547,0,547
Nashik,,,Malegaon Outer,115,,27,830,0,4,834,0,,,0,816,816,0,816
Nashik,,,Malegaon Outer,115,,28,1018,0,24,1042,0,,,0,1018,1018,0,1018
Nashik,,,Malegaon Outer,115,,29,490,0,2,492,0,,,0,491,491,0,491
Nashik,,,Malegaon Outer,115,,30,757,0,4,761,0,,,0,757,757,0,757
Nashik,,,Malegaon Outer,115,,31,819,0,8,827,0,,,0,829,829,0,829
Nashik,,,Malegaon Outer,115,,32,694,0,4,698,0,,,0,694,694,0,694
Nashik,,,Malegaon Outer,115,,33,760,0,9,769,0,,,0,760,760,0,760
Nashik,,,Malegaon Outer,115,,34,960,0,5,965,0,,,0,960,960,0,960
Nashik,,,Malegaon Outer,115,,35,479,0,1,480,0,,,0,479,479,0,479
Nashik,,,Malegaon Outer,115,,36,848,0,4,852,0,,,0,848,848,0,848
Nashik,,,Malegaon Outer,115,,37,454,0,1,455,0,,,0,454,454,0,454
Nashik,,,Malegaon Outer,115,,38,931,0,14,945,0,,,0,931,931,0,931
Nashik,,,Malegaon Outer,115,,39,832,0,2,834,0,,,0,832,832,0,832
Nashik,,,Malegaon Outer,115,,40,904,0,3,907,0,,,0,904,904,0,904
Nashik,,,Malegaon Outer,115,,41,750,0,3,753,0,,,0,750,750,0,750
Nashik,,,Malegaon Outer,115,,42,1006,0,3,1009,0,,,0,1006,1006,0,1006
Nashik,,,Malegaon Outer,115,,43,732,0,7,739,0,,,0,732,732,0,732
Nashik,,,Malegaon Outer,115,,44,905,0,5,910,0,,,0,905,905,0,905
Nashik,,,Malegaon Outer,115,,45,625,0,5,630,0,,,0,625,625,0,625
Nashik,,,Malegaon Outer,115,,46,781,0,6,787,0,,,0,781,781,0,781
Nashik,,,Malegaon Outer,115,,47,724,0,6,730,0,,,0,724,724,0,724
Nashik,,,Malegaon Outer,115,,48,595,0,4,599,0,,,0,595,595,0,595
Nashik,,,Malegaon Outer,115,,49,655,0,4,659,0,,,0,655,655,0,655
Nashik,,,Malegaon Outer,115,,50,943,0,6,949,0,,,0,943,943,0,943
Nashik,,,Malegaon Outer,115,,51,840,0,8,848,0,,,0,840,840,0,840
Nashik,,,Malegaon Outer,115,,52,815,0,10,825,0,,,0,815,815,0,815
Nashik,,,Malegaon Outer,115,,53,601,0,4,605,0,,,0,601,601,0,601
Nashik,,,Malegaon Outer,115,,54,500,0,1,501,0,,,0,499,499,0,499
Nashik,,,Malegaon Outer,115,,55,531,0,1,532,0,,,0,530,530,0,530
Nashik,,,Malegaon Outer,115,,56,466,0,4,470,0,,,0,468,468,0,468
Nashik,,,Malegaon Outer,115,,57,1045,0,3,1048,0,,,0,1050,1050,0,1050
Nashik,,,Malegaon Outer,115,,58,974,0,13,987,0,,,0,975,975,0,975
Nashik,,,Malegaon Outer,115,,59,1042,0,4,1046,0,,,0,1042,1042,0,1042
Nashik,,,Malegaon Outer,115,,60,779,0,1,780,0,,,0,779,779,0,779
Nashik,,,Malegaon Outer,115,,61,456,0,1,457,0,,,0,456,456,0,456
Nashik,,,Malegaon Outer,115,,62,965,0,8,973,0,,,0,955,955,0,955
Nashik,,,Malegaon Outer,115,,63,715,0,6,721,0,,,0,715,715,0,715
Nashik,,,Malegaon Outer,115,,64,760,0,4,764,0,,,0,760,760,0,760
Nashik,,,Malegaon Outer,115,,65,1046,0,4,1050,0,,,0,1044,1044,0,1044
Nashik,,,Malegaon Outer,115,,66,941,0,6,947,0,,,0,941,941,0,941
Nashik,,,Malegaon Outer,115,,67,709,0,1,710,0,,,0,709,709,0,709
Nashik,,,Malegaon Outer,115,,68,545,0,8,553,0,,,0,545,545,0,545
Nashik,,,Malegaon Outer,115,,69,529,0,1,530,0,,,0,529,529,0,529
Nashik,,,Malegaon Outer,115,,70,842,0,5,847,0,,,0,842,842,0,842
Nashik,,,Malegaon Outer,115,,71,762,0,6,768,0,,,0,762,762,0,762
Nashik,,,Malegaon Outer,115,,72,938,0,3,941,0,,,0,938,938,0,938
Nashik,,,Malegaon Outer,115,,73,915,0,9,924,0,,,0,915,915,0,915
Nashik,,,Malegaon Outer,115,,74,683,0,8,691,0,,,0,683,683,0,683
Nashik,,,Malegaon Outer,115,,75,453,0,1,454,0,,,0,453,453,0,453
Nashik,,,Malegaon Outer,115,,76,967,0,2,969,0,,,0,967,967,0,967
Nashik,,,Malegaon Outer,115,,77,957,0,7,964,0,,,0,957,957,0,957
Nashik,,,Malegaon Outer,115,,78,783,0,5,788,0,,,0,783,783,0,783
Nashik,,,Malegaon Outer,115,,79,751,0,7,758,0,,,0,751,751,0,751
Nashik,,,Malegaon Outer,115,,80,617,0,6,623,0,,,0,617,617,0,617
Nashik,,,Malegaon Outer,115,,81,704,0,2,706,0,,,0,704,704,0,704
Nashik,,,Malegaon Outer,115,,82,687,0,7,694,0,,,0,686,686,0,686
Nashik,,,Malegaon Outer,115,,83,918,0,7,925,0,,,0,918,918,0,918
Nashik,,,Malegaon Outer,115,,84,784,0,3,787,0,,,0,784,784,0,784
Nashik,,,Malegaon Outer,115,,85,839,0,7,846,0,,,0,839,839,0,839
Nashik,,,Malegaon Outer,115,,86,419,0,3,422,0,,,0,419,419,0,419
Nashik,,,Malegaon Outer,115,,87,416,0,5,421,0,,,0,416,416,0,416
Nashik,,,Malegaon Outer,115,,88,388,0,1,389,0,,,0,388,388,0,388
Nashik,,,Malegaon Outer,115,,89,724,0,3,727,0,,,0,724,724,0,724
Nashik,,,Malegaon Outer,115,,90,493,0,3,496,0,,,0,493,493,0,493
Nashik,,,Malegaon Outer,115,,91,718,0,4,722,0,,,0,718,718,0,718
Nashik,,,Malegaon Outer,115,,92,766,0,2,768,0,,,0,766,766,0,766
Nashik,,,Malegaon Outer,115,,93,805,0,3,808,0,,,0,805,805,0,805
Nashik,,,Malegaon Outer,115,,94,774,0,7,781,0,,,0,774,774,0,774
Nashik,,,Malegaon Outer,115,,95,458,0,1,459,0,,,0,458,458,0,458
Nashik,,,Malegaon Outer,115,,96,470,0,0,470,0,,,0,470,470,0,470
Nashik,,,Malegaon Outer,115,,97,504,0,3,507,0,,,0,504,504,0,504
Nashik,,,Malegaon Outer,115,,98,1179,0,8,1187,0,,,0,1179,1179,0,1179
Nashik,,,Malegaon Outer,115,,99,1041,0,8,1049,0,,,0,1041,1041,0,1041
Nashik,,,Malegaon Outer,115,,100,1003,0,10,1013,0,,,0,1003,1003,0,1003
Nashik,,,Malegaon Outer,115,,101,1034,0,3,1037,0,,,0,1034,1034,0,1034
Nashik,,,Malegaon Outer,115,,102,1025,0,1,1026,0,,,0,1025,1025,0,1025
Nashik,,,Malegaon Outer,115,,103,596,0,1,597,0,,,0,596,596,0,596
Nashik,,,Malegaon Outer,115,,104,796,0,8,804,0,,,0,796,796,0,796
Nashik,,,Malegaon Outer,115,,105,863,0,2,865,0,,,0,863,863,0,863
Nashik,,,Malegaon Outer,115,,106,692,0,2,694,0,,,0,692,692,0,692
Nashik,,,Malegaon Outer,115,,107,897,0,3,900,0,,,0,897,897,0,897
Nashik,,,Malegaon Outer,115,,108,699,0,4,703,0,,,0,699,699,0,699
Nashik,,,Malegaon Outer,115,,109,733,0,5,738,0,,,0,733,733,0,733
Nashik,,,Malegaon Outer,115,,110,734,0,12,746,0,,,0,731,731,0,731
Nashik,,,Malegaon Outer,115,,111,754,0,2,756,0,,,0,755,755,0,755
Nashik,,,Malegaon Outer,115,,112,817,0,5,822,0,,,0,817,817,0,817
Nashik,,,Malegaon Outer,115,,113,891,0,3,894,0,,,0,891,891,0,891
Nashik,,,Malegaon Outer,115,,114,936,0,1,937,0,,,0,936,936,0,936
Nashik,,,Malegaon Outer,115,,115,545,0,2,547,0,,,0,547,547,0,547
Nashik,,,Malegaon Outer,115,,116,666,0,7,673,0,,,0,666,666,0,666
Nashik,,,Malegaon Outer,115,,117,610,0,2,612,0,,,0,610,610,0,610
Nashik,,,Malegaon Outer,115,,118,633,0,1,634,0,,,0,633,633,0,633
Nashik,,,Malegaon Outer,115,,119,772,0,2,774,0,,,0,772,772,0,772
Nashik,,,Malegaon Outer,115,,120,995,0,4,999,0,,,0,995,995,0,995
Nashik,,,Malegaon Outer,115,,121,683,0,4,687,0,,,0,679,679,0,679
Nashik,,,Malegaon Outer,115,,122,539,0,3,542,0,,,0,539,539,0,539
Nashik,,,Malegaon Outer,115,,123,814,0,8,822,0,,,0,814,814,0,814
Nashik,,,Malegaon Outer,115,,124,435,0,4,439,0,,,0,435,435,0,435
Nashik,,,Malegaon Outer,115,,125,464,0,2,466,0,,,0,464,464,0,464
Nashik,,,Malegaon Outer,115,,126,869,0,7,876,0,,,0,869,869,0,869
Nashik,,,Malegaon Outer,115,,127,622,0,6,628,0,,,0,622,622,0,622
Nashik,,,Malegaon Outer,115,,128,748,0,1,749,0,,,0,748,748,0,748
Nashik,,,Malegaon Outer,115,,129,683,0,5,688,0,,,0,683,683,0,683
Nashik,,,Malegaon Outer,115,,130,263,0,1,264,0,,,0,263,263,0,263
Nashik,,,Malegaon Outer,115,,131,1047,0,3,1050,0,,,0,1047,1047,0,1047
Nashik,,,Malegaon Outer,115,,132,1030,0,3,1033,0,,,0,1031,1031,0,1031
Nashik,,,Malegaon Outer,115,,133,958,0,4,962,0,,,0,959,959,0,959
Nashik,,,Malegaon Outer,115,,134,1043,0,18,1061,0,,,0,1043,1043,0,1043
Nashik,,,Malegaon Outer,115,,135,712,0,4,716,0,,,0,713,713,0,713
Nashik,,,Malegaon Outer,115,,136,493,0,4,497,0,,,0,493,493,0,493
Nashik,,,Malegaon Outer,115,,137,846,0,7,853,0,,,0,847,847,0,847
Nashik,,,Malegaon Outer,115,,138,894,0,1,895,0,,,0,896,896,0,896
Nashik,,,Malegaon Outer,115,,139,627,0,2,629,0,,,0,628,628,0,628
Nashik,,,Malegaon Outer,115,,140,666,0,6,672,0,,,0,667,667,0,667
Nashik,,,Malegaon Outer,115,,141,590,0,4,594,0,,,0,590,590,0,590
Nashik,,,Malegaon Outer,115,,142,743,0,5,748,0,,,0,743,743,0,743
Nashik,,,Malegaon Outer,115,,143,983,0,3,986,0,,,0,983,983,0,983
Nashik,,,Malegaon Outer,115,,144,545,0,5,550,0,,,0,545,545,0,545
Nashik,,,Malegaon Outer,115,,145,526,0,2,528,0,,,0,527,527,0,527
Nashik,,,Malegaon Outer,115,,146,572,0,4,576,0,,,0,572,572,0,572
Nashik,,,Malegaon Outer,115,,147,585,0,5,590,0,,,0,585,585,0,585
Nashik,,,Malegaon Outer,115,,148,555,0,4,559,0,,,0,555,555,0,555
Nashik,,,Malegaon Outer,115,,149,949,0,4,953,0,,,0,949,949,0,949
Nashik,,,Malegaon Outer,115,,150,970,0,6,976,0,,,0,970,970,0,970
Nashik,,,Malegaon Outer,115,,151,813,0,6,819,0,,,0,813,813,0,813
Nashik,,,Malegaon Outer,115,,152,587,0,2,589,0,,,0,587,587,0,587
Nashik,,,Malegaon Outer,115,,153,425,0,1,426,0,,,0,425,425,0,425
Nashik,,,Malegaon Outer,115,,154,688,0,2,690,0,,,0,688,688,0,688
Nashik,,,Malegaon Outer,115,,155,787,0,6,793,0,,,0,788,788,0,788
Nashik,,,Malegaon Outer,115,,156,588,0,4,592,0,,,0,591,591,0,591
Nashik,,,Malegaon Outer,115,,157,615,0,2,617,0,,,0,616,616,0,616
Nashik,,,Malegaon Outer,115,,158,746,0,8,754,0,,,0,748,748,0,748
Nashik,,,Malegaon Outer,115,,159,950,0,5,955,0,,,0,950,950,0,950
Nashik,,,Malegaon Outer,115,,160,753,0,4,757,0,,,0,753,753,0,753
Nashik,,,Malegaon Outer,115,,161,1017,0,4,1021,0,,,0,1017,1017,0,1017
Nashik,,,Malegaon Outer,115,,162,902,0,5,907,0,,,0,903,903,0,903
Nashik,,,Malegaon Outer,115,,163,799,0,0,799,0,,,0,800,800,0,800
Nashik,,,Malegaon Outer,115,,164,675,0,3,678,0,,,0,675,675,0,675
Nashik,,,Malegaon Outer,115,,165,903,0,4,907,0,,,0,903,903,0,903
Nashik,,,Malegaon Outer,115,,166,997,0,9,1006,0,,,0,997,997,0,997
Nashik,,,Malegaon Outer,115,,167,608,0,5,613,0,,,0,608,608,0,608
Nashik,,,Malegaon Outer,115,,168,606,0,2,608,0,,,0,606,606,0,606
Nashik,,,Malegaon Outer,115,,169,356,0,8,364,0,,,0,356,356,0,356
Nashik,,,Malegaon Outer,115,,170,534,0,4,538,0,,,0,534,534,0,534
Nashik,,,Malegaon Outer,115,,171,698,0,2,700,0,,,0,698,698,0,698
Nashik,,,Malegaon Outer,115,,172,797,0,2,799,0,,,0,797,797,0,797
Nashik,,,Malegaon Outer,115,,173,938,0,0,938,0,,,0,938,938,0,938
Nashik,,,Malegaon Outer,115,,174,659,0,2,661,0,,,0,660,660,0,660
Nashik,,,Malegaon Outer,115,,175,631,0,3,634,0,,,0,631,631,0,631
Nashik,,,Malegaon Outer,115,,176,525,0,0,525,0,,,0,525,525,0,525
Nashik,,,Malegaon Outer,115,,177,531,0,6,537,0,,,0,531,531,0,531
Nashik,,,Malegaon Outer,115,,178,818,0,1,819,0,,,0,818,818,0,818
Nashik,,,Malegaon Outer,115,,179,0,0,0,0,0,,,0,0,0,0,0
Nashik,,,Malegaon Outer,115,,180,576,0,2,578,0,,,0,576,576,0,576
Nashik,,,Malegaon Outer,115,,181,829,0,8,837,0,,,0,829,829,0,829
Nashik,,,Malegaon Outer,115,,182,510,0,1,511,0,,,0,511,511,0,511
Nashik,,,Malegaon Outer,115,,183,760,0,5,765,0,,,0,760,760,0,760
Nashik,,,Malegaon Outer,115,,184,511,0,2,513,0,,,0,511,511,0,511
Nashik,,,Malegaon Outer,115,,185,645,0,7,652,0,,,0,645,645,0,645
Nashik,,,Malegaon Outer,115,,186,827,0,1,828,0,,,0,827,827,0,827
Nashik,,,Malegaon Outer,115,,187,873,0,3,876,0,,,0,873,873,0,873
Nashik,,,Malegaon Outer,115,,188,708,0,3,711,0,,,0,708,708,0,708
Nashik,,,Malegaon Outer,115,,189,623,0,1,624,0,,,0,623,623,0,623
Nashik,,,Malegaon Outer,115,,190,624,0,4,628,0,,,0,624,624,0,624
Nashik,,,Malegaon Outer,115,,191,632,0,1,633,0,,,0,632,632,0,632
Nashik,,,Malegaon Outer,115,,192,536,0,2,538,0,,,0,536,536,0,536
Nashik,,,Malegaon Outer,115,,193,607,0,1,608,0,,,0,607,607,0,607
Nashik,,,Malegaon Outer,115,,194,686,0,2,688,0,,,0,686,686,0,686
Nashik,,,Malegaon Outer,115,,195,580,0,1,581,0,,,0,581,581,0,581
Nashik,,,Malegaon Outer,115,,196,488,0,1,489,0,,,0,488,488,0,488
Nashik,,,Malegaon Outer,115,,197,480,0,1,481,0,,,0,480,480,0,480
Nashik,,,Malegaon Outer,115,,198,622,0,4,626,0,,,0,622,622,0,622
Nashik,,,Malegaon Outer,115,,199,572,0,2,574,0,,,0,572,572,0,572
Nashik,,,Malegaon Outer,115,,200,1018,0,2,1020,0,,,0,1018,1018,0,1018
Nashik,,,Malegaon Outer,115,,201,573,0,1,574,0,,,0,572,572,0,572
Nashik,,,Malegaon Outer,115,,201A,588,0,1,589,0,,,0,588,588,0,588
Nashik,,,Malegaon Outer,115,,202,617,0,1,618,0,,,0,616,616,0,616
Nashik,,,Malegaon Outer,115,,203,1025,0,9,1034,0,,,0,1025,1025,0,1025
Nashik,,,Malegaon Outer,115,,204,937,0,34,971,0,,,0,937,937,0,937
Nashik,,,Malegaon Outer,115,,205,652,0,7,659,0,,,0,653,653,0,653
Nashik,,,Malegaon Outer,115,,206,619,0,2,621,0,,,0,619,619,0,619
Nashik,,,Malegaon Outer,115,,207,729,0,5,734,0,,,0,730,730,0,730
Nashik,,,Malegaon Outer,115,,208,522,0,5,527,0,,,0,522,522,0,522
Nashik,,,Malegaon Outer,115,,209,849,0,8,857,0,,,0,849,849,0,849
Nashik,,,Malegaon Outer,115,,210,547,0,3,550,0,,,0,547,547,0,547
Nashik,,,Malegaon Outer,115,,211,501,0,2,503,0,,,0,501,501,0,501
Nashik,,,Malegaon Outer,115,,212,710,0,3,713,0,,,0,710,710,0,710
Nashik,,,Malegaon Outer,115,,213,621,0,2,623,0,,,0,614,614,0,614
Nashik,,,Malegaon Outer,115,,214,689,0,4,693,0,,,0,689,689,0,689
Nashik,,,Malegaon Outer,115,,215,590,0,3,593,0,,,0,590,590,0,590
Nashik,,,Malegaon Outer,115,,216,695,0,1,696,0,,,0,695,695,0,695
Nashik,,,Malegaon Outer,115,,217,512,0,3,515,0,,,0,512,512,0,512
Nashik,,,Malegaon Outer,115,,218,808,0,6,814,0,,,0,808,808,0,808
Nashik,,,Malegaon Outer,115,,219,825,0,2,827,0,,,0,825,825,0,825
Nashik,,,Malegaon Outer,115,,220,523,0,2,525,0,,,0,523,523,0,523
Nashik,,,Malegaon Outer,115,,221,656,0,2,658,0,,,0,656,656,0,656
Nashik,,,Malegaon Outer,115,,222,791,0,0,791,0,,,0,791,791,0,791
Nashik,,,Malegaon Outer,115,,223,478,0,4,482,0,,,0,478,478,0,478
Nashik,,,Malegaon Outer,115,,224,685,0,4,689,0,,,0,684,684,0,684
Nashik,,,Malegaon Outer,115,,225,518,0,3,521,0,,,0,518,518,0,518
Nashik,,,Malegaon Outer,115,,226,641,0,2,643,0,,,0,641,641,0,641
Nashik,,,Malegaon Outer,115,,227,640,0,3,643,0,,,0,637,637,0,637
Nashik,,,Malegaon Outer,115,,228,571,0,0,571,0,,,0,571,571,0,571
Nashik,,,Malegaon Outer,115,,229,681,0,1,682,0,,,0,681,681,0,681
Nashik,,,Malegaon Outer,115,,230,866,0,2,868,0,,,0,866,866,0,866
Nashik,,,Malegaon Outer,115,,231,804,0,4,808,0,,,0,804,804,0,804
Nashik,,,Malegaon Outer,115,,232,440,0,0,440,0,,,0,440,440,0,440
Nashik,,,Malegaon Outer,115,,233,642,0,3,645,0,,,0,640,640,0,640
Nashik,,,Malegaon Outer,115,,234,711,0,1,712,0,,,0,711,711,0,711
Nashik,,,Malegaon Outer,115,,235,629,0,3,632,0,,,0,629,629,0,629
Nashik,,,Malegaon Outer,115,,236,595,0,0,595,0,,,0,597,597,0,597
Nashik,,,Malegaon Outer,115,,237,695,0,3,698,0,,,0,695,695,0,695
Nashik,,,Malegaon Outer,115,,238,752,0,3,755,0,,,0,751,751,0,751
Nashik,,,Malegaon Outer,115,,239,691,0,6,697,0,,,0,691,691,0,691
Nashik,,,Malegaon Outer,115,,240,564,0,4,568,0,,,0,564,564,0,564
Nashik,,,Malegaon Outer,115,,241,868,0,4,872,0,,,0,868,868,0,868
Nashik,,,Malegaon Outer,115,,242,805,0,20,825,0,,,0,805,805,0,805
Nashik,,,Malegaon Outer,115,,243,659,0,5,664,0,,,0,659,659,0,659
Nashik,,,Malegaon Outer,115,,244,759,0,0,759,0,,,0,759,759,0,759
Nashik,,,Malegaon Outer,115,,245,686,0,5,691,0,,,0,686,686,0,686
Nashik,,,Malegaon Outer,115,,246,526,0,7,533,0,,,0,526,526,0,526
Nashik,,,Malegaon Outer,115,,247,666,0,5,671,0,,,0,666,666,0,666
Nashik,,,Malegaon Outer,115,,248,575,0,1,576,0,,,0,575,575,0,575
Nashik,,,Malegaon Outer,115,,249,713,0,4,717,0,,,0,713,713,0,713
Nashik,,,Malegaon Outer,115,,250,745,0,3,748,0,,,0,745,745,0,745
Nashik,,,Malegaon Outer,115,,251,676,0,3,679,0,,,0,675,675,0,675
Nashik,,,Malegaon Outer,115,,252,502,0,1,503,0,,,0,503,503,0,503
Nashik,,,Malegaon Outer,115,,253,305,0,0,305,0,,,0,306,306,0,306
Nashik,,,Malegaon Outer,115,,254,797,0,4,801,0,,,0,797,797,0,797
Nashik,,,Malegaon Outer,115,,255,755,0,3,758,0,,,0,755,755,0,755
Nashik,,,Malegaon Outer,115,,256,633,0,6,639,0,,,0,633,633,0,633
Nashik,,,Malegaon Outer,115,,257,594,0,5,599,0,,,0,597,597,0,597
Nashik,,,Malegaon Outer,115,,258,782,0,3,785,0,,,0,782,782,0,782
Nashik,,,Malegaon Outer,115,,259,727,0,6,733,0,,,0,727,727,0,727
Nashik,,,Malegaon Outer,115,,260,830,0,2,832,0,,,0,830,830,0,830
Nashik,,,Malegaon Outer,115,,261,894,0,2,896,0,,,0,894,894,0,894
Nashik,,,Malegaon Outer,115,,262,384,0,4,388,0,,,0,379,379,0,379
Nashik,,,Malegaon Outer,115,,263,763,0,3,766,0,,,0,763,763,0,763
Nashik,,,Malegaon Outer,115,,264,621,0,1,622,0,,,0,621,621,0,621
Nashik,,,Malegaon Outer,115,,265,570,0,7,577,0,,,0,571,571,0,571
Nashik,,,Malegaon Outer,115,,266,797,0,10,807,0,,,0,797,797,0,797
Nashik,,,Malegaon Outer,115,,267,453,0,1,454,0,,,0,453,453,0,453
Nashik,,,Malegaon Outer,115,,268,589,0,2,591,0,,,0,588,588,0,588
Nashik,,,Malegaon Outer,115,,269,613,0,3,616,0,,,0,616,616,0,616
Nashik,,,Malegaon Outer,115,,270,617,0,5,622,0,,,0,617,617,0,617
Nashik,,,Malegaon Outer,115,,271,787,0,2,789,0,,,0,787,787,0,787
Nashik,,,Malegaon Outer,115,,272,877,0,3,880,0,,,0,877,877,0,877
Nashik,,,Malegaon Outer,115,,273,877,0,5,882,0,,,0,877,877,0,877
Nashik,,,Malegaon Outer,115,,274,761,0,5,766,0,,,0,761,761,0,761
Nashik,,,Malegaon Outer,115,,275,710,0,4,714,0,,,0,710,710,0,710
Nashik,,,Malegaon Outer,115,,276,689,0,3,692,0,,,0,689,689,0,689
Nashik,,,Malegaon Outer,115,,277,717,0,9,726,0,,,0,720,720,0,720
Nashik,,,Malegaon Outer,115,,278,688,0,4,692,0,,,0,687,687,0,687
Nashik,,,Malegaon Outer,115,,279,486,0,5,491,0,,,0,486,486,0,486
Nashik,,,Malegaon Outer,115,,280,670,0,4,674,0,,,0,671,671,0,671
Nashik,,,Malegaon Outer,115,,281,559,0,7,566,0,,,0,559,559,0,559
Nashik,,,Malegaon Outer,115,,282,801,0,5,806,0,,,0,802,802,0,802
Nashik,,,Malegaon Outer,115,,283,760,0,5,765,0,,,0,760,760,0,760
Nashik,,,Malegaon Outer,115,,284,688,0,7,695,0,,,0,688,688,0,688
Nashik,,,Malegaon Outer,115,,285,784,0,4,788,0,,,0,784,784,0,784
Nashik,,,Malegaon Outer,115,,286,672,0,3,675,0,,,0,668,668,0,668
Nashik,,,Malegaon Outer,115,,287,895,0,3,898,0,,,0,895,895,0,895
Nashik,,,Malegaon Outer,115,,288,684,0,2,686,0,,,0,684,684,0,684
Nashik,,,Malegaon Outer,115,,289,674,0,1,675,0,,,0,673,673,0,673
Nashik,,,Malegaon Outer,115,,290,653,0,6,659,0,,,0,653,653,0,653
Nashik,,,Malegaon Outer,115,,291,837,0,5,842,0,,,0,837,837,0,837
Nashik,,,Malegaon Outer,115,,292,869,0,9,878,0,,,0,869,869,0,869
Nashik,,,Malegaon Outer,115,,293,953,0,5,958,0,,,0,953,953,0,953
Nashik,,,Malegaon Outer,115,,294,657,0,3,660,0,,,0,657,657,0,657
Nashik,,,Malegaon Outer,115,,295,901,0,8,909,0,,,0,901,901,0,901
Nashik,,,Malegaon Outer,115,,296,727,0,8,735,0,,,0,727,727,0,727
Nashik,,,Malegaon Outer,115,,297,486,0,2,488,0,,,0,487,487,0,487
Nashik,,,Malegaon Outer,115,,298,693,0,4,697,0,,,0,393,393,0,393
Nashik,,,Malegaon Outer,115,,299,649,0,3,652,0,,,0,649,649,0,649
Nashik,,,Malegaon Outer,115,,300,868,0,3,871,0,,,0,868,868,0,868
Nashik,,,Malegaon Outer,115,,301,544,0,8,552,0,,,0,544,544,0,544
Nashik,,,Malegaon Outer,115,,302,852,0,10,862,0,,,0,856,856,0,856
Nashik,,,Malegaon Outer,115,,303,799,0,3,802,0,,,0,799,799,0,799
Nashik,,,Malegaon Outer,115,,304,698,0,4,702,0,,,0,699,699,0,699
Nashik,,,Malegaon Outer,115,,305,650,0,1,651,0,,,0,650,650,0,650
Nashik,,,Malegaon Outer,115,,306,869,0,2,871,0,,,0,869,869,0,869
Nashik,,,Malegaon Outer,115,,307,733,0,6,739,0,,,0,733,733,0,733
Nashik,,,Malegaon Outer,115,,308,625,0,3,628,0,,,0,625,625,0,625
Nashik,,,Malegaon Outer,115,,309,566,0,4,570,0,,,0,566,566,0,566
Nashik,,,Malegaon Outer,115,,310,848,0,3,851,0,,,0,848,848,0,848
Nashik,,,Malegaon Outer,115,,311,1040,0,1,1041,0,,,0,1040,1040,0,1040
Nashik,,,Malegaon Outer,115,,312,1058,0,2,1060,0,,,0,1058,1058,0,1058
Nashik,,,Malegaon Outer,115,,313,943,0,11,954,0,,,0,943,943,0,943
Nashik,,,Malegaon Outer,115,,314,673,0,2,675,0,,,0,675,675,0,675
Nashik,,,Malegaon Outer,115,,315,792,0,5,797,0,,,0,792,792,0,792
Nashik,,,Malegaon Outer,115,,316,771,0,9,780,0,,,0,771,771,0,771
Nashik,,,Malegaon Outer,115,,317,810,0,3,813,0,,,0,808,808,0,808
Nashik,,,Malegaon Outer,115,,318,913,0,6,919,0,,,0,913,913,0,913
Nashik,,,Malegaon Outer,115,,319,1086,0,7,1093,0,,,0,1086,1086,0,1086
Nashik,,,Malegaon Outer,115,,320,1007,0,9,1016,0,,,0,1007,1007,0,1007
Nashik,,,Malegaon Outer,115,,321,1030,0,1,1031,0,,,0,1030,1030,0,1030
TOTAL,,,,,,,231618,0,1377,232995,0,,,0,231329,231329,0,231329
