District Name,District No,Jilha,Constituency Name,Constituency No,Total No. of Electors,Serial Poll,Total No. Valid Votes,No. of Rejected Votes,NOTA,Total,No. of Tendered Votes,Elected Person Name,Party Name of Elected Person,No. of Valid Votes Cast in Favour of Elected Person,Other Candidate Votes,Total EVM Votes,Total Postal ballot votes,Total Votes Polled
Mumbai Suburban,,,VANDRE WEST,177,,1,425,0,6,431,0,,,0,425,425,0,425
Mumbai Suburban,,,VANDRE WEST,177,,2,341,0,2,343,0,,,0,339,339,0,339
Mumbai Suburban,,,VANDRE WEST,177,,3,512,0,0,512,0,,,0,511,511,0,511
Mumbai Suburban,,,VANDRE WEST,177,,4,623,0,2,625,0,,,0,622,622,0,622
Mumbai Suburban,,,VANDRE WEST,177,,5,499,0,0,499,0,,,0,499,499,0,499
Mumbai Suburban,,,VANDRE WEST,177,,6,273,0,7,280,0,,,0,272,272,0,272
Mumbai Suburban,,,VANDRE WEST,177,,7,590,1,9,601,0,,,0,589,589,0,589
Mumbai Suburban,,,VANDRE WEST,177,,8,619,0,9,628,0,,,0,618,618,0,618
Mumbai Suburban,,,VANDRE WEST,177,,9,502,0,6,508,0,,,0,502,502,0,502
Mumbai Suburban,,,VANDRE WEST,177,,10,657,0,10,667,0,,,0,657,657,0,657
Mumbai Suburban,,,VANDRE WEST,177,,11,533,0,2,535,0,,,0,533,533,0,533
Mumbai Suburban,,,VANDRE WEST,177,,12,453,0,1,454,0,,,0,453,453,0,453
Mumbai Suburban,,,VANDRE WEST,177,,13,600,0,9,609,0,,,0,599,599,0,599
Mumbai Suburban,,,VANDRE WEST,177,,14,506,0,10,516,0,,,0,506,506,0,506
Mumbai Suburban,,,VANDRE WEST,177,,15,367,0,0,367,0,,,0,367,367,0,367
Mumbai Suburban,,,VANDRE WEST,177,,16,596,0,1,597,0,,,0,595,595,0,595
Mumbai Suburban,,,VANDRE WEST,177,,17,435,0,9,444,0,,,0,435,435,0,435
Mumbai Suburban,,,VANDRE WEST,177,,18,510,0,5,515,0,,,0,510,510,0,510
Mumbai Suburban,,,VANDRE WEST,177,,19,530,1,3,534,0,,,0,529,529,0,529
Mumbai Suburban,,,VANDRE WEST,177,,20,249,0,5,254,0,,,0,249,249,0,249
Mumbai Suburban,,,VANDRE WEST,177,,21,502,0,9,511,0,,,0,501,501,0,501
Mumbai Suburban,,,VANDRE WEST,177,,22,436,0,3,439,0,,,0,436,436,0,436
Mumbai Suburban,,,VANDRE WEST,177,,23,394,0,5,399,0,,,0,394,394,0,394
Mumbai Suburban,,,VANDRE WEST,177,,24,684,0,9,693,0,,,0,684,684,0,684
Mumbai Suburban,,,VANDRE WEST,177,,25,304,0,10,314,0,,,0,304,304,0,304
Mumbai Suburban,,,VANDRE WEST,177,,26,535,0,4,539,0,,,0,535,535,0,535
Mumbai Suburban,,,VANDRE WEST,177,,27,550,0,2,552,0,,,0,550,550,0,550
Mumbai Suburban,,,VANDRE WEST,177,,28,574,0,10,584,0,,,0,574,574,0,574
Mumbai Suburban,,,VANDRE WEST,177,,29,527,0,2,529,0,,,0,527,527,0,527
Mumbai Suburban,,,VANDRE WEST,177,,30,435,0,4,439,0,,,0,156,156,0,156
Mumbai Suburban,,,VANDRE WEST,177,,31,494,0,6,500,0,,,0,235,235,0,235
Mumbai Suburban,,,VANDRE WEST,177,,32,486,0,3,489,0,,,0,280,280,0,280
Mumbai Suburban,,,VANDRE WEST,177,,33,493,0,5,498,0,,,0,130,130,0,130
Mumbai Suburban,,,VANDRE WEST,177,,34,439,0,3,442,0,,,0,156,156,0,156
Mumbai Suburban,,,VANDRE WEST,177,,35,709,0,12,721,0,,,0,226,226,0,226
Mumbai Suburban,,,VANDRE WEST,177,,36,566,0,16,584,0,,,0,161,161,0,161
Mumbai Suburban,,,VANDRE WEST,177,,37,741,0,12,753,0,,,0,225,225,0,225
Mumbai Suburban,,,VANDRE WEST,177,,38,519,0,14,533,0,,,0,161,161,0,161
Mumbai Suburban,,,VANDRE WEST,177,,39,622,0,6,628,0,,,0,180,180,0,180
Mumbai Suburban,,,VANDRE WEST,177,,40,674,0,11,685,0,,,0,175,175,0,175
Mumbai Suburban,,,VANDRE WEST,177,,41,618,0,10,628,0,,,0,255,255,0,255
Mumbai Suburban,,,VANDRE WEST,177,,42,534,0,10,544,0,,,0,119,119,0,119
Mumbai Suburban,,,VANDRE WEST,177,,43,640,0,10,650,0,,,0,189,189,0,189
Mumbai Suburban,,,VANDRE WEST,177,,44,548,0,14,562,0,,,0,102,102,0,102
Mumbai Suburban,,,VANDRE WEST,177,,45,479,0,8,487,0,,,0,276,276,0,276
Mumbai Suburban,,,VANDRE WEST,177,,46,483,0,2,485,0,,,0,33,33,0,33
Mumbai Suburban,,,VANDRE WEST,177,,47,373,0,3,376,0,,,0,38,38,0,38
Mumbai Suburban,,,VANDRE WEST,177,,48,516,0,4,520,0,,,0,260,260,0,260
Mumbai Suburban,,,VANDRE WEST,177,,49,472,0,5,477,0,,,0,138,138,0,138
Mumbai Suburban,,,VANDRE WEST,177,,50,590,0,5,595,0,,,0,328,328,0,328
Mumbai Suburban,,,VANDRE WEST,177,,51,585,0,4,589,0,,,0,113,113,0,113
Mumbai Suburban,,,VANDRE WEST,177,,52,753,0,8,761,0,,,0,264,264,0,264
Mumbai Suburban,,,VANDRE WEST,177,,53,526,0,7,533,0,,,0,50,50,0,50
Mumbai Suburban,,,VANDRE WEST,177,,54,616,0,7,623,0,,,0,68,68,0,68
Mumbai Suburban,,,VANDRE WEST,177,,55,301,0,4,305,0,,,0,51,51,0,51
Mumbai Suburban,,,VANDRE WEST,177,,56,487,0,6,493,0,,,0,167,167,0,167
Mumbai Suburban,,,VANDRE WEST,177,,57,487,0,6,493,0,,,0,178,178,0,178
Mumbai Suburban,,,VANDRE WEST,177,,59,449,7,0,456,0,,,0,449,449,0,449
Mumbai Suburban,,,VANDRE WEST,177,,60,414,7,0,421,0,,,0,414,414,0,414
Mumbai Suburban,,,VANDRE WEST,177,,61,311,7,0,318,0,,,0,311,311,0,311
Mumbai Suburban,,,VANDRE WEST,177,,62,616,9,0,625,0,,,0,616,616,0,616
Mumbai Suburban,,,VANDRE WEST,177,,63,653,7,0,660,0,,,0,653,653,0,653
Mumbai Suburban,,,VANDRE WEST,177,,64,648,15,0,663,0,,,0,653,653,0,653
Mumbai Suburban,,,VANDRE WEST,177,,65,718,7,0,725,0,,,0,718,718,0,718
Mumbai Suburban,,,VANDRE WEST,177,,66,498,4,0,502,0,,,0,498,498,0,498
Mumbai Suburban,,,VANDRE WEST,177,,67,544,13,0,559,0,,,0,544,544,0,544
Mumbai Suburban,,,VANDRE WEST,177,,68,502,4,0,506,0,,,0,502,502,0,502
Mumbai Suburban,,,VANDRE WEST,177,,69,564,13,0,571,0,,,0,564,564,0,564
Mumbai Suburban,,,VANDRE WEST,177,,70,640,6,0,647,0,,,0,640,640,0,640
Mumbai Suburban,,,VANDRE WEST,177,,71,584,5,0,589,0,,,0,584,584,0,584
Mumbai Suburban,,,VANDRE WEST,177,,72,634,6,0,640,0,,,0,634,634,0,634
Mumbai Suburban,,,VANDRE WEST,177,,73,654,6,0,660,0,,,0,654,654,0,654
Mumbai Suburban,,,VANDRE WEST,177,,74,613,13,0,627,0,,,0,613,613,0,613
Mumbai Suburban,,,VANDRE WEST,177,,75,444,7,0,451,0,,,0,444,444,0,444
Mumbai Suburban,,,VANDRE WEST,177,,76,516,5,0,521,0,,,0,516,516,0,516
Mumbai Suburban,,,VANDRE WEST,177,,77,516,10,0,526,0,,,0,516,516,0,516
Mumbai Suburban,,,VANDRE WEST,177,,78,751,18,0,769,0,,,0,712,712,0,712
Mumbai Suburban,,,VANDRE WEST,177,,79,584,7,0,591,0,,,0,752,752,0,752
Mumbai Suburban,,,VANDRE WEST,177,,80,509,7,0,516,0,,,0,509,509,0,509
Mumbai Suburban,,,VANDRE WEST,177,,81,580,6,0,586,0,,,0,580,580,0,580
Mumbai Suburban,,,VANDRE WEST,177,,82,556,6,0,562,0,,,0,556,556,0,556
Mumbai Suburban,,,VANDRE WEST,177,,83,522,11,0,533,0,,,0,521,521,0,521
Mumbai Suburban,,,VANDRE WEST,177,,84,723,7,0,730,0,,,0,723,723,0,723
Mumbai Suburban,,,VANDRE WEST,177,,85,664,4,0,674,0,,,0,664,664,0,664
Mumbai Suburban,,,VANDRE WEST,177,,86,404,4,0,408,0,,,0,404,404,0,404
Mumbai Suburban,,,VANDRE WEST,177,,87,702,11,0,713,0,,,0,702,702,0,702
Mumbai Suburban,,,VANDRE WEST,177,,88,704,0,14,718,0,,,0,705,705,0,705
Mumbai Suburban,,,VANDRE WEST,177,,89,618,0,9,627,0,,,0,618,618,0,618
Mumbai Suburban,,,VANDRE WEST,177,,90,620,0,13,633,0,,,0,618,618,0,618
Mumbai Suburban,,,VANDRE WEST,177,,91,635,0,11,646,0,,,0,635,635,0,635
Mumbai Suburban,,,VANDRE WEST,177,,92,797,0,12,809,0,,,0,799,799,0,799
Mumbai Suburban,,,VANDRE WEST,177,,93,722,0,9,731,0,,,0,721,721,0,721
Mumbai Suburban,,,VANDRE WEST,177,,94,664,0,20,684,0,,,0,668,668,0,668
Mumbai Suburban,,,VANDRE WEST,177,,95,716,0,10,726,0,,,0,710,710,0,710
Mumbai Suburban,,,VANDRE WEST,177,,96,544,0,10,554,0,,,0,552,552,0,552
Mumbai Suburban,,,VANDRE WEST,177,,97,565,0,10,575,0,,,0,565,565,0,565
Mumbai Suburban,,,VANDRE WEST,177,,98,482,0,15,493,0,,,0,486,486,0,486
Mumbai Suburban,,,VANDRE WEST,177,,99,589,1,18,606,0,,,0,598,598,0,598
Mumbai Suburban,,,VANDRE WEST,177,,100,774,0,12,793,0,,,0,774,774,0,774
Mumbai Suburban,,,VANDRE WEST,177,,101,621,0,12,633,0,,,0,623,623,0,623
Mumbai Suburban,,,VANDRE WEST,177,,102,681,0,17,698,0,,,0,681,681,0,681
Mumbai Suburban,,,VANDRE WEST,177,,103,490,0,12,502,0,,,0,492,492,0,492
Mumbai Suburban,,,VANDRE WEST,177,,104,756,0,7,763,0,,,0,756,756,0,756
Mumbai Suburban,,,VANDRE WEST,177,,105,624,0,12,636,0,,,0,627,627,0,627
Mumbai Suburban,,,VANDRE WEST,177,,106,586,0,9,595,0,,,0,586,586,0,586
Mumbai Suburban,,,VANDRE WEST,177,,107,581,0,13,594,0,,,0,581,581,0,581
Mumbai Suburban,,,VANDRE WEST,177,,108,537,0,4,541,0,,,0,537,537,0,537
Mumbai Suburban,,,VANDRE WEST,177,,109,637,0,11,648,0,,,0,637,637,0,637
Mumbai Suburban,,,VANDRE WEST,177,,110,578,1,5,584,0,,,0,578,578,0,578
Mumbai Suburban,,,VANDRE WEST,177,,111,634,0,8,642,0,,,0,634,634,0,634
Mumbai Suburban,,,VANDRE WEST,177,,112,730,0,3,733,0,,,0,730,730,0,730
Mumbai Suburban,,,VANDRE WEST,177,,113,507,0,2,509,0,,,0,507,507,0,507
Mumbai Suburban,,,VANDRE WEST,177,,114,415,0,7,422,0,,,0,416,416,0,416
Mumbai Suburban,,,VANDRE WEST,177,,115,420,0,2,422,0,,,0,424,424,0,424
Mumbai Suburban,,,VANDRE WEST,177,,116,598,0,8,606,0,,,0,599,599,0,599
Mumbai Suburban,,,VANDRE WEST,177,,117,648,7,0,655,0,,,0,672,672,0,672
Mumbai Suburban,,,VANDRE WEST,177,,118,707,9,0,716,0,,,0,742,742,0,742
Mumbai Suburban,,,VANDRE WEST,177,,119,771,7,0,778,0,,,0,779,779,0,779
Mumbai Suburban,,,VANDRE WEST,177,,120,746,10,0,756,0,,,0,742,742,0,742
Mumbai Suburban,,,VANDRE WEST,177,,121,626,5,0,631,0,,,0,606,606,0,606
Mumbai Suburban,,,VANDRE WEST,177,,122,496,8,0,504,0,,,0,492,492,0,492
Mumbai Suburban,,,VANDRE WEST,177,,123,702,8,0,710,0,,,0,703,703,0,703
Mumbai Suburban,,,VANDRE WEST,177,,124,725,14,0,739,0,,,0,725,725,0,725
Mumbai Suburban,,,VANDRE WEST,177,,125,677,3,0,680,0,,,0,677,677,0,677
Mumbai Suburban,,,VANDRE WEST,177,,126,588,9,1,598,0,,,0,588,588,0,588
Mumbai Suburban,,,VANDRE WEST,177,,127,542,11,0,543,0,,,0,542,542,0,542
Mumbai Suburban,,,VANDRE WEST,177,,128,669,9,0,680,0,,,0,669,669,0,669
Mumbai Suburban,,,VANDRE WEST,177,,129,375,11,0,388,0,,,0,375,375,0,375
Mumbai Suburban,,,VANDRE WEST,177,,130,741,6,0,750,0,,,0,741,741,0,741
Mumbai Suburban,,,VANDRE WEST,177,,131,509,5,0,527,0,,,0,509,509,0,509
Mumbai Suburban,,,VANDRE WEST,177,,132,624,5,0,624,0,,,0,624,624,0,624
Mumbai Suburban,,,VANDRE WEST,177,,133,640,4,0,644,0,,,0,640,640,0,640
Mumbai Suburban,,,VANDRE WEST,177,,134,687,10,0,695,0,,,0,687,687,0,687
Mumbai Suburban,,,VANDRE WEST,177,,135,715,4,0,717,0,,,0,715,715,0,715
Mumbai Suburban,,,VANDRE WEST,177,,136,499,7,0,504,0,,,0,499,499,0,499
Mumbai Suburban,,,VANDRE WEST,177,,137,674,13,0,688,0,,,0,674,674,0,674
Mumbai Suburban,,,VANDRE WEST,177,,138,635,9,0,639,0,,,0,643,643,0,643
Mumbai Suburban,,,VANDRE WEST,177,,139,473,7,0,483,0,,,0,473,473,0,473
Mumbai Suburban,,,VANDRE WEST,177,,140,662,13,0,686,0,,,0,662,662,0,662
Mumbai Suburban,,,VANDRE WEST,177,,141,351,2,0,354,0,,,0,351,351,0,351
Mumbai Suburban,,,VANDRE WEST,177,,142,399,7,0,404,0,,,0,399,399,0,399
Mumbai Suburban,,,VANDRE WEST,177,,143,609,6,0,616,0,,,0,609,609,0,609
Mumbai Suburban,,,VANDRE WEST,177,,144,525,6,0,530,0,,,0,525,525,0,525
Mumbai Suburban,,,VANDRE WEST,177,,145,379,6,0,385,0,,,0,379,379,0,379
Mumbai Suburban,,,VANDRE WEST,177,,146,662,0,8,670,0,,,0,660,660,0,660
Mumbai Suburban,,,VANDRE WEST,177,,147,551,0,6,557,0,,,0,553,553,0,553
Mumbai Suburban,,,VANDRE WEST,177,,148,529,0,4,533,0,,,0,526,526,0,526
Mumbai Suburban,,,VANDRE WEST,177,,149,444,0,7,451,0,,,0,445,445,0,445
Mumbai Suburban,,,VANDRE WEST,177,,150,569,0,7,576,0,,,0,564,564,0,564
Mumbai Suburban,,,VANDRE WEST,177,,151,461,0,2,463,0,,,0,462,462,0,462
Mumbai Suburban,,,VANDRE WEST,177,,152,403,0,10,413,0,,,0,403,403,0,403
Mumbai Suburban,,,VANDRE WEST,177,,153,402,0,4,406,0,,,0,403,403,0,403
Mumbai Suburban,,,VANDRE WEST,177,,154,568,0,4,572,0,,,0,568,568,0,568
Mumbai Suburban,,,VANDRE WEST,177,,155,582,0,7,589,0,,,0,582,582,0,582
Mumbai Suburban,,,VANDRE WEST,177,,156,520,0,4,524,0,,,0,518,518,0,518
Mumbai Suburban,,,VANDRE WEST,177,,157,350,0,2,352,0,,,0,349,349,0,349
Mumbai Suburban,,,VANDRE WEST,177,,158,565,0,4,574,0,,,0,566,566,0,566
Mumbai Suburban,,,VANDRE WEST,177,,159,633,0,8,638,0,,,0,633,633,0,633
Mumbai Suburban,,,VANDRE WEST,177,,160,617,0,4,621,0,,,0,617,617,0,617
Mumbai Suburban,,,VANDRE WEST,177,,161,543,0,14,558,0,,,0,543,543,0,543
Mumbai Suburban,,,VANDRE WEST,177,,162,550,0,5,555,0,,,0,549,549,0,549
Mumbai Suburban,,,VANDRE WEST,177,,163,479,0,9,488,0,,,0,481,481,0,481
Mumbai Suburban,,,VANDRE WEST,177,,164,537,0,5,542,0,,,0,531,531,0,531
Mumbai Suburban,,,VANDRE WEST,177,,165,298,0,4,292,0,,,0,306,306,0,306
Mumbai Suburban,,,VANDRE WEST,177,,166,387,0,9,396,0,,,0,386,386,0,386
Mumbai Suburban,,,VANDRE WEST,177,,167,478,0,6,484,0,,,0,479,479,0,479
Mumbai Suburban,,,VANDRE WEST,177,,168,384,1,4,388,0,,,0,382,382,0,382
Mumbai Suburban,,,VANDRE WEST,177,,169,465,0,3,468,0,,,0,466,466,0,466
Mumbai Suburban,,,VANDRE WEST,177,,170,437,0,5,442,0,,,0,433,433,0,433
Mumbai Suburban,,,VANDRE WEST,177,,171,485,0,8,493,0,,,0,488,488,0,488
Mumbai Suburban,,,VANDRE WEST,177,,172,640,0,6,646,0,,,0,639,639,0,639
Mumbai Suburban,,,VANDRE WEST,177,,173,454,1,2,466,0,,,0,455,455,0,455
Mumbai Suburban,,,VANDRE WEST,177,,174,496,0,5,501,0,,,0,505,505,0,505
Mumbai Suburban,,,VANDRE WEST,177,,175,501,0,6,507,0,,,0,228,228,0,228
Mumbai Suburban,,,VANDRE WEST,177,,176,475,0,6,481,0,,,0,222,222,0,222
Mumbai Suburban,,,VANDRE WEST,177,,177,466,0,6,472,0,,,0,255,255,0,255
Mumbai Suburban,,,VANDRE WEST,177,,178,518,0,9,527,0,,,0,222,222,0,222
Mumbai Suburban,,,VANDRE WEST,177,,179,484,0,0,484,0,,,0,154,154,0,154
Mumbai Suburban,,,VANDRE WEST,177,,180,527,0,6,533,0,,,0,307,307,0,307
Mumbai Suburban,,,VANDRE WEST,177,,181,642,0,8,650,0,,,0,256,256,0,256
Mumbai Suburban,,,VANDRE WEST,177,,182,633,0,6,639,0,,,0,176,176,0,176
Mumbai Suburban,,,VANDRE WEST,177,,183,392,0,10,402,0,,,0,377,377,0,377
Mumbai Suburban,,,VANDRE WEST,177,,184,480,0,3,483,0,,,0,122,122,0,122
Mumbai Suburban,,,VANDRE WEST,177,,185,324,0,1,325,0,,,0,212,212,0,212
Mumbai Suburban,,,VANDRE WEST,177,,186,634,0,2,636,0,,,0,299,299,0,299
Mumbai Suburban,,,VANDRE WEST,177,,187,498,0,8,506,0,,,0,289,289,0,289
Mumbai Suburban,,,VANDRE WEST,177,,188,573,0,7,580,0,,,0,226,226,0,226
Mumbai Suburban,,,VANDRE WEST,177,,189,449,0,5,454,0,,,0,496,496,0,496
Mumbai Suburban,,,VANDRE WEST,177,,190,491,0,8,499,0,,,0,380,380,0,380
Mumbai Suburban,,,VANDRE WEST,177,,191,608,0,6,614,0,,,0,285,285,0,285
Mumbai Suburban,,,VANDRE WEST,177,,192,541,0,1,542,0,,,0,255,255,0,255
Mumbai Suburban,,,VANDRE WEST,177,,193,513,0,7,520,0,,,0,344,344,0,344
Mumbai Suburban,,,VANDRE WEST,177,,194,417,0,2,419,0,,,0,378,378,0,378
Mumbai Suburban,,,VANDRE WEST,177,,195,474,0,7,481,0,,,0,304,304,0,304
Mumbai Suburban,,,VANDRE WEST,177,,196,584,0,4,588,0,,,0,356,356,0,356
Mumbai Suburban,,,VANDRE WEST,177,,197,589,0,4,593,0,,,0,244,244,0,244
Mumbai Suburban,,,VANDRE WEST,177,,198,476,0,5,481,0,,,0,282,282,0,282
Mumbai Suburban,,,VANDRE WEST,177,,199,579,0,9,588,0,,,0,378,378,0,378
Mumbai Suburban,,,VANDRE WEST,177,,200,564,0,1,565,0,,,0,380,380,0,380
Mumbai Suburban,,,VANDRE WEST,177,,201,479,0,4,480,0,,,0,318,318,0,318
Mumbai Suburban,,,VANDRE WEST,177,,202,544,0,6,550,0,,,0,407,407,0,407
Mumbai Suburban,,,VANDRE WEST,177,,203,550,0,4,554,0,,,0,419,419,0,419
Mumbai Suburban,,,VANDRE WEST,177,,204,459,0,2,461,0,,,0,459,459,0,459
Mumbai Suburban,,,VANDRE WEST,177,,205,377,1,3,381,0,,,0,377,377,0,377
Mumbai Suburban,,,VANDRE WEST,177,,206,486,0,6,492,0,,,0,486,486,0,486
Mumbai Suburban,,,VANDRE WEST,177,,207,538,0,5,542,0,,,0,538,538,0,538
Mumbai Suburban,,,VANDRE WEST,177,,208,400,0,6,406,0,,,0,400,400,0,400
Mumbai Suburban,,,VANDRE WEST,177,,209,621,0,6,627,0,,,0,621,621,0,621
Mumbai Suburban,,,VANDRE WEST,177,,210,627,0,2,629,0,,,0,627,627,0,627
Mumbai Suburban,,,VANDRE WEST,177,,211,471,0,3,474,0,,,0,471,471,0,471
Mumbai Suburban,,,VANDRE WEST,177,,212,625,0,7,632,0,,,0,625,625,0,625
Mumbai Suburban,,,VANDRE WEST,177,,213,679,1,6,686,0,,,0,679,679,0,679
Mumbai Suburban,,,VANDRE WEST,177,,214,400,0,4,404,0,,,0,400,400,0,400
Mumbai Suburban,,,VANDRE WEST,177,,215,522,0,4,526,0,,,0,522,522,0,522
Mumbai Suburban,,,VANDRE WEST,177,,216,642,0,4,646,0,,,0,642,642,0,642
Mumbai Suburban,,,VANDRE WEST,177,,217,643,0,1,644,0,,,0,643,643,0,643
Mumbai Suburban,,,VANDRE WEST,177,,218,454,0,4,458,0,,,0,454,454,0,454
Mumbai Suburban,,,VANDRE WEST,177,,219,547,0,0,547,0,,,0,547,547,0,547
Mumbai Suburban,,,VANDRE WEST,177,,220,521,0,2,523,0,,,0,521,521,0,521
Mumbai Suburban,,,VANDRE WEST,177,,221,538,0,2,540,0,,,0,541,541,0,541
Mumbai Suburban,,,VANDRE WEST,177,,222,409,0,2,411,0,,,0,409,409,0,409
Mumbai Suburban,,,VANDRE WEST,177,,223,482,0,4,486,0,,,0,482,482,0,482
Mumbai Suburban,,,VANDRE WEST,177,,224,438,0,0,438,0,,,0,438,438,0,438
Mumbai Suburban,,,VANDRE WEST,177,,225,546,0,5,551,0,,,0,546,546,0,546
Mumbai Suburban,,,VANDRE WEST,177,,226,596,0,5,601,0,,,0,596,596,0,596
Mumbai Suburban,,,VANDRE WEST,177,,227,402,0,5,407,0,,,0,402,402,0,402
Mumbai Suburban,,,VANDRE WEST,177,,228,319,0,0,319,0,,,0,319,319,0,319
Mumbai Suburban,,,VANDRE WEST,177,,229,419,0,1,420,0,,,0,419,419,0,419
Mumbai Suburban,,,VANDRE WEST,177,,230,694,0,3,697,0,,,0,694,694,0,694
Mumbai Suburban,,,VANDRE WEST,177,,231,482,0,2,484,0,,,0,482,482,0,482
Mumbai Suburban,,,VANDRE WEST,177,,232,597,0,3,600,0,,,0,597,597,0,597
TOTAL,,,,,,,125672,461,1065,127211,0,,,0,108974,108974,0,108974
