District Name,District No,Jilha,Constituency Name,Constituency No,Total No. of Electors,Serial Poll,Total No. Valid Votes,No. of Rejected Votes,NOTA,Total,No. of Tendered Votes,Elected Person Name,Party Name of Elected Person,No. of Valid Votes Cast in Favour of Elected Person,Other Candidate Votes,Total EVM Votes,Total Postal ballot votes,Total Votes Polled
Nagpur,,,नागपुर दक्षिण पश्चिम विधानसभा,52,,1,484,1,4,485,0,,,0,480,480,0,480
Nagpur,,,नागपुर दक्षिण पश्चिम विधानसभा,52,,2,539,0,4,543,0,,,0,535,535,0,535
Nagpur,,,नागपुर दक्षिण पश्चिम विधानसभा,52,,3,708,0,10,718,0,,,0,703,703,0,703
Nagpur,,,नागपुर दक्षिण पश्चिम विधानसभा,52,,4,678,0,6,684,0,,,0,678,678,0,678
Nagpur,,,नागपुर दक्षिण पश्चिम विधानसभा,52,,5,610,0,8,618,0,,,0,610,610,0,610
Nagpur,,,नागपुर दक्षिण पश्चिम विधानसभा,52,,6,586,1,1,587,0,,,0,586,586,0,586
Nagpur,,,नागपुर दक्षिण पश्चिम विधानसभा,52,,7,333,0,8,341,0,,,0,332,332,0,332
Nagpur,,,नागपुर दक्षिण पश्चिम विधानसभा,52,,8,442,0,7,449,0,,,0,443,443,0,443
Nagpur,,,नागपुर दक्षिण पश्चिम विधानसभा,52,,9,588,0,7,595,0,,,0,588,588,0,588
Nagpur,,,नागपुर दक्षिण पश्चिम विधानसभा,52,,10,469,0,9,478,0,,,0,484,484,0,484
Nagpur,,,नागपुर दक्षिण पश्चिम विधानसभा,52,,11,601,0,8,609,0,,,0,585,585,0,585
Nagpur,,,नागपुर दक्षिण पश्चिम विधानसभा,52,,12,440,0,5,445,0,,,0,440,440,0,440
Nagpur,,,नागपुर दक्षिण पश्चिम विधानसभा,52,,13,464,0,3,467,0,,,0,466,466,0,466
Nagpur,,,नागपुर दक्षिण पश्चिम विधानसभा,52,,14,369,1,0,370,0,,,0,376,376,0,376
Nagpur,,,नागपुर दक्षिण पश्चिम विधानसभा,52,,15,465,0,2,467,0,,,0,476,476,0,476
Nagpur,,,नागपुर दक्षिण पश्चिम विधानसभा,52,,16,450,0,2,452,0,,,0,456,456,0,456
Nagpur,,,नागपुर दक्षिण पश्चिम विधानसभा,52,,17,612,0,1,613,0,,,0,600,600,0,600
Nagpur,,,नागपुर दक्षिण पश्चिम विधानसभा,52,,18,526,0,7,533,0,,,0,506,506,0,506
Nagpur,,,नागपुर दक्षिण पश्चिम विधानसभा,52,,19,270,0,2,272,0,,,0,264,264,0,264
Nagpur,,,नागपुर दक्षिण पश्चिम विधानसभा,52,,20,581,0,3,584,0,,,0,579,579,0,579
Nagpur,,,नागपुर दक्षिण पश्चिम विधानसभा,52,,21,506,0,7,513,0,,,0,488,488,0,488
Nagpur,,,नागपुर दक्षिण पश्चिम विधानसभा,52,,22,516,0,8,524,0,,,0,520,520,0,520
Nagpur,,,नागपुर दक्षिण पश्चिम विधानसभा,52,,23,598,0,7,605,0,,,0,595,595,0,595
Nagpur,,,नागपुर दक्षिण पश्चिम विधानसभा,52,,24,460,0,6,466,0,,,0,459,459,0,459
Nagpur,,,नागपुर दक्षिण पश्चिम विधानसभा,52,,25,394,0,4,398,0,,,0,393,393,0,393
Nagpur,,,नागपुर दक्षिण पश्चिम विधानसभा,52,,26,587,0,10,597,0,,,0,587,587,0,587
Nagpur,,,नागपुर दक्षिण पश्चिम विधानसभा,52,,27,464,0,5,469,0,,,0,462,462,0,462
Nagpur,,,नागपुर दक्षिण पश्चिम विधानसभा,52,,28,609,0,5,614,0,,,0,609,609,0,609
Nagpur,,,नागपुर दक्षिण पश्चिम विधानसभा,52,,29,459,0,9,468,0,,,0,458,458,0,458
Nagpur,,,नागपुर दक्षिण पश्चिम विधानसभा,52,,30,511,0,7,518,0,,,0,508,508,0,508
Nagpur,,,नागपुर दक्षिण पश्चिम विधानसभा,52,,31,574,0,12,586,0,,,0,572,572,0,572
Nagpur,,,नागपुर दक्षिण पश्चिम विधानसभा,52,,32,652,0,11,663,0,,,0,650,650,0,650
Nagpur,,,नागपुर दक्षिण पश्चिम विधानसभा,52,,33,589,0,7,596,0,,,0,584,584,0,584
Nagpur,,,नागपुर दक्षिण पश्चिम विधानसभा,52,,34,554,0,12,566,0,,,0,558,558,0,558
Nagpur,,,नागपुर दक्षिण पश्चिम विधानसभा,52,,35,477,0,5,482,0,,,0,477,477,0,477
Nagpur,,,नागपुर दक्षिण पश्चिम विधानसभा,52,,36,543,0,1,544,0,,,0,543,543,0,543
Nagpur,,,नागपुर दक्षिण पश्चिम विधानसभा,52,,37,739,0,7,746,0,,,0,738,738,0,738
Nagpur,,,नागपुर दक्षिण पश्चिम विधानसभा,52,,39,406,0,5,411,0,,,0,406,406,0,406
Nagpur,,,नागपुर दक्षिण पश्चिम विधानसभा,52,,40,551,0,5,556,0,,,0,549,549,0,549
Nagpur,,,नागपुर दक्षिण पश्चिम विधानसभा,52,,41,360,0,2,362,0,,,0,360,360,0,360
Nagpur,,,नागपुर दक्षिण पश्चिम विधानसभा,52,,42,335,0,1,336,0,,,0,335,335,0,335
Nagpur,,,नागपुर दक्षिण पश्चिम विधानसभा,52,,43,571,0,0,571,0,,,0,571,571,0,571
Nagpur,,,नागपुर दक्षिण पश्चिम विधानसभा,52,,44,498,0,5,503,0,,,0,498,498,0,498
Nagpur,,,नागपुर दक्षिण पश्चिम विधानसभा,52,,45,433,0,1,434,0,,,0,433,433,0,433
Nagpur,,,नागपुर दक्षिण पश्चिम विधानसभा,52,,46,425,0,4,429,0,,,0,425,425,0,425
Nagpur,,,नागपुर दक्षिण पश्चिम विधानसभा,52,,47,466,0,4,470,0,,,0,466,466,0,466
Nagpur,,,नागपुर दक्षिण पश्चिम विधानसभा,52,,48,639,0,11,650,0,,,0,639,639,0,639
Nagpur,,,नागपुर दक्षिण पश्चिम विधानसभा,52,,49,680,0,8,688,0,,,0,806,806,0,806
Nagpur,,,नागपुर दक्षिण पश्चिम विधानसभा,52,,50,681,0,7,688,0,,,0,713,713,0,713
Nagpur,,,नागपुर दक्षिण पश्चिम विधानसभा,52,,51,867,0,1,868,0,,,0,910,910,0,910
Nagpur,,,नागपुर दक्षिण पश्चिम विधानसभा,52,,52,785,0,13,798,0,,,0,784,784,0,784
Nagpur,,,नागपुर दक्षिण पश्चिम विधानसभा,52,,53,356,0,4,360,0,,,0,382,382,0,382
Nagpur,,,नागपुर दक्षिण पश्चिम विधानसभा,52,,54,462,0,7,469,0,,,0,462,462,0,462
Nagpur,,,नागपुर दक्षिण पश्चिम विधानसभा,52,,55,545,0,7,552,0,,,0,545,545,0,545
Nagpur,,,नागपुर दक्षिण पश्चिम विधानसभा,52,,56,363,0,1,364,0,,,0,362,362,0,362
Nagpur,,,नागपुर दक्षिण पश्चिम विधानसभा,52,,57,377,0,4,381,0,,,0,377,377,0,377
Nagpur,,,नागपुर दक्षिण पश्चिम विधानसभा,52,,58,432,0,6,438,0,,,0,432,432,0,432
Nagpur,,,नागपुर दक्षिण पश्चिम विधानसभा,52,,59,367,0,2,369,0,,,0,367,367,0,367
Nagpur,,,नागपुर दक्षिण पश्चिम विधानसभा,52,,60,269,0,3,272,0,,,0,269,269,0,269
Nagpur,,,नागपुर दक्षिण पश्चिम विधानसभा,52,,61,613,0,10,623,0,,,0,613,613,0,613
Nagpur,,,नागपुर दक्षिण पश्चिम विधानसभा,52,,62,479,0,8,487,0,,,0,479,479,0,479
Nagpur,,,नागपुर दक्षिण पश्चिम विधानसभा,52,,63,383,0,9,392,0,,,0,383,383,0,383
Nagpur,,,नागपुर दक्षिण पश्चिम विधानसभा,52,,64,624,0,11,635,0,,,0,624,624,0,624
Nagpur,,,नागपुर दक्षिण पश्चिम विधानसभा,52,,65,483,0,3,486,0,,,0,483,483,0,483
Nagpur,,,नागपुर दक्षिण पश्चिम विधानसभा,52,,66,212,0,4,216,0,,,0,212,212,0,212
Nagpur,,,नागपुर दक्षिण पश्चिम विधानसभा,52,,67,323,0,4,327,0,,,0,323,323,0,323
Nagpur,,,नागपुर दक्षिण पश्चिम विधानसभा,52,,68,357,0,3,360,0,,,0,357,357,0,357
Nagpur,,,नागपुर दक्षिण पश्चिम विधानसभा,52,,69,444,0,9,453,0,,,0,444,444,0,444
Nagpur,,,नागपुर दक्षिण पश्चिम विधानसभा,52,,70,436,0,1,437,0,,,0,436,436,0,436
Nagpur,,,नागपुर दक्षिण पश्चिम विधानसभा,52,,71,739,0,5,744,0,,,0,740,740,0,740
Nagpur,,,नागपुर दक्षिण पश्चिम विधानसभा,52,,72,691,0,3,694,0,,,0,691,691,0,691
Nagpur,,,नागपुर दक्षिण पश्चिम विधानसभा,52,,73,615,0,7,622,0,,,0,615,615,0,615
Nagpur,,,नागपुर दक्षिण पश्चिम विधानसभा,52,,74,722,0,4,726,0,,,0,722,722,0,722
Nagpur,,,नागपुर दक्षिण पश्चिम विधानसभा,52,,75,718,0,5,723,0,,,0,718,718,0,718
Nagpur,,,नागपुर दक्षिण पश्चिम विधानसभा,52,,77,450,4,0,454,0,,,0,444,444,0,444
Nagpur,,,नागपुर दक्षिण पश्चिम विधानसभा,52,,78,500,4,0,504,0,,,0,507,507,0,507
Nagpur,,,नागपुर दक्षिण पश्चिम विधानसभा,52,,79,700,3,0,703,0,,,0,697,697,0,697
Nagpur,,,नागपुर दक्षिण पश्चिम विधानसभा,52,,80,605,5,0,610,0,,,0,599,599,0,599
Nagpur,,,नागपुर दक्षिण पश्चिम विधानसभा,52,,81,801,3,0,804,0,,,0,797,797,0,797
Nagpur,,,नागपुर दक्षिण पश्चिम विधानसभा,52,,82,683,7,0,690,0,,,0,673,673,0,673
Nagpur,,,नागपुर दक्षिण पश्चिम विधानसभा,52,,83,744,10,0,754,0,,,0,733,733,0,733
Nagpur,,,नागपुर दक्षिण पश्चिम विधानसभा,52,,84,769,7,0,776,0,,,0,762,762,0,762
Nagpur,,,नागपुर दक्षिण पश्चिम विधानसभा,52,,85,775,2,0,777,0,,,0,773,773,0,773
Nagpur,,,नागपुर दक्षिण पश्चिम विधानसभा,52,,86,758,6,0,764,0,,,0,751,751,0,751
Nagpur,,,नागपुर दक्षिण पश्चिम विधानसभा,52,,87,647,10,0,657,0,,,0,647,647,0,647
Nagpur,,,नागपुर दक्षिण पश्चिम विधानसभा,52,,88,675,5,0,680,0,,,0,682,682,0,682
Nagpur,,,नागपुर दक्षिण पश्चिम विधानसभा,52,,89,778,8,0,786,0,,,0,764,764,0,764
Nagpur,,,नागपुर दक्षिण पश्चिम विधानसभा,52,,90,618,9,0,627,0,,,0,601,601,0,601
Nagpur,,,नागपुर दक्षिण पश्चिम विधानसभा,52,,91,255,6,0,261,0,,,0,253,253,0,253
Nagpur,,,नागपुर दक्षिण पश्चिम विधानसभा,52,,92,644,8,0,652,0,,,0,642,642,0,642
Nagpur,,,नागपुर दक्षिण पश्चिम विधानसभा,52,,93,566,2,0,568,0,,,0,563,563,0,563
Nagpur,,,नागपुर दक्षिण पश्चिम विधानसभा,52,,94,606,3,0,609,0,,,0,670,670,0,670
Nagpur,,,नागपुर दक्षिण पश्चिम विधानसभा,52,,95,648,2,0,650,0,,,0,671,671,0,671
Nagpur,,,नागपुर दक्षिण पश्चिम विधानसभा,52,,96,790,1,0,791,0,,,0,800,800,0,800
Nagpur,,,नागपुर दक्षिण पश्चिम विधानसभा,52,,97,711,5,0,716,0,,,0,715,715,0,715
Nagpur,,,नागपुर दक्षिण पश्चिम विधानसभा,52,,98,706,5,0,711,0,,,0,687,687,0,687
Nagpur,,,नागपुर दक्षिण पश्चिम विधानसभा,52,,99,571,2,0,573,0,,,0,567,567,0,567
Nagpur,,,नागपुर दक्षिण पश्चिम विधानसभा,52,,100,249,6,0,255,0,,,0,243,243,0,243
Nagpur,,,नागपुर दक्षिण पश्चिम विधानसभा,52,,101,489,1,0,490,0,,,0,484,484,0,484
Nagpur,,,नागपुर दक्षिण पश्चिम विधानसभा,52,,102,405,1,0,406,0,,,0,372,372,0,372
Nagpur,,,नागपुर दक्षिण पश्चिम विधानसभा,52,,103,554,9,0,563,0,,,0,539,539,0,539
Nagpur,,,नागपुर दक्षिण पश्चिम विधानसभा,52,,104,597,3,0,600,0,,,0,584,584,0,584
Nagpur,,,नागपुर दक्षिण पश्चिम विधानसभा,52,,105,565,3,0,568,0,,,0,564,564,0,564
Nagpur,,,नागपुर दक्षिण पश्चिम विधानसभा,52,,106,490,7,0,497,0,,,0,487,487,0,487
Nagpur,,,नागपुर दक्षिण पश्चिम विधानसभा,52,,107,816,4,0,820,0,,,0,816,816,0,816
Nagpur,,,नागपुर दक्षिण पश्चिम विधानसभा,52,,108,571,2,0,573,0,,,0,567,567,0,567
Nagpur,,,नागपुर दक्षिण पश्चिम विधानसभा,52,,109,615,3,0,618,0,,,0,608,608,0,608
Nagpur,,,नागपुर दक्षिण पश्चिम विधानसभा,52,,110,706,5,0,711,0,,,0,701,701,0,701
Nagpur,,,नागपुर दक्षिण पश्चिम विधानसभा,52,,111,742,4,0,746,0,,,0,738,738,0,738
Nagpur,,,नागपुर दक्षिण पश्चिम विधानसभा,52,,112,729,12,0,741,0,,,0,716,716,0,716
Nagpur,,,नागपुर दक्षिण पश्चिम विधानसभा,52,,113,717,1,0,718,0,,,0,716,716,0,716
Nagpur,,,नागपुर दक्षिण पश्चिम विधानसभा,52,,114,758,11,0,769,0,,,0,747,747,0,747
Nagpur,,,नागपुर दक्षिण पश्चिम विधानसभा,52,,115,796,0,7,803,0,,,0,796,796,0,796
Nagpur,,,नागपुर दक्षिण पश्चिम विधानसभा,52,,116,661,0,4,665,0,,,0,661,661,0,661
Nagpur,,,नागपुर दक्षिण पश्चिम विधानसभा,52,,117,771,0,7,778,0,,,0,771,771,0,771
Nagpur,,,नागपुर दक्षिण पश्चिम विधानसभा,52,,118,827,0,5,832,0,,,0,827,827,0,827
Nagpur,,,नागपुर दक्षिण पश्चिम विधानसभा,52,,119,751,0,9,760,0,,,0,750,750,0,750
Nagpur,,,नागपुर दक्षिण पश्चिम विधानसभा,52,,120,805,0,4,809,0,,,0,810,810,0,810
Nagpur,,,नागपुर दक्षिण पश्चिम विधानसभा,52,,121,800,0,4,804,0,,,0,800,800,0,800
Nagpur,,,नागपुर दक्षिण पश्चिम विधानसभा,52,,122,351,0,1,352,0,,,0,350,350,0,350
Nagpur,,,नागपुर दक्षिण पश्चिम विधानसभा,52,,123,460,0,7,467,0,,,0,460,460,0,460
Nagpur,,,नागपुर दक्षिण पश्चिम विधानसभा,52,,124,747,0,3,750,0,,,0,747,747,0,747
Nagpur,,,नागपुर दक्षिण पश्चिम विधानसभा,52,,125,727,0,10,737,0,,,0,727,727,0,727
Nagpur,,,नागपुर दक्षिण पश्चिम विधानसभा,52,,126,702,0,6,708,0,,,0,702,702,0,702
Nagpur,,,नागपुर दक्षिण पश्चिम विधानसभा,52,,127,738,0,7,745,0,,,0,738,738,0,738
Nagpur,,,नागपुर दक्षिण पश्चिम विधानसभा,52,,128,453,0,6,459,0,,,0,453,453,0,453
Nagpur,,,नागपुर दक्षिण पश्चिम विधानसभा,52,,129,534,0,3,537,0,,,0,534,534,0,534
Nagpur,,,नागपुर दक्षिण पश्चिम विधानसभा,52,,130,760,0,4,764,0,,,0,761,761,0,761
Nagpur,,,नागपुर दक्षिण पश्चिम विधानसभा,52,,131,772,0,3,775,0,,,0,771,771,0,771
Nagpur,,,नागपुर दक्षिण पश्चिम विधानसभा,52,,132,759,0,3,762,0,,,0,753,753,0,753
Nagpur,,,नागपुर दक्षिण पश्चिम विधानसभा,52,,133,705,0,7,712,0,,,0,715,715,0,715
Nagpur,,,नागपुर दक्षिण पश्चिम विधानसभा,52,,134,699,0,6,705,0,,,0,694,694,0,694
Nagpur,,,नागपुर दक्षिण पश्चिम विधानसभा,52,,135,604,0,7,611,0,,,0,603,603,0,603
Nagpur,,,नागपुर दक्षिण पश्चिम विधानसभा,52,,136,440,0,3,443,0,,,0,439,439,0,439
Nagpur,,,नागपुर दक्षिण पश्चिम विधानसभा,52,,137,580,0,5,585,0,,,0,580,580,0,580
Nagpur,,,नागपुर दक्षिण पश्चिम विधानसभा,52,,138,692,0,9,701,0,,,0,692,692,0,692
Nagpur,,,नागपुर दक्षिण पश्चिम विधानसभा,52,,139,646,0,11,657,0,,,0,647,647,0,647
Nagpur,,,नागपुर दक्षिण पश्चिम विधानसभा,52,,140,630,0,6,636,0,,,0,630,630,0,630
Nagpur,,,नागपुर दक्षिण पश्चिम विधानसभा,52,,141,537,0,6,543,0,,,0,537,537,0,537
Nagpur,,,नागपुर दक्षिण पश्चिम विधानसभा,52,,142,169,0,0,169,0,,,0,169,169,0,169
Nagpur,,,नागपुर दक्षिण पश्चिम विधानसभा,52,,143,608,0,10,618,0,,,0,608,608,0,608
Nagpur,,,नागपुर दक्षिण पश्चिम विधानसभा,52,,144,450,0,6,456,0,,,0,450,450,0,450
Nagpur,,,नागपुर दक्षिण पश्चिम विधानसभा,52,,145,434,0,6,440,0,,,0,434,434,0,434
Nagpur,,,नागपुर दक्षिण पश्चिम विधानसभा,52,,146,237,0,2,239,0,,,0,237,237,0,237
Nagpur,,,नागपुर दक्षिण पश्चिम विधानसभा,52,,147,607,0,4,611,0,,,0,607,607,0,607
Nagpur,,,नागपुर दक्षिण पश्चिम विधानसभा,52,,148,794,0,6,800,0,,,0,798,798,0,798
Nagpur,,,नागपुर दक्षिण पश्चिम विधानसभा,52,,149,762,0,0,762,0,,,0,764,764,0,764
Nagpur,,,नागपुर दक्षिण पश्चिम विधानसभा,52,,150,598,0,1,599,0,,,0,598,598,0,598
Nagpur,,,नागपुर दक्षिण पश्चिम विधानसभा,52,,151,763,0,8,771,0,,,0,762,762,0,762
Nagpur,,,नागपुर दक्षिण पश्चिम विधानसभा,52,,153,452,0,2,454,0,,,0,445,445,0,445
Nagpur,,,नागपुर दक्षिण पश्चिम विधानसभा,52,,154,649,0,8,657,0,,,0,650,650,0,650
Nagpur,,,नागपुर दक्षिण पश्चिम विधानसभा,52,,155,448,0,1,449,0,,,0,429,429,0,429
Nagpur,,,नागपुर दक्षिण पश्चिम विधानसभा,52,,156,272,0,0,272,0,,,0,271,271,0,271
Nagpur,,,नागपुर दक्षिण पश्चिम विधानसभा,52,,157,399,0,0,399,0,,,0,397,397,0,397
Nagpur,,,नागपुर दक्षिण पश्चिम विधानसभा,52,,158,276,0,5,281,0,,,0,268,268,0,268
Nagpur,,,नागपुर दक्षिण पश्चिम विधानसभा,52,,159,284,0,0,284,0,,,0,283,283,0,283
Nagpur,,,नागपुर दक्षिण पश्चिम विधानसभा,52,,160,372,0,0,372,0,,,0,371,371,0,371
Nagpur,,,नागपुर दक्षिण पश्चिम विधानसभा,52,,161,250,0,2,252,0,,,0,249,249,0,249
Nagpur,,,नागपुर दक्षिण पश्चिम विधानसभा,52,,162,297,0,4,301,0,,,0,297,297,0,297
Nagpur,,,नागपुर दक्षिण पश्चिम विधानसभा,52,,163,325,0,1,326,0,,,0,321,321,0,321
Nagpur,,,नागपुर दक्षिण पश्चिम विधानसभा,52,,164,264,0,6,270,0,,,0,260,260,0,260
Nagpur,,,नागपुर दक्षिण पश्चिम विधानसभा,52,,165,324,0,4,328,0,,,0,319,319,0,319
Nagpur,,,नागपुर दक्षिण पश्चिम विधानसभा,52,,166,286,0,3,289,0,,,0,285,285,0,285
Nagpur,,,नागपुर दक्षिण पश्चिम विधानसभा,52,,167,712,0,7,719,0,,,0,712,712,0,712
Nagpur,,,नागपुर दक्षिण पश्चिम विधानसभा,52,,168,596,0,7,603,0,,,0,599,599,0,599
Nagpur,,,नागपुर दक्षिण पश्चिम विधानसभा,52,,169,440,0,5,445,0,,,0,442,442,0,442
Nagpur,,,नागपुर दक्षिण पश्चिम विधानसभा,52,,170,587,0,8,595,0,,,0,585,585,0,585
Nagpur,,,नागपुर दक्षिण पश्चिम विधानसभा,52,,171,637,0,5,642,0,,,0,633,633,0,633
Nagpur,,,नागपुर दक्षिण पश्चिम विधानसभा,52,,172,728,0,4,732,0,,,0,724,724,0,724
Nagpur,,,नागपुर दक्षिण पश्चिम विधानसभा,52,,173,770,0,3,773,0,,,0,760,760,0,760
Nagpur,,,नागपुर दक्षिण पश्चिम विधानसभा,52,,174,394,0,6,400,0,,,0,393,393,0,393
Nagpur,,,नागपुर दक्षिण पश्चिम विधानसभा,52,,174A,421,0,2,423,0,,,0,427,427,0,427
Nagpur,,,नागपुर दक्षिण पश्चिम विधानसभा,52,,175,395,0,7,402,0,,,0,401,401,0,401
Nagpur,,,नागपुर दक्षिण पश्चिम विधानसभा,52,,176,391,0,0,391,0,,,0,394,394,0,394
Nagpur,,,नागपुर दक्षिण पश्चिम विधानसभा,52,,177,729,0,8,737,0,,,0,729,729,0,729
Nagpur,,,नागपुर दक्षिण पश्चिम विधानसभा,52,,178,742,0,6,748,0,,,0,739,739,0,739
Nagpur,,,नागपुर दक्षिण पश्चिम विधानसभा,52,,179,714,0,6,720,0,,,0,703,703,0,703
Nagpur,,,नागपुर दक्षिण पश्चिम विधानसभा,52,,180,527,0,4,531,0,,,0,521,521,0,521
Nagpur,,,नागपुर दक्षिण पश्चिम विधानसभा,52,,181,807,0,3,810,0,,,0,799,799,0,799
Nagpur,,,नागपुर दक्षिण पश्चिम विधानसभा,52,,182,685,0,7,692,0,,,0,668,668,0,668
Nagpur,,,नागपुर दक्षिण पश्चिम विधानसभा,52,,183,684,0,4,688,0,,,0,677,677,0,677
Nagpur,,,नागपुर दक्षिण पश्चिम विधानसभा,52,,184,620,0,1,621,0,,,0,601,601,0,601
Nagpur,,,नागपुर दक्षिण पश्चिम विधानसभा,52,,185,765,0,7,772,0,,,0,748,748,0,748
Nagpur,,,नागपुर दक्षिण पश्चिम विधानसभा,52,,186,867,0,8,875,0,,,0,861,861,0,861
Nagpur,,,नागपुर दक्षिण पश्चिम विधानसभा,52,,187,413,0,0,413,0,,,0,412,412,0,412
Nagpur,,,नागपुर दक्षिण पश्चिम विधानसभा,52,,187A,481,0,1,482,0,,,0,481,481,0,481
Nagpur,,,नागपुर दक्षिण पश्चिम विधानसभा,52,,188,807,0,4,811,0,,,0,810,810,0,810
Nagpur,,,नागपुर दक्षिण पश्चिम विधानसभा,52,,189,738,1,10,748,0,,,0,738,738,0,738
Nagpur,,,नागपुर दक्षिण पश्चिम विधानसभा,52,,190,647,0,2,649,0,,,0,647,647,0,647
Nagpur,,,नागपुर दक्षिण पश्चिम विधानसभा,52,,191,739,0,4,743,0,,,0,726,726,0,726
Nagpur,,,नागपुर दक्षिण पश्चिम विधानसभा,52,,192,534,0,4,538,0,,,0,533,533,0,533
Nagpur,,,नागपुर दक्षिण पश्चिम विधानसभा,52,,193,373,0,4,377,0,,,0,372,372,0,372
Nagpur,,,नागपुर दक्षिण पश्चिम विधानसभा,52,,193A,439,0,3,442,0,,,0,434,434,0,434
Nagpur,,,नागपुर दक्षिण पश्चिम विधानसभा,52,,194,763,0,3,766,0,,,0,753,753,0,753
Nagpur,,,नागपुर दक्षिण पश्चिम विधानसभा,52,,195,741,1,5,746,0,,,0,740,740,0,740
Nagpur,,,नागपुर दक्षिण पश्चिम विधानसभा,52,,196,673,0,3,676,0,,,0,671,671,0,671
Nagpur,,,नागपुर दक्षिण पश्चिम विधानसभा,52,,197,761,1,3,764,0,,,0,761,761,0,761
Nagpur,,,नागपुर दक्षिण पश्चिम विधानसभा,52,,198,540,0,3,543,0,,,0,540,540,0,540
Nagpur,,,नागपुर दक्षिण पश्चिम विधानसभा,52,,199,606,0,3,609,0,,,0,605,605,0,605
Nagpur,,,नागपुर दक्षिण पश्चिम विधानसभा,52,,200,839,1,5,844,0,,,0,839,839,0,839
Nagpur,,,नागपुर दक्षिण पश्चिम विधानसभा,52,,201,603,1,3,606,0,,,0,603,603,0,603
Nagpur,,,नागपुर दक्षिण पश्चिम विधानसभा,52,,202,603,0,10,611,0,,,0,601,601,0,601
Nagpur,,,नागपुर दक्षिण पश्चिम विधानसभा,52,,203,843,1,5,848,0,,,0,841,841,0,841
Nagpur,,,नागपुर दक्षिण पश्चिम विधानसभा,52,,204,739,0,7,746,0,,,0,740,740,0,740
Nagpur,,,नागपुर दक्षिण पश्चिम विधानसभा,52,,205,837,1,1,838,0,,,0,836,836,0,836
Nagpur,,,नागपुर दक्षिण पश्चिम विधानसभा,52,,206,888,0,2,890,0,,,0,889,889,0,889
Nagpur,,,नागपुर दक्षिण पश्चिम विधानसभा,52,,207,645,0,12,657,0,,,0,645,645,0,645
Nagpur,,,नागपुर दक्षिण पश्चिम विधानसभा,52,,208,408,1,3,411,0,,,0,408,408,0,408
Nagpur,,,नागपुर दक्षिण पश्चिम विधानसभा,52,,209,451,0,1,452,0,,,0,451,451,0,451
Nagpur,,,नागपुर दक्षिण पश्चिम विधानसभा,52,,210,462,0,4,466,0,,,0,462,462,0,462
Nagpur,,,नागपुर दक्षिण पश्चिम विधानसभा,52,,211,453,1,9,462,0,,,0,452,452,0,452
Nagpur,,,नागपुर दक्षिण पश्चिम विधानसभा,52,,212,335,0,6,341,0,,,0,330,330,0,330
Nagpur,,,नागपुर दक्षिण पश्चिम विधानसभा,52,,213,626,0,5,631,0,,,0,622,622,0,622
Nagpur,,,नागपुर दक्षिण पश्चिम विधानसभा,52,,214,543,1,2,545,0,,,0,545,545,0,545
Nagpur,,,नागपुर दक्षिण पश्चिम विधानसभा,52,,215,827,0,4,831,0,,,0,832,832,0,832
Nagpur,,,नागपुर दक्षिण पश्चिम विधानसभा,52,,216,752,3,10,762,0,,,0,741,741,0,741
Nagpur,,,नागपुर दक्षिण पश्चिम विधानसभा,52,,217,664,1,5,669,0,,,0,663,663,0,663
Nagpur,,,नागपुर दक्षिण पश्चिम विधानसभा,52,,218,776,1,3,779,0,,,0,779,779,0,779
Nagpur,,,नागपुर दक्षिण पश्चिम विधानसभा,52,,219,452,0,4,456,0,,,0,448,448,0,448
Nagpur,,,नागपुर दक्षिण पश्चिम विधानसभा,52,,220,547,4,9,556,0,,,0,543,543,0,543
Nagpur,,,नागपुर दक्षिण पश्चिम विधानसभा,52,,221,442,0,4,446,0,,,0,442,442,0,442
Nagpur,,,नागपुर दक्षिण पश्चिम विधानसभा,52,,222,676,2,2,678,0,,,0,542,542,0,542
Nagpur,,,नागपुर दक्षिण पश्चिम विधानसभा,52,,223,421,0,3,424,0,,,0,421,421,0,421
Nagpur,,,नागपुर दक्षिण पश्चिम विधानसभा,52,,224,467,1,6,473,0,,,0,467,467,0,467
Nagpur,,,नागपुर दक्षिण पश्चिम विधानसभा,52,,225,626,0,4,630,0,,,0,624,624,0,624
Nagpur,,,नागपुर दक्षिण पश्चिम विधानसभा,52,,229,780,0,7,787,0,,,0,785,785,0,785
Nagpur,,,नागपुर दक्षिण पश्चिम विधानसभा,52,,230,508,0,4,512,0,,,0,462,462,0,462
Nagpur,,,नागपुर दक्षिण पश्चिम विधानसभा,52,,231,447,0,5,452,0,,,0,530,530,0,530
Nagpur,,,नागपुर दक्षिण पश्चिम विधानसभा,52,,232,568,0,9,577,0,,,0,450,450,0,450
Nagpur,,,नागपुर दक्षिण पश्चिम विधानसभा,52,,233,512,0,7,519,0,,,0,395,395,0,395
Nagpur,,,नागपुर दक्षिण पश्चिम विधानसभा,52,,234,347,0,5,352,0,,,0,363,363,0,363
Nagpur,,,नागपुर दक्षिण पश्चिम विधानसभा,52,,235,465,0,1,466,0,,,0,359,359,0,359
Nagpur,,,नागपुर दक्षिण पश्चिम विधानसभा,52,,236,661,0,6,667,0,,,0,317,317,0,317
Nagpur,,,नागपुर दक्षिण पश्चिम विधानसभा,52,,237,685,0,8,693,0,,,0,362,362,0,362
Nagpur,,,नागपुर दक्षिण पश्चिम विधानसभा,52,,238,634,0,5,639,0,,,0,603,603,0,603
Nagpur,,,नागपुर दक्षिण पश्चिम विधानसभा,52,,239,599,0,6,605,0,,,0,534,534,0,534
Nagpur,,,नागपुर दक्षिण पश्चिम विधानसभा,52,,240,509,0,2,511,0,,,0,528,528,0,528
Nagpur,,,नागपुर दक्षिण पश्चिम विधानसभा,52,,241,458,0,1,459,0,,,0,499,499,0,499
Nagpur,,,नागपुर दक्षिण पश्चिम विधानसभा,52,,242,530,0,8,538,0,,,0,488,488,0,488
Nagpur,,,नागपुर दक्षिण पश्चिम विधानसभा,52,,243,477,0,5,482,0,,,0,424,424,0,424
Nagpur,,,नागपुर दक्षिण पश्चिम विधानसभा,52,,244,723,0,7,730,0,,,0,486,486,0,486
Nagpur,,,नागपुर दक्षिण पश्चिम विधानसभा,52,,245,723,0,2,725,0,,,0,505,505,0,505
Nagpur,,,नागपुर दक्षिण पश्चिम विधानसभा,52,,246,526,0,1,527,0,,,0,743,743,0,743
Nagpur,,,नागपुर दक्षिण पश्चिम विधानसभा,52,,247,606,0,4,610,0,,,0,776,776,0,776
Nagpur,,,नागपुर दक्षिण पश्चिम विधानसभा,52,,248,631,0,4,635,0,,,0,621,621,0,621
Nagpur,,,नागपुर दक्षिण पश्चिम विधानसभा,52,,249,318,0,4,322,0,,,0,638,638,0,638
Nagpur,,,नागपुर दक्षिण पश्चिम विधानसभा,52,,250,288,0,1,289,0,,,0,560,560,0,560
Nagpur,,,नागपुर दक्षिण पश्चिम विधानसभा,52,,251,869,0,8,877,0,,,0,436,436,0,436
Nagpur,,,नागपुर दक्षिण पश्चिम विधानसभा,52,,252,696,0,4,700,0,,,0,384,384,0,384
Nagpur,,,नागपुर दक्षिण पश्चिम विधानसभा,52,,253,738,0,5,743,0,,,0,422,422,0,422
Nagpur,,,नागपुर दक्षिण पश्चिम विधानसभा,52,,254,551,0,6,557,0,,,0,620,620,0,620
Nagpur,,,नागपुर दक्षिण पश्चिम विधानसभा,52,,255,420,0,7,427,0,,,0,555,555,0,555
Nagpur,,,नागपुर दक्षिण पश्चिम विधानसभा,52,,256,207,0,2,209,0,,,0,514,514,0,514
Nagpur,,,नागपुर दक्षिण पश्चिम विधानसभा,52,,257,188,0,2,190,0,,,0,564,564,0,564
Nagpur,,,नागपुर दक्षिण पश्चिम विधानसभा,52,,258,666,0,3,669,0,,,0,368,368,0,368
Nagpur,,,नागपुर दक्षिण पश्चिम विधानसभा,52,,259,675,0,7,682,0,,,0,319,319,0,319
Nagpur,,,नागपुर दक्षिण पश्चिम विधानसभा,52,,260,390,0,8,398,0,,,0,409,409,0,409
Nagpur,,,नागपुर दक्षिण पश्चिम विधानसभा,52,,261,378,0,2,380,0,,,0,299,299,0,299
Nagpur,,,नागपुर दक्षिण पश्चिम विधानसभा,52,,262,595,0,5,600,0,,,0,519,519,0,519
Nagpur,,,नागपुर दक्षिण पश्चिम विधानसभा,52,,263,594,0,12,606,0,,,0,530,530,0,530
Nagpur,,,नागपुर दक्षिण पश्चिम विधानसभा,52,,264,604,0,3,607,0,,,0,590,590,0,590
Nagpur,,,नागपुर दक्षिण पश्चिम विधानसभा,52,,265,545,0,6,551,0,,,0,591,591,0,591
Nagpur,,,नागपुर दक्षिण पश्चिम विधानसभा,52,,266,507,0,10,517,0,,,0,601,601,0,601
Nagpur,,,नागपुर दक्षिण पश्चिम विधानसभा,52,,267,587,0,4,591,0,,,0,540,540,0,540
Nagpur,,,नागपुर दक्षिण पश्चिम विधानसभा,52,,263,414,0,2,416,0,,,0,414,414,0,414
Nagpur,,,नागपुर दक्षिण पश्चिम विधानसभा,52,,264,295,0,5,300,0,,,0,295,295,0,295
Nagpur,,,नागपुर दक्षिण पश्चिम विधानसभा,52,,265,383,0,4,387,0,,,0,383,383,0,383
Nagpur,,,नागपुर दक्षिण पश्चिम विधानसभा,52,,266,661,0,4,665,0,,,0,661,661,0,661
Nagpur,,,नागपुर दक्षिण पश्चिम विधानसभा,52,,267,579,0,4,583,0,,,0,582,582,0,582
Nagpur,,,नागपुर दक्षिण पश्चिम विधानसभा,52,,268,577,0,5,582,0,,,0,577,577,0,577
Nagpur,,,नागपुर दक्षिण पश्चिम विधानसभा,52,,269,649,0,5,654,0,,,0,649,649,0,649
Nagpur,,,नागपुर दक्षिण पश्चिम विधानसभा,52,,270,657,0,2,659,0,,,0,657,657,0,657
Nagpur,,,नागपुर दक्षिण पश्चिम विधानसभा,52,,271,859,0,4,863,0,,,0,853,853,0,853
Nagpur,,,नागपुर दक्षिण पश्चिम विधानसभा,52,,272,610,0,6,616,0,,,0,610,610,0,610
Nagpur,,,नागपुर दक्षिण पश्चिम विधानसभा,52,,273,501,0,2,503,0,,,0,501,501,0,501
Nagpur,,,नागपुर दक्षिण पश्चिम विधानसभा,52,,274,615,0,1,616,0,,,0,602,602,0,602
Nagpur,,,नागपुर दक्षिण पश्चिम विधानसभा,52,,275,423,0,2,425,0,,,0,423,423,0,423
Nagpur,,,नागपुर दक्षिण पश्चिम विधानसभा,52,,276,709,0,9,718,0,,,0,709,709,0,709
Nagpur,,,नागपुर दक्षिण पश्चिम विधानसभा,52,,277,564,0,9,573,0,,,0,564,564,0,564
Nagpur,,,नागपुर दक्षिण पश्चिम विधानसभा,52,,278,383,0,6,389,0,,,0,383,383,0,383
Nagpur,,,नागपुर दक्षिण पश्चिम विधानसभा,52,,279,361,0,2,363,0,,,0,361,361,0,361
Nagpur,,,नागपुर दक्षिण पश्चिम विधानसभा,52,,280,505,0,2,507,0,,,0,505,505,0,505
Nagpur,,,नागपुर दक्षिण पश्चिम विधानसभा,52,,281,472,0,3,475,0,,,0,472,472,0,472
Nagpur,,,नागपुर दक्षिण पश्चिम विधानसभा,52,,282,335,0,2,337,0,,,0,335,335,0,335
Nagpur,,,नागपुर दक्षिण पश्चिम विधानसभा,52,,283,498,0,3,501,0,,,0,498,498,0,498
Nagpur,,,नागपुर दक्षिण पश्चिम विधानसभा,52,,284,778,0,2,780,0,,,0,778,778,0,778
Nagpur,,,नागपुर दक्षिण पश्चिम विधानसभा,52,,285,734,0,4,738,0,,,0,734,734,0,734
Nagpur,,,नागपुर दक्षिण पश्चिम विधानसभा,52,,286,749,0,12,761,0,,,0,749,749,0,749
Nagpur,,,नागपुर दक्षिण पश्चिम विधानसभा,52,,287,735,0,7,742,0,,,0,735,735,0,735
Nagpur,,,नागपुर दक्षिण पश्चिम विधानसभा,52,,288,444,0,6,450,0,,,0,444,444,0,444
Nagpur,,,नागपुर दक्षिण पश्चिम विधानसभा,52,,288A,462,0,3,465,0,,,0,462,462,0,462
Nagpur,,,नागपुर दक्षिण पश्चिम विधानसभा,52,,289,658,0,7,665,0,,,0,658,658,0,658
Nagpur,,,नागपुर दक्षिण पश्चिम विधानसभा,52,,290,650,0,8,658,0,,,0,650,650,0,650
Nagpur,,,नागपुर दक्षिण पश्चिम विधानसभा,52,,291,786,0,6,792,0,,,0,786,786,0,786
Nagpur,,,नागपुर दक्षिण पश्चिम विधानसभा,52,,292,920,0,9,929,0,,,0,920,920,0,920
Nagpur,,,नागपुर दक्षिण पश्चिम विधानसभा,52,,293,821,0,6,827,0,,,0,821,821,0,821
Nagpur,,,नागपुर दक्षिण पश्चिम विधानसभा,52,,294,725,0,1,726,0,,,0,725,725,0,725
Nagpur,,,नागपुर दक्षिण पश्चिम विधानसभा,52,,295,733,0,5,738,0,,,0,733,733,0,733
Nagpur,,,नागपुर दक्षिण पश्चिम विधानसभा,52,,296,415,0,9,424,0,,,0,415,415,0,415
Nagpur,,,नागपुर दक्षिण पश्चिम विधानसभा,52,,296A,462,0,5,467,0,,,0,462,462,0,462
Nagpur,,,नागपुर दक्षिण पश्चिम विधानसभा,52,,297,774,0,5,779,0,,,0,774,774,0,774
Nagpur,,,नागपुर दक्षिण पश्चिम विधानसभा,52,,298,765,0,8,773,0,,,0,765,765,0,765
Nagpur,,,नागपुर दक्षिण पश्चिम विधानसभा,52,,299,616,0,7,623,0,,,0,615,615,0,615
Nagpur,,,नागपुर दक्षिण पश्चिम विधानसभा,52,,300,616,0,6,622,0,,,0,626,626,0,626
Nagpur,,,नागपुर दक्षिण पश्चिम विधानसभा,52,,301,481,0,7,488,0,,,0,496,496,0,496
Nagpur,,,नागपुर दक्षिण पश्चिम विधानसभा,52,,302,558,0,4,562,0,,,0,577,577,0,577
Nagpur,,,नागपुर दक्षिण पश्चिम विधानसभा,52,,303,553,0,3,556,0,,,0,546,546,0,546
Nagpur,,,नागपुर दक्षिण पश्चिम विधानसभा,52,,304,555,0,6,561,0,,,0,577,577,0,577
Nagpur,,,नागपुर दक्षिण पश्चिम विधानसभा,52,,305,474,0,7,481,0,,,0,489,489,0,489
Nagpur,,,नागपुर दक्षिण पश्चिम विधानसभा,52,,306,642,0,2,644,0,,,0,635,635,0,635
Nagpur,,,नागपुर दक्षिण पश्चिम विधानसभा,52,,307,543,0,5,548,0,,,0,529,529,0,529
Nagpur,,,नागपुर दक्षिण पश्चिम विधानसभा,52,,308,674,0,2,676,0,,,0,680,680,0,680
Nagpur,,,नागपुर दक्षिण पश्चिम विधानसभा,52,,309,705,0,3,708,0,,,0,733,733,0,733
Nagpur,,,नागपुर दक्षिण पश्चिम विधानसभा,52,,310,586,0,6,592,0,,,0,594,594,0,594
Nagpur,,,नागपुर दक्षिण पश्चिम विधानसभा,52,,311,600,0,8,608,0,,,0,602,602,0,602
Nagpur,,,नागपुर दक्षिण पश्चिम विधानसभा,52,,312,711,0,2,713,0,,,0,697,697,0,697
Nagpur,,,नागपुर दक्षिण पश्चिम विधानसभा,52,,313,695,0,4,699,0,,,0,724,724,0,724
Nagpur,,,नागपुर दक्षिण पश्चिम विधानसभा,52,,314,771,0,4,775,0,,,0,828,828,0,828
Nagpur,,,नागपुर दक्षिण पश्चिम विधानसभा,52,,315,853,0,3,856,0,,,0,846,846,0,846
Nagpur,,,नागपुर दक्षिण पश्चिम विधानसभा,52,,316,723,0,3,726,0,,,0,828,828,0,828
Nagpur,,,नागपुर दक्षिण पश्चिम विधानसभा,52,,317,724,0,3,727,0,,,0,700,700,0,700
Nagpur,,,नागपुर दक्षिण पश्चिम विधानसभा,52,,318,703,0,5,708,0,,,0,712,712,0,712
Nagpur,,,नागपुर दक्षिण पश्चिम विधानसभा,52,,319,703,0,5,708,0,,,0,667,667,0,667
Nagpur,,,नागपुर दक्षिण पश्चिम विधानसभा,52,,320,729,0,5,734,0,,,0,729,729,0,729
Nagpur,,,नागपुर दक्षिण पश्चिम विधानसभा,52,,321,749,0,8,757,0,,,0,748,748,0,748
Nagpur,,,नागपुर दक्षिण पश्चिम विधानसभा,52,,322,754,0,6,760,0,,,0,752,752,0,752
Nagpur,,,नागपुर दक्षिण पश्चिम विधानसभा,52,,323,647,0,4,651,0,,,0,647,647,0,647
Nagpur,,,नागपुर दक्षिण पश्चिम विधानसभा,52,,324,737,0,3,740,0,,,0,715,715,0,715
Nagpur,,,नागपुर दक्षिण पश्चिम विधानसभा,52,,325,746,0,11,757,0,,,0,743,743,0,743
Nagpur,,,नागपुर दक्षिण पश्चिम विधानसभा,52,,326,605,0,6,611,0,,,0,603,603,0,603
Nagpur,,,नागपुर दक्षिण पश्चिम विधानसभा,52,,327,454,0,3,457,0,,,0,452,452,0,452
Nagpur,,,नागपुर दक्षिण पश्चिम विधानसभा,52,,328,667,0,3,670,0,,,0,655,655,0,655
Nagpur,,,नागपुर दक्षिण पश्चिम विधानसभा,52,,329,598,0,7,605,0,,,0,598,598,0,598
Nagpur,,,नागपुर दक्षिण पश्चिम विधानसभा,52,,330,754,0,7,761,0,,,0,746,746,0,746
Nagpur,,,नागपुर दक्षिण पश्चिम विधानसभा,52,,331,688,0,8,696,0,,,0,700,700,0,700
Nagpur,,,नागपुर दक्षिण पश्चिम विधानसभा,52,,332,580,0,3,583,0,,,0,588,588,0,588
Nagpur,,,नागपुर दक्षिण पश्चिम विधानसभा,52,,333,654,0,4,658,0,,,0,656,656,0,656
Nagpur,,,नागपुर दक्षिण पश्चिम विधानसभा,52,,334,732,0,5,737,0,,,0,727,727,0,727
Nagpur,,,नागपुर दक्षिण पश्चिम विधानसभा,52,,335,641,0,2,643,0,,,0,644,644,0,644
Nagpur,,,नागपुर दक्षिण पश्चिम विधानसभा,52,,336,623,0,3,626,0,,,0,626,626,0,626
TOTAL,,,,,,,197525,214,1492,199202,0,,,0,195888,195888,0,195888
