District Name,District No,Jilha,Constituency Name,Constituency No,Total No. of Electors,Serial Poll,Total No. Valid Votes,No. of Rejected Votes,NOTA,Total,No. of Tendered Votes,Elected Person Name,Party Name of Elected Person,No. of Valid Votes Cast in Favour of Elected Person,Other Candidate Votes,Total EVM Votes,Total Postal ballot votes,Total Votes Polled
Bhandara,,,Bhandara,61,,1,738,0,3,741,0,,,0,738,738,0,738
Bhandara,,,Bhandara,61,,2,561,0,2,563,0,,,0,561,561,0,561
Bhandara,,,Bhandara,61,,3,581,0,1,582,0,,,0,586,586,0,586
Bhandara,,,Bhandara,61,,4,425,0,5,430,0,,,0,421,421,0,421
Bhandara,,,Bhandara,61,,5,847,0,7,854,0,,,0,846,846,0,846
Bhandara,,,Bhandara,61,,6,611,0,4,615,0,,,0,610,610,0,610
Bhandara,,,Bhandara,61,,7,575,0,3,578,0,,,0,574,574,0,574
Bhandara,,,Bhandara,61,,8,967,0,5,972,0,,,0,969,969,0,969
Bhandara,,,Bhandara,61,,9,555,0,4,559,0,,,0,555,555,0,555
Bhandara,,,Bhandara,61,,10,766,0,2,768,0,,,0,733,733,0,733
Bhandara,,,Bhandara,61,,11,682,0,4,686,0,,,0,682,682,0,682
Bhandara,,,Bhandara,61,,12,663,0,2,665,0,,,0,665,665,0,665
Bhandara,,,Bhandara,61,,13,537,0,1,538,0,,,0,540,540,0,540
Bhandara,,,Bhandara,61,,14,712,0,3,715,0,,,0,703,703,0,703
Bhandara,,,Bhandara,61,,15,558,0,5,563,0,,,0,558,558,0,558
Bhandara,,,Bhandara,61,,16,499,0,5,504,0,,,0,499,499,0,499
Bhandara,,,Bhandara,61,,17,676,0,5,681,0,,,0,676,676,0,676
Bhandara,,,Bhandara,61,,18,871,0,12,883,0,,,0,870,870,0,870
Bhandara,,,Bhandara,61,,19,594,0,6,600,0,,,0,594,594,0,594
Bhandara,,,Bhandara,61,,20,342,0,4,346,0,,,0,342,342,0,342
Bhandara,,,Bhandara,61,,21,477,0,3,480,0,,,0,477,477,0,477
Bhandara,,,Bhandara,61,,22,885,0,21,906,0,,,0,885,885,0,885
Bhandara,,,Bhandara,61,,23,567,0,9,576,0,,,0,567,567,0,567
Bhandara,,,Bhandara,61,,24,562,0,12,574,0,,,0,562,562,0,562
Bhandara,,,Bhandara,61,,25,632,0,6,638,0,,,0,632,632,0,632
Bhandara,,,Bhandara,61,,26,526,0,6,532,0,,,0,526,526,0,526
Bhandara,,,Bhandara,61,,27,585,0,11,596,0,,,0,585,585,0,585
Bhandara,,,Bhandara,61,,28,615,0,10,625,0,,,0,615,615,0,615
Bhandara,,,Bhandara,61,,29,522,0,9,531,0,,,0,522,522,0,522
Bhandara,,,Bhandara,61,,30,561,0,10,571,0,,,0,561,561,0,561
Bhandara,,,Bhandara,61,,31,437,0,2,439,0,,,0,437,437,0,437
Bhandara,,,Bhandara,61,,32,445,0,6,451,0,,,0,445,445,0,445
Bhandara,,,Bhandara,61,,33,583,0,11,594,0,,,0,583,583,0,583
Bhandara,,,Bhandara,61,,34,826,0,10,836,0,,,0,826,826,0,826
Bhandara,,,Bhandara,61,,35,581,0,2,583,0,,,0,580,580,0,580
Bhandara,,,Bhandara,61,,36,160,0,0,160,0,,,0,160,160,0,160
Bhandara,,,Bhandara,61,,37,696,0,3,699,0,,,0,693,693,0,693
Bhandara,,,Bhandara,61,,38,500,0,5,505,0,,,0,500,500,0,500
Bhandara,,,Bhandara,61,,39,458,0,8,466,0,,,0,459,459,0,459
Bhandara,,,Bhandara,61,,40,649,0,4,653,0,,,0,649,649,0,649
Bhandara,,,Bhandara,61,,41,656,0,8,664,0,,,0,656,656,0,656
Bhandara,,,Bhandara,61,,42,612,0,4,616,0,,,0,612,612,0,612
Bhandara,,,Bhandara,61,,43,805,0,2,807,0,,,0,805,805,0,805
Bhandara,,,Bhandara,61,,44,808,0,12,820,0,,,0,808,808,0,808
Bhandara,,,Bhandara,61,,45,780,0,9,789,0,,,0,780,780,0,780
Bhandara,,,Bhandara,61,,46,458,0,5,463,0,,,0,458,458,0,458
Bhandara,,,Bhandara,61,,47,655,0,7,662,0,,,0,655,655,0,655
Bhandara,,,Bhandara,61,,48,701,0,1,702,0,,,0,701,701,0,701
Bhandara,,,Bhandara,61,,49,589,0,2,591,0,,,0,589,589,0,589
Bhandara,,,Bhandara,61,,50,545,0,3,548,0,,,0,545,545,0,545
Bhandara,,,Bhandara,61,,51,637,0,5,642,0,,,0,637,637,0,637
Bhandara,,,Bhandara,61,,52,617,0,5,622,0,,,0,617,617,0,617
Bhandara,,,Bhandara,61,,53,692,0,6,698,0,,,0,692,692,0,692
Bhandara,,,Bhandara,61,,54,583,0,2,585,0,,,0,584,584,0,584
Bhandara,,,Bhandara,61,,55,290,0,1,291,0,,,0,290,290,0,290
Bhandara,,,Bhandara,61,,56,656,0,2,658,0,,,0,656,656,0,656
Bhandara,,,Bhandara,61,,57,221,0,2,223,0,,,0,222,222,0,222
Bhandara,,,Bhandara,61,,58,568,0,5,573,0,,,0,569,569,0,569
Bhandara,,,Bhandara,61,,59,643,0,5,648,0,,,0,643,643,0,643
Bhandara,,,Bhandara,61,,60,592,0,10,602,0,,,0,592,592,0,592
Bhandara,,,Bhandara,61,,61,673,0,5,678,0,,,0,663,663,0,663
Bhandara,,,Bhandara,61,,62,612,0,7,619,0,,,0,612,612,0,612
Bhandara,,,Bhandara,61,,63,479,0,6,485,0,,,0,480,480,0,480
Bhandara,,,Bhandara,61,,64,316,0,1,317,0,,,0,316,316,0,316
Bhandara,,,Bhandara,61,,65,958,0,12,970,0,,,0,958,958,0,958
Bhandara,,,Bhandara,61,,66,870,0,8,878,0,,,0,870,870,0,870
Bhandara,,,Bhandara,61,,67,734,0,5,739,0,,,0,734,734,0,734
Bhandara,,,Bhandara,61,,68,653,0,4,657,0,,,0,653,653,0,653
Bhandara,,,Bhandara,61,,69,481,0,8,489,0,,,0,482,482,0,482
Bhandara,,,Bhandara,61,,70,546,0,7,553,0,,,0,546,546,0,546
Bhandara,,,Bhandara,61,,71,811,0,6,817,0,,,0,817,817,0,817
Bhandara,,,Bhandara,61,,72,737,0,7,744,0,,,0,691,691,0,691
Bhandara,,,Bhandara,61,,73,523,0,6,529,0,,,0,511,511,0,511
Bhandara,,,Bhandara,61,,74,728,0,9,737,0,,,0,725,725,0,725
Bhandara,,,Bhandara,61,,75,664,0,12,676,0,,,0,669,669,0,669
Bhandara,,,Bhandara,61,,76,321,0,5,326,0,,,0,322,322,0,322
Bhandara,,,Bhandara,61,,77,616,0,5,621,0,,,0,626,626,0,626
Bhandara,,,Bhandara,61,,78,669,0,4,673,0,,,0,673,673,0,673
Bhandara,,,Bhandara,61,,79,515,0,6,521,0,,,0,516,516,0,516
Bhandara,,,Bhandara,61,,80,716,0,10,726,0,,,0,703,703,0,703
Bhandara,,,Bhandara,61,,81,469,0,6,475,0,,,0,521,521,0,521
Bhandara,,,Bhandara,61,,82,684,0,9,693,0,,,0,648,648,0,648
Bhandara,,,Bhandara,61,,83,447,0,4,451,0,,,0,447,447,0,447
Bhandara,,,Bhandara,61,,84,702,0,8,710,0,,,0,683,683,0,683
Bhandara,,,Bhandara,61,,85,599,0,5,604,0,,,0,637,637,0,637
Bhandara,,,Bhandara,61,,86,675,0,4,679,0,,,0,708,708,0,708
Bhandara,,,Bhandara,61,,87,714,0,14,728,0,,,0,636,636,0,636
Bhandara,,,Bhandara,61,,88,462,0,1,463,0,,,0,429,429,0,429
Bhandara,,,Bhandara,61,,89,503,0,2,505,0,,,0,555,555,0,555
Bhandara,,,Bhandara,61,,90,715,0,14,729,0,,,0,695,695,0,695
Bhandara,,,Bhandara,61,,91,790,0,2,792,0,,,0,776,776,0,776
Bhandara,,,Bhandara,61,,92,460,0,9,469,0,,,0,457,457,0,457
Bhandara,,,Bhandara,61,,93,587,0,4,591,0,,,0,587,587,0,587
Bhandara,,,Bhandara,61,,94,463,0,2,465,0,,,0,463,463,0,463
Bhandara,,,Bhandara,61,,95,402,0,0,402,0,,,0,402,402,0,402
Bhandara,,,Bhandara,61,,96,379,0,3,382,0,,,0,379,379,0,379
Bhandara,,,Bhandara,61,,97,634,0,4,638,0,,,0,634,634,0,634
Bhandara,,,Bhandara,61,,98,827,0,4,831,0,,,0,827,827,0,827
Bhandara,,,Bhandara,61,,99,465,0,6,471,0,,,0,465,465,0,465
Bhandara,,,Bhandara,61,,100,434,0,5,439,0,,,0,435,435,0,435
Bhandara,,,Bhandara,61,,101,395,0,1,396,0,,,0,395,395,0,395
Bhandara,,,Bhandara,61,,102,596,0,6,602,0,,,0,597,597,0,597
Bhandara,,,Bhandara,61,,103,517,0,6,523,0,,,0,518,518,0,518
Bhandara,,,Bhandara,61,,104,764,0,9,773,0,,,0,764,764,0,764
Bhandara,,,Bhandara,61,,105,508,0,6,514,0,,,0,510,510,0,510
Bhandara,,,Bhandara,61,,106,632,0,3,635,0,,,0,632,632,0,632
Bhandara,,,Bhandara,61,,107,649,0,5,654,0,,,0,648,648,0,648
Bhandara,,,Bhandara,61,,108,809,0,12,821,0,,,0,810,810,0,810
Bhandara,,,Bhandara,61,,109,453,0,6,459,0,,,0,453,453,0,453
Bhandara,,,Bhandara,61,,110,596,0,13,609,0,,,0,598,598,0,598
Bhandara,,,Bhandara,61,,111,399,0,3,402,0,,,0,399,399,0,399
Bhandara,,,Bhandara,61,,112,258,0,2,260,0,,,0,258,258,0,258
Bhandara,,,Bhandara,61,,113,677,0,4,681,0,,,0,677,677,0,677
Bhandara,,,Bhandara,61,,114,248,0,5,253,0,,,0,248,248,0,248
Bhandara,,,Bhandara,61,,115,626,0,3,629,0,,,0,627,627,0,627
Bhandara,,,Bhandara,61,,116,694,0,1,695,0,,,0,694,694,0,694
Bhandara,,,Bhandara,61,,117,614,0,16,630,0,,,0,614,614,0,614
Bhandara,,,Bhandara,61,,118,659,0,13,672,0,,,0,659,659,0,659
Bhandara,,,Bhandara,61,,119,599,0,10,609,0,,,0,600,600,0,600
Bhandara,,,Bhandara,61,,120,628,0,8,636,0,,,0,628,628,0,628
Bhandara,,,Bhandara,61,,121,425,0,13,438,0,,,0,424,424,0,424
Bhandara,,,Bhandara,61,,122,555,0,8,563,0,,,0,555,555,0,555
Bhandara,,,Bhandara,61,,123,561,0,11,572,0,,,0,562,562,0,562
Bhandara,,,Bhandara,61,,124,488,0,1,489,0,,,0,488,488,0,488
Bhandara,,,Bhandara,61,,125,558,0,1,559,0,,,0,559,559,0,559
Bhandara,,,Bhandara,61,,126,593,0,8,601,0,,,0,593,593,0,593
Bhandara,,,Bhandara,61,,127,642,0,11,653,0,,,0,643,643,0,643
Bhandara,,,Bhandara,61,,128,553,0,9,562,0,,,0,553,553,0,553
Bhandara,,,Bhandara,61,,129,759,0,12,771,0,,,0,759,759,0,759
Bhandara,,,Bhandara,61,,130,620,0,10,630,0,,,0,620,620,0,620
Bhandara,,,Bhandara,61,,131,454,0,6,460,0,,,0,453,453,0,453
Bhandara,,,Bhandara,61,,132,687,0,9,696,0,,,0,687,687,0,687
Bhandara,,,Bhandara,61,,133,637,0,5,642,0,,,0,637,637,0,637
Bhandara,,,Bhandara,61,,134,665,0,10,675,0,,,0,665,665,0,665
Bhandara,,,Bhandara,61,,135,445,0,2,447,0,,,0,445,445,0,445
Bhandara,,,Bhandara,61,,136,680,0,6,686,0,,,0,681,681,0,681
Bhandara,,,Bhandara,61,,137,639,0,15,654,0,,,0,639,639,0,639
Bhandara,,,Bhandara,61,,138,629,0,11,640,0,,,0,629,629,0,629
Bhandara,,,Bhandara,61,,139,721,0,11,732,0,,,0,721,721,0,721
Bhandara,,,Bhandara,61,,140,617,0,7,624,0,,,0,622,622,0,622
Bhandara,,,Bhandara,61,,141,753,0,7,760,0,,,0,753,753,0,753
Bhandara,,,Bhandara,61,,142,343,0,7,350,0,,,0,345,345,0,345
Bhandara,,,Bhandara,61,,143,637,0,5,642,0,,,0,637,637,0,637
Bhandara,,,Bhandara,61,,144,390,0,7,397,0,,,0,390,390,0,390
Bhandara,,,Bhandara,61,,145,882,0,7,889,0,,,0,882,882,0,882
Bhandara,,,Bhandara,61,,146,792,0,5,797,0,,,0,792,792,0,792
Bhandara,,,Bhandara,61,,147,953,0,9,962,0,,,0,953,953,0,953
Bhandara,,,Bhandara,61,,148,1008,0,14,1022,0,,,0,1008,1008,0,1008
Bhandara,,,Bhandara,61,,149,535,0,4,539,0,,,0,516,516,0,516
Bhandara,,,Bhandara,61,,150,249,0,3,252,0,,,0,249,249,0,249
Bhandara,,,Bhandara,61,,151,152,0,1,153,0,,,0,152,152,0,152
Bhandara,,,Bhandara,61,,152,478,0,4,482,0,,,0,465,465,0,465
Bhandara,,,Bhandara,61,,153,490,0,7,497,0,,,0,490,490,0,490
Bhandara,,,Bhandara,61,,154,174,0,1,175,0,,,0,174,174,0,174
Bhandara,,,Bhandara,61,,155,460,0,3,463,0,,,0,457,457,0,457
Bhandara,,,Bhandara,61,,156,230,0,1,231,0,,,0,227,227,0,227
Bhandara,,,Bhandara,61,,157,294,0,3,297,0,,,0,294,294,0,294
Bhandara,,,Bhandara,61,,158,192,0,2,194,0,,,0,192,192,0,192
Bhandara,,,Bhandara,61,,159,621,0,2,623,0,,,0,621,621,0,621
Bhandara,,,Bhandara,61,,160,664,0,6,670,0,,,0,664,664,0,664
Bhandara,,,Bhandara,61,,161,747,0,11,758,0,,,0,747,747,0,747
Bhandara,,,Bhandara,61,,162,490,0,6,496,0,,,0,490,490,0,490
Bhandara,,,Bhandara,61,,163,993,0,9,1002,0,,,0,993,993,0,993
Bhandara,,,Bhandara,61,,164,699,0,8,707,0,,,0,699,699,0,699
Bhandara,,,Bhandara,61,,165,699,0,11,710,0,,,0,699,699,0,699
Bhandara,,,Bhandara,61,,166,504,0,7,511,0,,,0,503,503,0,503
Bhandara,,,Bhandara,61,,167,653,0,8,661,0,,,0,653,653,0,653
Bhandara,,,Bhandara,61,,168,610,0,9,619,0,,,0,610,610,0,610
Bhandara,,,Bhandara,61,,169,404,0,4,408,0,,,0,404,404,0,404
Bhandara,,,Bhandara,61,,170,487,0,7,494,0,,,0,487,487,0,487
Bhandara,,,Bhandara,61,,171,466,0,6,472,0,,,0,466,466,0,466
Bhandara,,,Bhandara,61,,172,641,0,10,651,0,,,0,641,641,0,641
Bhandara,,,Bhandara,61,,173,563,0,10,573,0,,,0,563,563,0,563
Bhandara,,,Bhandara,61,,174,620,0,9,629,0,,,0,626,626,0,626
Bhandara,,,Bhandara,61,,175,670,0,1,671,0,,,0,670,670,0,670
Bhandara,,,Bhandara,61,,176,817,0,12,829,0,,,0,817,817,0,817
Bhandara,,,Bhandara,61,,177,844,0,10,854,0,,,0,849,849,0,849
Bhandara,,,Bhandara,61,,178,840,0,6,846,0,,,0,840,840,0,840
Bhandara,,,Bhandara,61,,179,730,0,7,737,0,,,0,730,730,0,730
Bhandara,,,Bhandara,61,,180,817,0,8,825,0,,,0,817,817,0,817
Bhandara,,,Bhandara,61,,181,1010,0,4,1014,0,,,0,1010,1010,0,1010
Bhandara,,,Bhandara,61,,182,507,0,8,515,0,,,0,507,507,0,507
Bhandara,,,Bhandara,61,,183,559,0,6,565,0,,,0,559,559,0,559
Bhandara,,,Bhandara,61,,184,491,0,3,494,0,,,0,491,491,0,491
Bhandara,,,Bhandara,61,,185,430,0,2,432,0,,,0,430,430,0,430
Bhandara,,,Bhandara,61,,186,858,0,8,866,0,,,0,858,858,0,858
Bhandara,,,Bhandara,61,,187,518,0,4,522,0,,,0,518,518,0,518
Bhandara,,,Bhandara,61,,188,578,0,4,582,0,,,0,578,578,0,578
Bhandara,,,Bhandara,61,,189,650,0,8,658,0,,,0,650,650,0,650
Bhandara,,,Bhandara,61,,190,410,0,4,414,0,,,0,410,410,0,410
Bhandara,,,Bhandara,61,,191,264,0,3,267,0,,,0,264,264,0,264
Bhandara,,,Bhandara,61,,192,293,0,5,298,0,,,0,293,293,0,293
Bhandara,,,Bhandara,61,,193,235,0,3,238,0,,,0,235,235,0,235
Bhandara,,,Bhandara,61,,194,234,0,3,237,0,,,0,234,234,0,234
Bhandara,,,Bhandara,61,,195,254,0,5,259,0,,,0,254,254,0,254
Bhandara,,,Bhandara,61,,196,654,0,5,659,0,,,0,654,654,0,654
Bhandara,,,Bhandara,61,,197,956,0,8,964,0,,,0,956,956,0,956
Bhandara,,,Bhandara,61,,198,800,0,11,811,0,,,0,800,800,0,800
Bhandara,,,Bhandara,61,,199,305,0,2,307,0,,,0,306,306,0,306
Bhandara,,,Bhandara,61,,200,618,0,5,623,0,,,0,617,617,0,617
Bhandara,,,Bhandara,61,,201,462,0,2,464,0,,,0,462,462,0,462
Bhandara,,,Bhandara,61,,202,820,0,13,833,0,,,0,821,821,0,821
Bhandara,,,Bhandara,61,,203,515,0,8,523,0,,,0,515,515,0,515
Bhandara,,,Bhandara,61,,204,520,0,8,528,0,,,0,520,520,0,520
Bhandara,,,Bhandara,61,,205,639,0,12,651,0,,,0,639,639,0,639
Bhandara,,,Bhandara,61,,206,595,0,3,598,0,,,0,595,595,0,595
Bhandara,,,Bhandara,61,,207,530,0,1,531,0,,,0,531,531,0,531
Bhandara,,,Bhandara,61,,208,721,0,5,726,0,,,0,721,721,0,721
Bhandara,,,Bhandara,61,,209,498,0,4,502,0,,,0,499,499,0,499
Bhandara,,,Bhandara,61,,210,313,0,3,316,0,,,0,313,313,0,313
Bhandara,,,Bhandara,61,,211,572,0,3,575,0,,,0,572,572,0,572
Bhandara,,,Bhandara,61,,212,516,0,1,517,0,,,0,518,518,0,518
Bhandara,,,Bhandara,61,,213,768,0,6,774,0,,,0,768,768,0,768
Bhandara,,,Bhandara,61,,214,488,0,9,497,0,,,0,488,488,0,488
Bhandara,,,Bhandara,61,,215,687,0,6,693,0,,,0,688,688,0,688
Bhandara,,,Bhandara,61,,216,307,0,0,307,0,,,0,307,307,0,307
Bhandara,,,Bhandara,61,,217,643,0,9,652,0,,,0,643,643,0,643
Bhandara,,,Bhandara,61,,218,748,0,13,761,0,,,0,748,748,0,748
Bhandara,,,Bhandara,61,,219,743,0,11,754,0,,,0,744,744,0,744
Bhandara,,,Bhandara,61,,220,267,0,4,271,0,,,0,267,267,0,267
Bhandara,,,Bhandara,61,,221,843,0,4,847,0,,,0,844,844,0,844
Bhandara,,,Bhandara,61,,222,624,0,6,630,0,,,0,624,624,0,624
Bhandara,,,Bhandara,61,,223,822,0,8,830,0,,,0,821,821,0,821
Bhandara,,,Bhandara,61,,224,153,0,1,154,0,,,0,153,153,0,153
Bhandara,,,Bhandara,61,,225,315,0,5,320,0,,,0,315,315,0,315
Bhandara,,,Bhandara,61,,226,611,0,2,613,0,,,0,611,611,0,611
Bhandara,,,Bhandara,61,,227,450,0,3,453,0,,,0,450,450,0,450
Bhandara,,,Bhandara,61,,228,103,0,0,103,0,,,0,103,103,0,103
Bhandara,,,Bhandara,61,,229,561,0,2,563,0,,,0,561,561,0,561
Bhandara,,,Bhandara,61,,230,541,0,2,543,0,,,0,542,542,0,542
Bhandara,,,Bhandara,61,,231,409,0,5,414,0,,,0,397,397,0,397
Bhandara,,,Bhandara,61,,232,497,0,4,501,0,,,0,456,456,0,456
Bhandara,,,Bhandara,61,,233,547,0,3,550,0,,,0,582,582,0,582
Bhandara,,,Bhandara,61,,234,678,0,3,681,0,,,0,620,620,0,620
Bhandara,,,Bhandara,61,,235,507,0,4,511,0,,,0,474,474,0,474
Bhandara,,,Bhandara,61,,236,613,0,9,622,0,,,0,586,586,0,586
Bhandara,,,Bhandara,61,,237,667,0,11,678,0,,,0,691,691,0,691
Bhandara,,,Bhandara,61,,238,557,0,5,562,0,,,0,589,589,0,589
Bhandara,,,Bhandara,61,,239,383,0,2,385,0,,,0,406,406,0,406
Bhandara,,,Bhandara,61,,240,717,0,6,723,0,,,0,683,683,0,683
Bhandara,,,Bhandara,61,,241,676,0,6,682,0,,,0,690,690,0,690
Bhandara,,,Bhandara,61,,242,343,0,4,347,0,,,0,420,420,0,420
Bhandara,,,Bhandara,61,,243,623,0,2,625,0,,,0,592,592,0,592
Bhandara,,,Bhandara,61,,244,740,0,10,750,0,,,0,767,767,0,767
Bhandara,,,Bhandara,61,,245,781,0,3,784,0,,,0,771,771,0,771
Bhandara,,,Bhandara,61,,246,743,0,6,749,0,,,0,746,746,0,746
Bhandara,,,Bhandara,61,,247,285,0,0,285,0,,,0,285,285,0,285
Bhandara,,,Bhandara,61,,248,551,0,2,553,0,,,0,551,551,0,551
Bhandara,,,Bhandara,61,,249,844,0,2,846,0,,,0,844,844,0,844
Bhandara,,,Bhandara,61,,250,549,0,6,555,0,,,0,549,549,0,549
Bhandara,,,Bhandara,61,,251,964,0,6,970,0,,,0,964,964,0,964
Bhandara,,,Bhandara,61,,252,929,0,11,940,0,,,0,929,929,0,929
Bhandara,,,Bhandara,61,,253,351,0,1,352,0,,,0,351,351,0,351
Bhandara,,,Bhandara,61,,254,387,0,5,392,0,,,0,384,384,0,384
Bhandara,,,Bhandara,61,,255,341,0,0,341,0,,,0,341,341,0,341
Bhandara,,,Bhandara,61,,256,361,0,0,361,0,,,0,361,361,0,361
Bhandara,,,Bhandara,61,,257,590,0,6,596,0,,,0,590,590,0,590
Bhandara,,,Bhandara,61,,258,777,0,5,782,0,,,0,778,778,0,778
Bhandara,,,Bhandara,61,,259,290,0,2,292,0,,,0,290,290,0,290
Bhandara,,,Bhandara,61,,260,857,0,10,867,0,,,0,857,857,0,857
Bhandara,,,Bhandara,61,,261,729,0,6,735,0,,,0,729,729,0,729
Bhandara,,,Bhandara,61,,262,740,0,5,745,0,,,0,744,744,0,744
Bhandara,,,Bhandara,61,,263,614,0,4,618,0,,,0,614,614,0,614
Bhandara,,,Bhandara,61,,264,563,0,6,569,0,,,0,563,563,0,563
Bhandara,,,Bhandara,61,,265,395,0,4,399,0,,,0,397,397,0,397
Bhandara,,,Bhandara,61,,266,365,0,1,366,0,,,0,364,364,0,364
Bhandara,,,Bhandara,61,,267,475,0,4,479,0,,,0,475,475,0,475
Bhandara,,,Bhandara,61,,268,266,0,3,269,0,,,0,266,266,0,266
Bhandara,,,Bhandara,61,,269,657,0,7,664,0,,,0,657,657,0,657
Bhandara,,,Bhandara,61,,270,607,0,7,614,0,,,0,607,607,0,607
Bhandara,,,Bhandara,61,,271,638,0,8,646,0,,,0,638,638,0,638
Bhandara,,,Bhandara,61,,272,572,0,4,576,0,,,0,572,572,0,572
Bhandara,,,Bhandara,61,,273,562,0,1,563,0,,,0,562,562,0,562
Bhandara,,,Bhandara,61,,274,347,0,5,352,0,,,0,347,347,0,347
Bhandara,,,Bhandara,61,,275,920,0,11,931,0,,,0,908,908,0,908
Bhandara,,,Bhandara,61,,276,523,0,7,530,0,,,0,499,499,0,499
Bhandara,,,Bhandara,61,,277,494,0,10,504,0,,,0,494,494,0,494
Bhandara,,,Bhandara,61,,278,542,0,2,544,0,,,0,541,541,0,541
Bhandara,,,Bhandara,61,,279,486,0,2,488,0,,,0,486,486,0,486
Bhandara,,,Bhandara,61,,280,784,0,7,791,0,,,0,784,784,0,784
Bhandara,,,Bhandara,61,,281,698,0,5,703,0,,,0,698,698,0,698
Bhandara,,,Bhandara,61,,282,730,0,5,735,0,,,0,730,730,0,730
Bhandara,,,Bhandara,61,,283,492,0,8,500,0,,,0,492,492,0,492
Bhandara,,,Bhandara,61,,284,818,0,7,825,0,,,0,818,818,0,818
Bhandara,,,Bhandara,61,,285,486,0,1,487,0,,,0,480,480,0,480
Bhandara,,,Bhandara,61,,286,596,0,8,604,0,,,0,601,601,0,601
Bhandara,,,Bhandara,61,,287,844,0,3,847,0,,,0,846,846,0,846
Bhandara,,,Bhandara,61,,288,640,0,6,646,0,,,0,640,640,0,640
Bhandara,,,Bhandara,61,,289,588,0,5,593,0,,,0,588,588,0,588
Bhandara,,,Bhandara,61,,290,579,0,5,584,0,,,0,579,579,0,579
Bhandara,,,Bhandara,61,,291,620,0,5,625,0,,,0,619,619,0,619
Bhandara,,,Bhandara,61,,292,504,0,5,509,0,,,0,501,501,0,501
Bhandara,,,Bhandara,61,,293,441,0,4,445,0,,,0,440,440,0,440
Bhandara,,,Bhandara,61,,294,546,0,5,551,0,,,0,548,548,0,548
Bhandara,,,Bhandara,61,,295,456,0,5,461,0,,,0,456,456,0,456
Bhandara,,,Bhandara,61,,296,624,0,5,629,0,,,0,624,624,0,624
Bhandara,,,Bhandara,61,,297,211,0,0,211,0,,,0,211,211,0,211
Bhandara,,,Bhandara,61,,298,840,0,1,841,0,,,0,840,840,0,840
Bhandara,,,Bhandara,61,,299,874,0,5,879,0,,,0,874,874,0,874
Bhandara,,,Bhandara,61,,300,805,0,11,816,0,,,0,805,805,0,805
Bhandara,,,Bhandara,61,,301,533,0,5,538,0,,,0,533,533,0,533
Bhandara,,,Bhandara,61,,302,576,0,2,578,0,,,0,576,576,0,576
Bhandara,,,Bhandara,61,,303,553,0,5,558,0,,,0,553,553,0,553
Bhandara,,,Bhandara,61,,304,414,0,4,418,0,,,0,414,414,0,414
Bhandara,,,Bhandara,61,,305,444,0,0,444,0,,,0,444,444,0,444
Bhandara,,,Bhandara,61,,306,669,0,11,680,0,,,0,669,669,0,669
Bhandara,,,Bhandara,61,,307,652,0,3,655,0,,,0,653,653,0,653
Bhandara,,,Bhandara,61,,308,557,0,3,560,0,,,0,557,557,0,557
Bhandara,,,Bhandara,61,,309,520,0,4,524,0,,,0,520,520,0,520
Bhandara,,,Bhandara,61,,310,304,0,1,305,0,,,0,310,310,0,310
Bhandara,,,Bhandara,61,,311,672,0,1,673,0,,,0,672,672,0,672
Bhandara,,,Bhandara,61,,312,620,0,4,624,0,,,0,620,620,0,620
Bhandara,,,Bhandara,61,,313,598,0,1,599,0,,,0,599,599,0,599
Bhandara,,,Bhandara,61,,314,539,0,3,542,0,,,0,539,539,0,539
Bhandara,,,Bhandara,61,,315,782,0,15,797,0,,,0,782,782,0,782
Bhandara,,,Bhandara,61,,316,522,0,2,524,0,,,0,524,524,0,524
Bhandara,,,Bhandara,61,,317,583,0,7,590,0,,,0,584,584,0,584
Bhandara,,,Bhandara,61,,318,599,0,4,603,0,,,0,599,599,0,599
Bhandara,,,Bhandara,61,,319,414,0,3,417,0,,,0,414,414,0,414
Bhandara,,,Bhandara,61,,320,784,0,4,788,0,,,0,785,785,0,785
Bhandara,,,Bhandara,61,,321,797,0,8,805,0,,,0,797,797,0,797
Bhandara,,,Bhandara,61,,322,647,0,2,649,0,,,0,647,647,0,647
Bhandara,,,Bhandara,61,,323,587,0,2,589,0,,,0,587,587,0,587
Bhandara,,,Bhandara,61,,324,471,0,8,479,0,,,0,471,471,0,471
Bhandara,,,Bhandara,61,,325,150,0,0,150,0,,,0,150,150,0,150
Bhandara,,,Bhandara,61,,326,289,0,0,289,0,,,0,289,289,0,289
Bhandara,,,Bhandara,61,,327,492,0,3,495,0,,,0,492,492,0,492
Bhandara,,,Bhandara,61,,328,658,0,9,667,0,,,0,659,659,0,659
Bhandara,,,Bhandara,61,,329,751,0,4,755,0,,,0,751,751,0,751
Bhandara,,,Bhandara,61,,330,519,0,1,520,0,,,0,519,519,0,519
Bhandara,,,Bhandara,61,,331,576,0,9,585,0,,,0,576,576,0,576
Bhandara,,,Bhandara,61,,332,936,0,8,944,0,,,0,936,936,0,936
Bhandara,,,Bhandara,61,,333,804,0,5,809,0,,,0,804,804,0,804
Bhandara,,,Bhandara,61,,334,961,0,5,966,0,,,0,961,961,0,961
Bhandara,,,Bhandara,61,,335,487,0,5,492,0,,,0,486,486,0,486
Bhandara,,,Bhandara,61,,336,493,0,1,494,0,,,0,493,493,0,493
Bhandara,,,Bhandara,61,,337,779,0,3,782,0,,,0,779,779,0,779
Bhandara,,,Bhandara,61,,338,720,0,16,736,0,,,0,720,720,0,720
Bhandara,,,Bhandara,61,,339,645,0,4,649,0,,,0,645,645,0,645
Bhandara,,,Bhandara,61,,340,348,0,2,350,0,,,0,348,348,0,348
Bhandara,,,Bhandara,61,,341,370,0,4,374,0,,,0,370,370,0,370
Bhandara,,,Bhandara,61,,342,667,0,5,672,0,,,0,667,667,0,667
Bhandara,,,Bhandara,61,,343,544,0,5,549,0,,,0,545,545,0,545
Bhandara,,,Bhandara,61,,344,570,0,2,572,0,,,0,572,572,0,572
Bhandara,,,Bhandara,61,,345,885,0,7,892,0,,,0,885,885,0,885
Bhandara,,,Bhandara,61,,346,782,0,7,789,0,,,0,782,782,0,782
Bhandara,,,Bhandara,61,,347,653,0,2,655,0,,,0,653,653,0,653
Bhandara,,,Bhandara,61,,348,400,0,5,405,0,,,0,400,400,0,400
Bhandara,,,Bhandara,61,,349,336,0,1,337,0,,,0,337,337,0,337
Bhandara,,,Bhandara,61,,350,426,0,1,427,0,,,0,426,426,0,426
Bhandara,,,Bhandara,61,,351,287,0,2,289,0,,,0,287,287,0,287
Bhandara,,,Bhandara,61,,352,369,0,2,371,0,,,0,369,369,0,369
Bhandara,,,Bhandara,61,,353,565,0,4,569,0,,,0,565,565,0,565
Bhandara,,,Bhandara,61,,354,614,0,0,614,0,,,0,614,614,0,614
Bhandara,,,Bhandara,61,,355,989,0,5,994,0,,,0,990,990,0,990
Bhandara,,,Bhandara,61,,356,590,0,0,590,0,,,0,590,590,0,590
Bhandara,,,Bhandara,61,,357,550,0,7,557,0,,,0,551,551,0,551
Bhandara,,,Bhandara,61,,358,527,0,0,527,0,,,0,527,527,0,527
Bhandara,,,Bhandara,61,,359,957,0,5,962,0,,,0,957,957,0,957
Bhandara,,,Bhandara,61,,360,479,0,0,479,0,,,0,479,479,0,479
Bhandara,,,Bhandara,61,,361,493,0,4,497,0,,,0,492,492,0,492
Bhandara,,,Bhandara,61,,362,501,0,2,503,0,,,0,504,504,0,504
Bhandara,,,Bhandara,61,,363,502,0,4,506,0,,,0,501,501,0,501
Bhandara,,,Bhandara,61,,364,527,0,4,531,0,,,0,527,527,0,527
Bhandara,,,Bhandara,61,,365,699,0,1,700,0,,,0,699,699,0,699
Bhandara,,,Bhandara,61,,366,594,0,0,594,0,,,0,594,594,0,594
Bhandara,,,Bhandara,61,,367,877,0,7,884,0,,,0,882,882,0,882
Bhandara,,,Bhandara,61,,368,769,0,1,770,0,,,0,769,769,0,769
Bhandara,,,Bhandara,61,,369,695,0,5,700,0,,,0,695,695,0,695
Bhandara,,,Bhandara,61,,370,753,0,7,760,0,,,0,753,753,0,753
Bhandara,,,Bhandara,61,,371,678,0,6,684,0,,,0,678,678,0,678
Bhandara,,,Bhandara,61,,372,835,0,7,842,0,,,0,835,835,0,835
Bhandara,,,Bhandara,61,,373,622,0,6,628,0,,,0,622,622,0,622
Bhandara,,,Bhandara,61,,374,613,0,3,616,0,,,0,613,613,0,613
Bhandara,,,Bhandara,61,,375,622,0,2,624,0,,,0,622,622,0,622
Bhandara,,,Bhandara,61,,376,485,0,2,487,0,,,0,485,485,0,485
Bhandara,,,Bhandara,61,,377,731,0,5,736,0,,,0,731,731,0,731
Bhandara,,,Bhandara,61,,378,452,0,9,461,0,,,0,454,454,0,454
Bhandara,,,Bhandara,61,,379,642,0,1,643,0,,,0,642,642,0,642
Bhandara,,,Bhandara,61,,380,554,0,1,555,0,,,0,554,554,0,554
Bhandara,,,Bhandara,61,,381,594,0,1,595,0,,,0,595,595,0,595
Bhandara,,,Bhandara,61,,382,604,0,3,607,0,,,0,604,604,0,604
Bhandara,,,Bhandara,61,,383,630,0,14,644,0,,,0,630,630,0,630
Bhandara,,,Bhandara,61,,384,430,0,6,436,0,,,0,430,430,0,430
Bhandara,,,Bhandara,61,,385,492,0,1,493,0,,,0,492,492,0,492
Bhandara,,,Bhandara,61,,386,440,0,1,441,0,,,0,440,440,0,440
Bhandara,,,Bhandara,61,,387,563,0,4,567,0,,,0,563,563,0,563
Bhandara,,,Bhandara,61,,388,398,0,3,401,0,,,0,398,398,0,398
Bhandara,,,Bhandara,61,,389,630,0,14,644,0,,,0,630,630,0,630
Bhandara,,,Bhandara,61,,390,714,0,2,716,0,,,0,715,715,0,715
Bhandara,,,Bhandara,61,,391,329,0,2,331,0,,,0,329,329,0,329
Bhandara,,,Bhandara,61,,392,644,0,6,650,0,,,0,644,644,0,644
Bhandara,,,Bhandara,61,,393,463,0,8,471,0,,,0,463,463,0,463
Bhandara,,,Bhandara,61,,394,721,0,7,728,0,,,0,721,721,0,721
Bhandara,,,Bhandara,61,,395,562,0,4,566,0,,,0,562,562,0,562
Bhandara,,,Bhandara,61,,396,698,0,6,704,0,,,0,698,698,0,698
Bhandara,,,Bhandara,61,,397,375,0,5,380,0,,,0,376,376,0,376
Bhandara,,,Bhandara,61,,398,800,0,9,809,0,,,0,800,800,0,800
Bhandara,,,Bhandara,61,,399,471,0,3,474,0,,,0,471,471,0,471
TOTAL,,,,,,,233442,0,2135,235577,0,,,0,233301,233301,0,233301
