District Name,District No,Jilha,Constituency Name,Constituency No,Total No. of Electors,Serial Poll,Total No. Valid Votes,No. of Rejected Votes,NOTA,Total,No. of Tendered Votes,Elected Person Name,Party Name of Elected Person,No. of Valid Votes Cast in Favour of Elected Person,Other Candidate Votes,Total EVM Votes,Total Postal ballot votes,Total Votes Polled
Yavatmal,,,YAVATMAL,78,,1,768,0,1,769,0,,,0,769,769,0,769
Yavatmal,,,YAVATMAL,78,,2,668,0,1,669,0,,,0,686,686,0,686
Yavatmal,,,YAVATMAL,78,,3,859,0,3,862,0,,,0,854,854,0,854
Yavatmal,,,YAVATMAL,78,,4,333,0,0,333,0,,,0,337,337,0,337
Yavatmal,,,YAVATMAL,78,,5,617,0,1,618,0,,,0,603,603,0,603
Yavatmal,,,YAVATMAL,78,,6,387,0,0,387,0,,,0,373,373,0,373
Yavatmal,,,YAVATMAL,78,,7,226,0,3,229,0,,,0,220,220,0,220
Yavatmal,,,YAVATMAL,78,,8,575,0,1,576,0,,,0,557,557,0,557
Yavatmal,,,YAVATMAL,78,,9,545,0,2,547,0,,,0,553,553,0,553
Yavatmal,,,YAVATMAL,78,,10,545,0,3,548,0,,,0,554,554,0,554
Yavatmal,,,YAVATMAL,78,,11,553,0,5,558,0,,,0,620,620,0,620
Yavatmal,,,YAVATMAL,78,,12,553,0,1,554,0,,,0,582,582,0,582
Yavatmal,,,YAVATMAL,78,,13,667,0,2,669,0,,,0,624,624,0,624
Yavatmal,,,YAVATMAL,78,,14,659,0,5,664,0,,,0,649,649,0,649
Yavatmal,,,YAVATMAL,78,,15,756,0,5,761,0,,,0,754,754,0,754
Yavatmal,,,YAVATMAL,78,,16,776,0,3,779,0,,,0,764,764,0,764
Yavatmal,,,YAVATMAL,78,,17,729,0,3,732,0,,,0,701,701,0,701
Yavatmal,,,YAVATMAL,78,,18,692,0,6,698,0,,,0,687,687,0,687
Yavatmal,,,YAVATMAL,78,,19,670,0,5,675,0,,,0,664,664,0,664
Yavatmal,,,YAVATMAL,78,,20,768,0,2,770,0,,,0,747,747,0,747
Yavatmal,,,YAVATMAL,78,,21,324,0,1,325,0,,,0,328,328,0,328
Yavatmal,,,YAVATMAL,78,,22,829,0,3,832,0,,,0,808,808,0,808
Yavatmal,,,YAVATMAL,78,,23,690,0,1,691,0,,,0,673,673,0,673
Yavatmal,,,YAVATMAL,78,,24,589,0,1,590,0,,,0,576,576,0,576
Yavatmal,,,YAVATMAL,78,,25,520,0,1,521,0,,,0,511,511,0,511
Yavatmal,,,YAVATMAL,78,,26,598,0,3,601,0,,,0,596,596,0,596
Yavatmal,,,YAVATMAL,78,,27,526,0,5,531,0,,,0,511,511,0,511
Yavatmal,,,YAVATMAL,78,,28,609,0,1,610,0,,,0,611,611,0,611
Yavatmal,,,YAVATMAL,78,,29,562,0,1,563,0,,,0,572,572,0,572
Yavatmal,,,YAVATMAL,78,,30,586,0,0,586,0,,,0,592,592,0,592
Yavatmal,,,YAVATMAL,78,,31,668,0,0,668,0,,,0,664,664,0,664
Yavatmal,,,YAVATMAL,78,,32,470,0,0,470,0,,,0,463,463,0,463
Yavatmal,,,YAVATMAL,78,,33,553,0,1,554,0,,,0,563,563,0,563
Yavatmal,,,YAVATMAL,78,,34,564,0,3,567,0,,,0,567,567,0,567
Yavatmal,,,YAVATMAL,78,,35,652,0,0,652,0,,,0,651,651,0,651
Yavatmal,,,YAVATMAL,78,,36,700,0,0,700,0,,,0,700,700,0,700
Yavatmal,,,YAVATMAL,78,,37,469,0,3,472,0,,,0,467,467,0,467
Yavatmal,,,YAVATMAL,78,,38,356,0,2,358,0,,,0,354,354,0,354
Yavatmal,,,YAVATMAL,78,,39,454,0,2,456,0,,,0,454,454,0,454
Yavatmal,,,YAVATMAL,78,,40,323,0,1,324,0,,,0,323,323,0,323
Yavatmal,,,YAVATMAL,78,,41,394,0,0,394,0,,,0,394,394,0,394
Yavatmal,,,YAVATMAL,78,,42,306,0,3,309,0,,,0,306,306,0,306
Yavatmal,,,YAVATMAL,78,,43,544,0,0,544,0,,,0,544,544,0,544
Yavatmal,,,YAVATMAL,78,,44,567,0,8,575,0,,,0,567,567,0,567
Yavatmal,,,YAVATMAL,78,,45,750,0,2,752,0,,,0,750,750,0,750
Yavatmal,,,YAVATMAL,78,,46,284,0,1,285,0,,,0,284,284,0,284
Yavatmal,,,YAVATMAL,78,,47,423,0,1,424,0,,,0,423,423,0,423
Yavatmal,,,YAVATMAL,78,,48,338,0,2,340,0,,,0,338,338,0,338
Yavatmal,,,YAVATMAL,78,,49,537,0,0,537,0,,,0,537,537,0,537
Yavatmal,,,YAVATMAL,78,,50,698,0,2,700,0,,,0,698,698,0,698
Yavatmal,,,YAVATMAL,78,,51,578,0,3,581,0,,,0,576,576,0,576
Yavatmal,,,YAVATMAL,78,,52,437,0,3,440,0,,,0,437,437,0,437
Yavatmal,,,YAVATMAL,78,,53,762,0,5,767,0,,,0,762,762,0,762
Yavatmal,,,YAVATMAL,78,,54,688,0,4,692,0,,,0,688,688,0,688
Yavatmal,,,YAVATMAL,78,,55,535,0,2,537,0,,,0,534,534,0,534
Yavatmal,,,YAVATMAL,78,,56,376,0,3,379,0,,,0,375,375,0,375
Yavatmal,,,YAVATMAL,78,,57,640,0,5,645,0,,,0,639,639,0,639
Yavatmal,,,YAVATMAL,78,,58,618,0,5,623,0,,,0,618,618,0,618
Yavatmal,,,YAVATMAL,78,,59,686,0,0,686,0,,,0,676,676,0,676
Yavatmal,,,YAVATMAL,78,,60,575,0,2,577,0,,,0,568,568,0,568
Yavatmal,,,YAVATMAL,78,,61,819,0,1,820,0,,,0,811,811,0,811
Yavatmal,,,YAVATMAL,78,,62,690,0,4,694,0,,,0,684,684,0,684
Yavatmal,,,YAVATMAL,78,,63,764,0,4,768,0,,,0,757,757,0,757
Yavatmal,,,YAVATMAL,78,,64,591,0,2,593,0,,,0,588,588,0,588
Yavatmal,,,YAVATMAL,78,,65,514,0,2,516,0,,,0,514,514,0,514
Yavatmal,,,YAVATMAL,78,,66,430,0,1,431,0,,,0,429,429,0,429
Yavatmal,,,YAVATMAL,78,,67,487,0,8,495,0,,,0,486,486,0,486
Yavatmal,,,YAVATMAL,78,,68,679,0,2,681,0,,,0,676,676,0,676
Yavatmal,,,YAVATMAL,78,,69,509,0,0,509,0,,,0,505,505,0,505
Yavatmal,,,YAVATMAL,78,,70,555,0,2,557,0,,,0,550,550,0,550
Yavatmal,,,YAVATMAL,78,,71,562,0,7,569,0,,,0,559,559,0,559
Yavatmal,,,YAVATMAL,78,,72,397,0,0,397,0,,,0,393,393,0,393
Yavatmal,,,YAVATMAL,78,,73,262,0,1,263,0,,,0,261,261,0,261
Yavatmal,,,YAVATMAL,78,,74,170,0,1,171,0,,,0,164,164,0,164
Yavatmal,,,YAVATMAL,78,,75,323,0,2,325,0,,,0,319,319,0,319
Yavatmal,,,YAVATMAL,78,,76,102,0,1,103,0,,,0,100,100,0,100
Yavatmal,,,YAVATMAL,78,,77,295,0,2,297,0,,,0,284,284,0,284
Yavatmal,,,YAVATMAL,78,,78,553,0,0,553,0,,,0,549,549,0,549
Yavatmal,,,YAVATMAL,78,,79,494,0,1,495,0,,,0,492,492,0,492
Yavatmal,,,YAVATMAL,78,,80,555,0,4,559,0,,,0,548,548,0,548
Yavatmal,,,YAVATMAL,78,,81,453,0,1,454,0,,,0,453,453,0,453
Yavatmal,,,YAVATMAL,78,,82,481,0,1,482,0,,,0,481,481,0,481
Yavatmal,,,YAVATMAL,78,,83,508,0,4,512,0,,,0,502,502,0,502
Yavatmal,,,YAVATMAL,78,,84,521,0,6,527,0,,,0,515,515,0,515
Yavatmal,,,YAVATMAL,78,,85,330,0,4,334,0,,,0,326,326,0,326
Yavatmal,,,YAVATMAL,78,,86,534,0,3,537,0,,,0,531,531,0,531
Yavatmal,,,YAVATMAL,78,,87,395,0,3,398,0,,,0,390,390,0,390
Yavatmal,,,YAVATMAL,78,,88,725,0,4,729,0,,,0,720,720,0,720
Yavatmal,,,YAVATMAL,78,,89,628,0,3,631,0,,,0,625,625,0,625
Yavatmal,,,YAVATMAL,78,,90,847,0,4,851,0,,,0,844,844,0,844
Yavatmal,,,YAVATMAL,78,,91,413,0,2,415,0,,,0,413,413,0,413
Yavatmal,,,YAVATMAL,78,,92,451,0,0,451,0,,,0,451,451,0,451
Yavatmal,,,YAVATMAL,78,,93,550,0,2,552,0,,,0,547,547,0,547
Yavatmal,,,YAVATMAL,78,,94,486,0,0,486,0,,,0,487,487,0,487
Yavatmal,,,YAVATMAL,78,,95,356,0,2,358,0,,,0,362,362,0,362
Yavatmal,,,YAVATMAL,78,,96,636,0,7,643,0,,,0,633,633,0,633
Yavatmal,,,YAVATMAL,78,,97,448,0,5,453,0,,,0,447,447,0,447
Yavatmal,,,YAVATMAL,78,,98,408,0,6,414,0,,,0,407,407,0,407
Yavatmal,,,YAVATMAL,78,,99,255,0,0,255,0,,,0,254,254,0,254
Yavatmal,,,YAVATMAL,78,,100,489,0,1,490,0,,,0,489,489,0,489
Yavatmal,,,YAVATMAL,78,,101,418,0,5,423,0,,,0,416,416,0,416
Yavatmal,,,YAVATMAL,78,,102,428,0,6,434,0,,,0,427,427,0,427
Yavatmal,,,YAVATMAL,78,,103,533,0,2,535,0,,,0,527,527,0,527
Yavatmal,,,YAVATMAL,78,,104,390,0,1,391,0,,,0,388,388,0,388
Yavatmal,,,YAVATMAL,78,,105,363,0,3,366,0,,,0,361,361,0,361
Yavatmal,,,YAVATMAL,78,,106,580,0,1,581,0,,,0,578,578,0,578
Yavatmal,,,YAVATMAL,78,,107,272,0,5,277,0,,,0,272,272,0,272
Yavatmal,,,YAVATMAL,78,,108,280,0,5,285,0,,,0,280,280,0,280
Yavatmal,,,YAVATMAL,78,,109,316,0,0,316,0,,,0,317,317,0,317
Yavatmal,,,YAVATMAL,78,,110,348,0,4,352,0,,,0,347,347,0,347
Yavatmal,,,YAVATMAL,78,,111,304,0,1,305,0,,,0,306,306,0,306
Yavatmal,,,YAVATMAL,78,,112,377,0,2,379,0,,,0,372,372,0,372
Yavatmal,,,YAVATMAL,78,,113,340,0,1,341,0,,,0,345,345,0,345
Yavatmal,,,YAVATMAL,78,,114,307,0,3,310,0,,,0,307,307,0,307
Yavatmal,,,YAVATMAL,78,,115,269,0,2,271,0,,,0,267,267,0,267
Yavatmal,,,YAVATMAL,78,,116,384,0,6,390,0,,,0,383,383,0,383
Yavatmal,,,YAVATMAL,78,,117,546,0,3,549,0,,,0,546,546,0,546
Yavatmal,,,YAVATMAL,78,,118,448,0,1,449,0,,,0,446,446,0,446
Yavatmal,,,YAVATMAL,78,,119,402,0,2,404,0,,,0,400,400,0,400
Yavatmal,,,YAVATMAL,78,,120,497,0,3,500,0,,,0,491,491,0,491
Yavatmal,,,YAVATMAL,78,,121,443,0,6,449,0,,,0,440,440,0,440
Yavatmal,,,YAVATMAL,78,,122,653,0,5,658,0,,,0,644,644,0,644
Yavatmal,,,YAVATMAL,78,,123,590,0,5,595,0,,,0,586,586,0,586
Yavatmal,,,YAVATMAL,78,,124,847,0,2,849,0,,,0,833,833,0,833
Yavatmal,,,YAVATMAL,78,,125,782,0,4,786,0,,,0,771,771,0,771
Yavatmal,,,YAVATMAL,78,,126,362,0,0,362,0,,,0,350,350,0,350
Yavatmal,,,YAVATMAL,78,,127,499,0,2,501,0,,,0,494,494,0,494
Yavatmal,,,YAVATMAL,78,,128,801,0,3,804,0,,,0,787,787,0,787
Yavatmal,,,YAVATMAL,78,,129,452,0,1,453,0,,,0,442,442,0,442
Yavatmal,,,YAVATMAL,78,,130,547,0,4,551,0,,,0,541,541,0,541
Yavatmal,,,YAVATMAL,78,,131,332,0,4,336,0,,,0,331,331,0,331
Yavatmal,,,YAVATMAL,78,,132,324,0,2,326,0,,,0,324,324,0,324
Yavatmal,,,YAVATMAL,78,,133,338,0,4,342,0,,,0,336,336,0,336
Yavatmal,,,YAVATMAL,78,,134,509,0,4,513,0,,,0,508,508,0,508
Yavatmal,,,YAVATMAL,78,,135,397,0,3,400,0,,,0,394,394,0,394
Yavatmal,,,YAVATMAL,78,,136,407,0,1,408,0,,,0,405,405,0,405
Yavatmal,,,YAVATMAL,78,,137,440,0,5,445,0,,,0,440,440,0,440
Yavatmal,,,YAVATMAL,78,,138,360,0,3,363,0,,,0,358,358,0,358
Yavatmal,,,YAVATMAL,78,,139,434,0,2,436,0,,,0,431,431,0,431
Yavatmal,,,YAVATMAL,78,,140,352,0,3,355,0,,,0,350,350,0,350
Yavatmal,,,YAVATMAL,78,,141,446,0,2,448,0,,,0,443,443,0,443
Yavatmal,,,YAVATMAL,78,,142,331,0,1,332,0,,,0,331,331,0,331
Yavatmal,,,YAVATMAL,78,,143,339,0,0,339,0,,,0,334,334,0,334
Yavatmal,,,YAVATMAL,78,,144,202,0,2,204,0,,,0,200,200,0,200
Yavatmal,,,YAVATMAL,78,,145,533,0,1,534,0,,,0,530,530,0,530
Yavatmal,,,YAVATMAL,78,,146,584,0,3,587,0,,,0,572,572,0,572
Yavatmal,,,YAVATMAL,78,,147,714,0,5,719,0,,,0,712,712,0,712
Yavatmal,,,YAVATMAL,78,,148,739,0,7,746,0,,,0,732,732,0,732
Yavatmal,,,YAVATMAL,78,,149,768,0,1,769,0,,,0,763,763,0,763
Yavatmal,,,YAVATMAL,78,,150,753,0,1,754,0,,,0,744,744,0,744
Yavatmal,,,YAVATMAL,78,,151,501,0,1,502,0,,,0,497,497,0,497
Yavatmal,,,YAVATMAL,78,,152,560,0,2,562,0,,,0,560,560,0,560
Yavatmal,,,YAVATMAL,78,,153,806,0,2,808,0,,,0,799,799,0,799
Yavatmal,,,YAVATMAL,78,,154,650,0,2,652,0,,,0,645,645,0,645
Yavatmal,,,YAVATMAL,78,,155,598,0,1,599,0,,,0,598,598,0,598
Yavatmal,,,YAVATMAL,78,,156,684,0,0,684,0,,,0,671,671,0,671
Yavatmal,,,YAVATMAL,78,,157,496,0,1,497,0,,,0,492,492,0,492
Yavatmal,,,YAVATMAL,78,,158,563,0,1,564,0,,,0,550,550,0,550
Yavatmal,,,YAVATMAL,78,,159,957,0,1,958,0,,,0,934,934,0,934
Yavatmal,,,YAVATMAL,78,,160,517,0,4,521,0,,,0,516,516,0,516
Yavatmal,,,YAVATMAL,78,,161,371,0,2,373,0,,,0,370,370,0,370
Yavatmal,,,YAVATMAL,78,,162,834,0,1,835,0,,,0,855,855,0,855
Yavatmal,,,YAVATMAL,78,,163,205,0,0,205,0,,,0,223,223,0,223
Yavatmal,,,YAVATMAL,78,,164,558,0,4,562,0,,,0,565,565,0,565
Yavatmal,,,YAVATMAL,78,,165,808,0,2,810,0,,,0,767,767,0,767
Yavatmal,,,YAVATMAL,78,,166,283,0,1,284,0,,,0,316,316,0,316
Yavatmal,,,YAVATMAL,78,,167,952,0,0,952,0,,,0,921,921,0,921
Yavatmal,,,YAVATMAL,78,,168,904,0,1,905,0,,,0,917,917,0,917
Yavatmal,,,YAVATMAL,78,,169,460,0,1,461,0,,,0,414,414,0,414
Yavatmal,,,YAVATMAL,78,,170,231,0,3,234,0,,,0,255,255,0,255
Yavatmal,,,YAVATMAL,78,,171,722,0,4,726,0,,,0,648,648,0,648
Yavatmal,,,YAVATMAL,78,,172,652,0,2,654,0,,,0,577,577,0,577
Yavatmal,,,YAVATMAL,78,,173,583,0,2,585,0,,,0,706,706,0,706
Yavatmal,,,YAVATMAL,78,,174,373,0,1,374,0,,,0,354,354,0,354
Yavatmal,,,YAVATMAL,78,,175,657,0,5,662,0,,,0,657,657,0,657
Yavatmal,,,YAVATMAL,78,,176,863,0,2,865,0,,,0,861,861,0,861
Yavatmal,,,YAVATMAL,78,,177,482,0,1,483,0,,,0,479,479,0,479
Yavatmal,,,YAVATMAL,78,,178,397,0,2,399,0,,,0,394,394,0,394
Yavatmal,,,YAVATMAL,78,,179,600,0,0,600,0,,,0,599,599,0,599
Yavatmal,,,YAVATMAL,78,,180,612,0,2,614,0,,,0,609,609,0,609
Yavatmal,,,YAVATMAL,78,,181,471,0,2,473,0,,,0,465,465,0,465
Yavatmal,,,YAVATMAL,78,,182,508,0,2,510,0,,,0,488,488,0,488
Yavatmal,,,YAVATMAL,78,,183,569,0,5,574,0,,,0,544,544,0,544
Yavatmal,,,YAVATMAL,78,,184,564,0,5,569,0,,,0,560,560,0,560
Yavatmal,,,YAVATMAL,78,,185,368,0,3,371,0,,,0,360,360,0,360
Yavatmal,,,YAVATMAL,78,,186,324,0,2,326,0,,,0,306,306,0,306
Yavatmal,,,YAVATMAL,78,,187,783,0,1,784,0,,,0,780,780,0,780
Yavatmal,,,YAVATMAL,78,,188,485,0,4,489,0,,,0,476,476,0,476
Yavatmal,,,YAVATMAL,78,,189,443,0,1,444,0,,,0,437,437,0,437
Yavatmal,,,YAVATMAL,78,,190,520,0,2,522,0,,,0,518,518,0,518
Yavatmal,,,YAVATMAL,78,,191,570,0,3,573,0,,,0,564,564,0,564
Yavatmal,,,YAVATMAL,78,,192,498,0,2,500,0,,,0,498,498,0,498
Yavatmal,,,YAVATMAL,78,,193,691,0,1,692,0,,,0,686,686,0,686
Yavatmal,,,YAVATMAL,78,,194,475,0,0,475,0,,,0,470,470,0,470
Yavatmal,,,YAVATMAL,78,,195,592,0,3,595,0,,,0,588,588,0,588
Yavatmal,,,YAVATMAL,78,,196,623,0,4,627,0,,,0,618,618,0,618
Yavatmal,,,YAVATMAL,78,,197,781,0,4,785,0,,,0,777,777,0,777
Yavatmal,,,YAVATMAL,78,,198,645,0,3,648,0,,,0,626,626,0,626
Yavatmal,,,YAVATMAL,78,,199,368,0,0,368,0,,,0,353,353,0,353
Yavatmal,,,YAVATMAL,78,,200,521,0,0,521,0,,,0,506,506,0,506
Yavatmal,,,YAVATMAL,78,,201,760,0,2,762,0,,,0,752,752,0,752
Yavatmal,,,YAVATMAL,78,,202,848,0,2,850,0,,,0,839,839,0,839
Yavatmal,,,YAVATMAL,78,,203,496,0,2,498,0,,,0,491,491,0,491
Yavatmal,,,YAVATMAL,78,,204,662,0,8,670,0,,,0,655,655,0,655
Yavatmal,,,YAVATMAL,78,,205,499,0,1,500,0,,,0,499,499,0,499
Yavatmal,,,YAVATMAL,78,,206,427,0,2,429,0,,,0,425,425,0,425
Yavatmal,,,YAVATMAL,78,,207,683,0,3,686,0,,,0,682,682,0,682
Yavatmal,,,YAVATMAL,78,,208,519,0,1,520,0,,,0,524,524,0,524
Yavatmal,,,YAVATMAL,78,,209,466,0,2,468,0,,,0,466,466,0,466
Yavatmal,,,YAVATMAL,78,,210,522,0,1,523,0,,,0,519,519,0,519
Yavatmal,,,YAVATMAL,78,,211,525,0,0,525,0,,,0,520,520,0,520
Yavatmal,,,YAVATMAL,78,,212,562,0,1,563,0,,,0,549,549,0,549
Yavatmal,,,YAVATMAL,78,,213,698,0,1,699,0,,,0,682,682,0,682
Yavatmal,,,YAVATMAL,78,,214,596,0,1,597,0,,,0,587,587,0,587
Yavatmal,,,YAVATMAL,78,,215,603,0,0,603,0,,,0,595,595,0,595
Yavatmal,,,YAVATMAL,78,,216,491,0,0,491,0,,,0,472,472,0,472
Yavatmal,,,YAVATMAL,78,,217,762,0,1,763,0,,,0,730,730,0,730
Yavatmal,,,YAVATMAL,78,,218,651,0,3,654,0,,,0,651,651,0,651
Yavatmal,,,YAVATMAL,78,,219,445,0,2,447,0,,,0,427,427,0,427
Yavatmal,,,YAVATMAL,78,,220,491,0,0,491,0,,,0,479,479,0,479
Yavatmal,,,YAVATMAL,78,,221,675,0,0,675,0,,,0,650,650,0,650
Yavatmal,,,YAVATMAL,78,,222,688,0,0,688,0,,,0,683,683,0,683
Yavatmal,,,YAVATMAL,78,,223,655,0,0,655,0,,,0,649,649,0,649
Yavatmal,,,YAVATMAL,78,,224,838,0,1,839,0,,,0,814,814,0,814
Yavatmal,,,YAVATMAL,78,,225,526,0,0,526,0,,,0,512,512,0,512
Yavatmal,,,YAVATMAL,78,,226,402,0,0,402,0,,,0,414,414,0,414
Yavatmal,,,YAVATMAL,78,,227,649,0,2,651,0,,,0,632,632,0,632
Yavatmal,,,YAVATMAL,78,,228,821,0,0,821,0,,,0,799,799,0,799
Yavatmal,,,YAVATMAL,78,,229,392,0,0,392,0,,,0,389,389,0,389
Yavatmal,,,YAVATMAL,78,,230,635,0,0,635,0,,,0,613,613,0,613
Yavatmal,,,YAVATMAL,78,,231,598,0,0,598,0,,,0,571,571,0,571
Yavatmal,,,YAVATMAL,78,,232,651,0,1,652,0,,,0,643,643,0,643
Yavatmal,,,YAVATMAL,78,,233,531,0,1,532,0,,,0,522,522,0,522
Yavatmal,,,YAVATMAL,78,,234,684,0,0,684,0,,,0,655,655,0,655
Yavatmal,,,YAVATMAL,78,,235,436,0,2,438,0,,,0,422,422,0,422
Yavatmal,,,YAVATMAL,78,,236,332,0,4,336,0,,,0,331,331,0,331
Yavatmal,,,YAVATMAL,78,,237,462,0,4,466,0,,,0,462,462,0,462
Yavatmal,,,YAVATMAL,78,,238,424,0,3,427,0,,,0,417,417,0,417
Yavatmal,,,YAVATMAL,78,,239,563,0,1,564,0,,,0,559,559,0,559
Yavatmal,,,YAVATMAL,78,,240,395,0,2,397,0,,,0,390,390,0,390
Yavatmal,,,YAVATMAL,78,,241,682,0,3,685,0,,,0,677,677,0,677
Yavatmal,,,YAVATMAL,78,,242,510,0,0,510,0,,,0,504,504,0,504
Yavatmal,,,YAVATMAL,78,,243,594,0,1,595,0,,,0,581,581,0,581
Yavatmal,,,YAVATMAL,78,,244,440,0,1,441,0,,,0,429,429,0,429
Yavatmal,,,YAVATMAL,78,,245,395,0,0,395,0,,,0,387,387,0,387
Yavatmal,,,YAVATMAL,78,,246,419,0,0,419,0,,,0,405,405,0,405
Yavatmal,,,YAVATMAL,78,,247,547,0,2,549,0,,,0,531,531,0,531
Yavatmal,,,YAVATMAL,78,,248,635,0,0,635,0,,,0,631,631,0,631
Yavatmal,,,YAVATMAL,78,,249,545,0,3,548,0,,,0,537,537,0,537
Yavatmal,,,YAVATMAL,78,,250,366,0,0,366,0,,,0,363,363,0,363
Yavatmal,,,YAVATMAL,78,,251,473,0,0,473,0,,,0,455,455,0,455
Yavatmal,,,YAVATMAL,78,,252,501,0,2,503,0,,,0,491,491,0,491
Yavatmal,,,YAVATMAL,78,,253,714,0,1,715,0,,,0,702,702,0,702
Yavatmal,,,YAVATMAL,78,,254,481,0,2,483,0,,,0,473,473,0,473
Yavatmal,,,YAVATMAL,78,,255,636,0,5,641,0,,,0,631,631,0,631
Yavatmal,,,YAVATMAL,78,,256,656,0,3,659,0,,,0,644,644,0,644
Yavatmal,,,YAVATMAL,78,,257,657,0,4,661,0,,,0,651,651,0,651
Yavatmal,,,YAVATMAL,78,,258,707,0,6,713,0,,,0,705,705,0,705
Yavatmal,,,YAVATMAL,78,,259,532,0,6,538,0,,,0,526,526,0,526
Yavatmal,,,YAVATMAL,78,,260,387,0,4,391,0,,,0,387,387,0,387
Yavatmal,,,YAVATMAL,78,,261,349,0,8,357,0,,,0,347,347,0,347
Yavatmal,,,YAVATMAL,78,,262,498,0,8,506,0,,,0,491,491,0,491
Yavatmal,,,YAVATMAL,78,,263,463,0,6,469,0,,,0,452,452,0,452
Yavatmal,,,YAVATMAL,78,,264,564,0,3,567,0,,,0,561,561,0,561
Yavatmal,,,YAVATMAL,78,,265,604,0,4,608,0,,,0,592,592,0,592
Yavatmal,,,YAVATMAL,78,,266,481,0,3,484,0,,,0,479,479,0,479
Yavatmal,,,YAVATMAL,78,,267,434,0,6,440,0,,,0,434,434,0,434
Yavatmal,,,YAVATMAL,78,,268,423,0,3,426,0,,,0,413,413,0,413
Yavatmal,,,YAVATMAL,78,,269,385,0,5,390,0,,,0,382,382,0,382
Yavatmal,,,YAVATMAL,78,,270,504,0,0,504,0,,,0,502,502,0,502
Yavatmal,,,YAVATMAL,78,,271,465,0,3,468,0,,,0,460,460,0,460
Yavatmal,,,YAVATMAL,78,,272,472,0,1,473,0,,,0,472,472,0,472
Yavatmal,,,YAVATMAL,78,,273,797,0,3,800,0,,,0,792,792,0,792
Yavatmal,,,YAVATMAL,78,,274,674,0,4,678,0,,,0,646,646,0,646
Yavatmal,,,YAVATMAL,78,,275,356,0,4,360,0,,,0,342,342,0,342
Yavatmal,,,YAVATMAL,78,,276,285,0,2,287,0,,,0,276,276,0,276
Yavatmal,,,YAVATMAL,78,,277,608,0,0,608,0,,,0,600,600,0,600
Yavatmal,,,YAVATMAL,78,,278,661,0,2,663,0,,,0,655,655,0,655
Yavatmal,,,YAVATMAL,78,,279,392,0,0,392,0,,,0,392,392,0,392
Yavatmal,,,YAVATMAL,78,,280,525,0,3,528,0,,,0,515,515,0,515
Yavatmal,,,YAVATMAL,78,,281,618,0,5,623,0,,,0,622,622,0,622
Yavatmal,,,YAVATMAL,78,,282,803,0,2,805,0,,,0,831,831,0,831
Yavatmal,,,YAVATMAL,78,,283,771,0,0,771,0,,,0,775,775,0,775
Yavatmal,,,YAVATMAL,78,,284,601,0,2,603,0,,,0,566,566,0,566
Yavatmal,,,YAVATMAL,78,,285,362,0,1,363,0,,,0,353,353,0,353
Yavatmal,,,YAVATMAL,78,,286,837,0,5,842,0,,,0,812,812,0,812
Yavatmal,,,YAVATMAL,78,,287,975,0,1,976,0,,,0,929,929,0,929
Yavatmal,,,YAVATMAL,78,,288,506,0,0,506,0,,,0,523,523,0,523
Yavatmal,,,YAVATMAL,78,,289,1052,0,4,1056,0,,,0,1018,1018,0,1018
Yavatmal,,,YAVATMAL,78,,290,457,0,0,457,0,,,0,429,429,0,429
Yavatmal,,,YAVATMAL,78,,291,703,0,3,706,0,,,0,703,703,0,703
Yavatmal,,,YAVATMAL,78,,292,518,0,0,518,0,,,0,518,518,0,518
Yavatmal,,,YAVATMAL,78,,293,580,0,2,582,0,,,0,580,580,0,580
Yavatmal,,,YAVATMAL,78,,294,444,0,0,444,0,,,0,442,442,0,442
Yavatmal,,,YAVATMAL,78,,295,794,0,0,794,0,,,0,791,791,0,791
Yavatmal,,,YAVATMAL,78,,296,696,0,0,696,0,,,0,697,697,0,697
Yavatmal,,,YAVATMAL,78,,297,823,0,0,823,0,,,0,822,822,0,822
Yavatmal,,,YAVATMAL,78,,298,823,0,1,824,0,,,0,823,823,0,823
Yavatmal,,,YAVATMAL,78,,299,769,0,0,769,0,,,0,772,772,0,772
Yavatmal,,,YAVATMAL,78,,300,710,0,0,710,0,,,0,710,710,0,710
Yavatmal,,,YAVATMAL,78,,301,691,0,3,694,0,,,0,689,689,0,689
Yavatmal,,,YAVATMAL,78,,302,707,0,0,707,0,,,0,708,708,0,708
Yavatmal,,,YAVATMAL,78,,303,889,0,3,892,0,,,0,886,886,0,886
Yavatmal,,,YAVATMAL,78,,304,833,0,1,834,0,,,0,833,833,0,833
Yavatmal,,,YAVATMAL,78,,305,845,0,1,846,0,,,0,845,845,0,845
Yavatmal,,,YAVATMAL,78,,306,246,0,0,246,0,,,0,246,246,0,246
Yavatmal,,,YAVATMAL,78,,307,1011,0,0,1011,0,,,0,1012,1012,0,1012
Yavatmal,,,YAVATMAL,78,,308,842,0,1,843,0,,,0,842,842,0,842
Yavatmal,,,YAVATMAL,78,,309,504,0,1,505,0,,,0,503,503,0,503
Yavatmal,,,YAVATMAL,78,,310,476,0,0,476,0,,,0,476,476,0,476
Yavatmal,,,YAVATMAL,78,,311,437,0,0,437,0,,,0,439,439,0,439
Yavatmal,,,YAVATMAL,78,,312,796,0,1,797,0,,,0,796,796,0,796
Yavatmal,,,YAVATMAL,78,,313,679,0,2,681,0,,,0,680,680,0,680
Yavatmal,,,YAVATMAL,78,,314,872,0,1,873,0,,,0,873,873,0,873
Yavatmal,,,YAVATMAL,78,,315,593,0,1,594,0,,,0,594,594,0,594
Yavatmal,,,YAVATMAL,78,,316,590,0,1,591,0,,,0,590,590,0,590
Yavatmal,,,YAVATMAL,78,,317,493,0,2,495,0,,,0,493,493,0,493
Yavatmal,,,YAVATMAL,78,,318,491,0,1,492,0,,,0,491,491,0,491
Yavatmal,,,YAVATMAL,78,,319,747,0,0,747,0,,,0,747,747,0,747
Yavatmal,,,YAVATMAL,78,,320,548,0,2,550,0,,,0,549,549,0,549
Yavatmal,,,YAVATMAL,78,,321,879,0,3,882,0,,,0,879,879,0,879
Yavatmal,,,YAVATMAL,78,,322,834,0,0,834,0,,,0,834,834,0,834
Yavatmal,,,YAVATMAL,78,,323,384,0,1,385,0,,,0,384,384,0,384
Yavatmal,,,YAVATMAL,78,,324,381,0,1,382,0,,,0,381,381,0,381
Yavatmal,,,YAVATMAL,78,,325,372,0,1,373,0,,,0,372,372,0,372
Yavatmal,,,YAVATMAL,78,,326,389,0,0,389,0,,,0,389,389,0,389
Yavatmal,,,YAVATMAL,78,,327,282,0,2,284,0,,,0,282,282,0,282
Yavatmal,,,YAVATMAL,78,,328,861,0,2,863,0,,,0,861,861,0,861
Yavatmal,,,YAVATMAL,78,,329,691,0,0,691,0,,,0,691,691,0,691
Yavatmal,,,YAVATMAL,78,,330,529,0,0,529,0,,,0,531,531,0,531
Yavatmal,,,YAVATMAL,78,,331,712,0,1,713,0,,,0,762,762,0,762
Yavatmal,,,YAVATMAL,78,,332,729,0,1,730,0,,,0,679,679,0,679
Yavatmal,,,YAVATMAL,78,,333,413,0,1,414,0,,,0,411,411,0,411
Yavatmal,,,YAVATMAL,78,,334,345,0,1,346,0,,,0,346,346,0,346
Yavatmal,,,YAVATMAL,78,,335,340,0,0,340,0,,,0,339,339,0,339
Yavatmal,,,YAVATMAL,78,,336,598,0,1,599,0,,,0,595,595,0,595
Yavatmal,,,YAVATMAL,78,,337,499,0,2,501,0,,,0,499,499,0,499
Yavatmal,,,YAVATMAL,78,,338,417,0,0,417,0,,,0,416,416,0,416
Yavatmal,,,YAVATMAL,78,,339,513,0,0,513,0,,,0,512,512,0,512
Yavatmal,,,YAVATMAL,78,,340,548,0,2,550,0,,,0,548,548,0,548
Yavatmal,,,YAVATMAL,78,,341,843,0,3,846,0,,,0,843,843,0,843
Yavatmal,,,YAVATMAL,78,,342,532,0,2,534,0,,,0,532,532,0,532
Yavatmal,,,YAVATMAL,78,,343,259,0,0,259,0,,,0,260,260,0,260
Yavatmal,,,YAVATMAL,78,,344,477,0,1,478,0,,,0,477,477,0,477
Yavatmal,,,YAVATMAL,78,,345,254,0,0,254,0,,,0,254,254,0,254
Yavatmal,,,YAVATMAL,78,,346,517,0,1,518,0,,,0,518,518,0,518
Yavatmal,,,YAVATMAL,78,,347,421,0,0,421,0,,,0,422,422,0,422
Yavatmal,,,YAVATMAL,78,,348,424,0,1,425,0,,,0,424,424,0,424
TOTAL,,,,,,,191002,0,714,191716,0,,,0,189446,189446,0,189446
