District Name,District No,Jilha,Constituency Name,Constituency No,Total No. of Electors,Serial Poll,Total No. Valid Votes,No. of Rejected Votes,NOTA,Total,No. of Tendered Votes,Elected Person Name,Party Name of Elected Person,No. of Valid Votes Cast in Favour of Elected Person,Other Candidate Votes,Total EVM Votes,Total Postal ballot votes,Total Votes Polled
Chandrapur,,,CHANDRAPUR (S.C),71,,1,1005,0,11,1016,0,,,0,1005,1005,0,1005
Chandrapur,,,CHANDRAPUR (S.C),71,,2,698,0,5,703,0,,,0,698,698,0,698
Chandrapur,,,CHANDRAPUR (S.C),71,,3,519,0,6,525,0,,,0,519,519,0,519
Chandrapur,,,CHANDRAPUR (S.C),71,,4,375,0,3,378,0,,,0,375,375,0,375
Chandrapur,,,CHANDRAPUR (S.C),71,,5,233,0,3,236,0,,,0,233,233,0,233
Chandrapur,,,CHANDRAPUR (S.C),71,,6,242,0,5,247,0,,,0,242,242,0,242
Chandrapur,,,CHANDRAPUR (S.C),71,,7,693,0,6,699,0,,,0,693,693,0,693
Chandrapur,,,CHANDRAPUR (S.C),71,,8,844,0,3,847,0,,,0,844,844,0,844
Chandrapur,,,CHANDRAPUR (S.C),71,,9,622,0,15,637,0,,,0,622,622,0,622
Chandrapur,,,CHANDRAPUR (S.C),71,,10,607,0,21,628,0,,,0,607,607,0,607
Chandrapur,,,CHANDRAPUR (S.C),71,,11,783,0,6,789,0,,,0,783,783,0,783
Chandrapur,,,CHANDRAPUR (S.C),71,,12,560,0,6,566,0,,,0,560,560,0,560
Chandrapur,,,CHANDRAPUR (S.C),71,,13,420,0,1,421,0,,,0,420,420,0,420
Chandrapur,,,CHANDRAPUR (S.C),71,,14,734,0,8,742,0,,,0,734,734,0,734
Chandrapur,,,CHANDRAPUR (S.C),71,,15,474,0,5,479,0,,,0,474,474,0,474
Chandrapur,,,CHANDRAPUR (S.C),71,,16,627,0,8,635,0,,,0,627,627,0,627
Chandrapur,,,CHANDRAPUR (S.C),71,,17,458,0,6,464,0,,,0,458,458,0,458
Chandrapur,,,CHANDRAPUR (S.C),71,,18,945,0,9,954,0,,,0,945,945,0,945
Chandrapur,,,CHANDRAPUR (S.C),71,,19,858,0,8,866,0,,,0,858,858,0,858
Chandrapur,,,CHANDRAPUR (S.C),71,,20,569,0,5,574,0,,,0,569,569,0,569
Chandrapur,,,CHANDRAPUR (S.C),71,,21,619,0,7,626,0,,,0,619,619,0,619
Chandrapur,,,CHANDRAPUR (S.C),71,,22,474,0,5,479,0,,,0,474,474,0,474
Chandrapur,,,CHANDRAPUR (S.C),71,,23,469,0,3,472,0,,,0,469,469,0,469
Chandrapur,,,CHANDRAPUR (S.C),71,,24,563,0,7,570,0,,,0,563,563,0,563
Chandrapur,,,CHANDRAPUR (S.C),71,,25,620,0,3,623,0,,,0,620,620,0,620
Chandrapur,,,CHANDRAPUR (S.C),71,,26,298,0,0,298,0,,,0,298,298,0,298
Chandrapur,,,CHANDRAPUR (S.C),71,,27,567,0,7,574,0,,,0,567,567,0,567
Chandrapur,,,CHANDRAPUR (S.C),71,,28,286,0,0,286,0,,,0,286,286,0,286
Chandrapur,,,CHANDRAPUR (S.C),71,,29,993,0,18,1011,0,,,0,993,993,0,993
Chandrapur,,,CHANDRAPUR (S.C),71,,30,863,0,7,870,0,,,0,863,863,0,863
Chandrapur,,,CHANDRAPUR (S.C),71,,31,794,0,15,809,0,,,0,794,794,0,794
Chandrapur,,,CHANDRAPUR (S.C),71,,32,652,0,5,657,0,,,0,652,652,0,652
Chandrapur,,,CHANDRAPUR (S.C),71,,33,668,0,7,675,0,,,0,668,668,0,668
Chandrapur,,,CHANDRAPUR (S.C),71,,34,772,0,14,786,0,,,0,772,772,0,772
Chandrapur,,,CHANDRAPUR (S.C),71,,35,626,0,8,634,0,,,0,626,626,0,626
Chandrapur,,,CHANDRAPUR (S.C),71,,36,384,0,7,391,0,,,0,384,384,0,384
Chandrapur,,,CHANDRAPUR (S.C),71,,37,423,0,2,425,0,,,0,423,423,0,423
Chandrapur,,,CHANDRAPUR (S.C),71,,38,623,0,15,638,0,,,0,623,623,0,623
Chandrapur,,,CHANDRAPUR (S.C),71,,39,417,0,9,426,0,,,0,417,417,0,417
Chandrapur,,,CHANDRAPUR (S.C),71,,40,399,0,6,405,0,,,0,399,399,0,399
Chandrapur,,,CHANDRAPUR (S.C),71,,41,537,0,5,542,0,,,0,537,537,0,537
Chandrapur,,,CHANDRAPUR (S.C),71,,42,492,0,2,494,0,,,0,492,492,0,492
Chandrapur,,,CHANDRAPUR (S.C),71,,43,634,0,5,639,0,,,0,634,634,0,634
Chandrapur,,,CHANDRAPUR (S.C),71,,44,677,0,8,685,0,,,0,677,677,0,677
Chandrapur,,,CHANDRAPUR (S.C),71,,45,722,0,11,733,0,,,0,722,722,0,722
Chandrapur,,,CHANDRAPUR (S.C),71,,46,489,0,7,496,0,,,0,489,489,0,489
Chandrapur,,,CHANDRAPUR (S.C),71,,47,425,0,6,431,0,,,0,425,425,0,425
Chandrapur,,,CHANDRAPUR (S.C),71,,48,548,0,9,557,0,,,0,548,548,0,548
Chandrapur,,,CHANDRAPUR (S.C),71,,49,369,0,5,374,0,,,0,369,369,0,369
Chandrapur,,,CHANDRAPUR (S.C),71,,50,514,0,4,518,0,,,0,514,514,0,514
Chandrapur,,,CHANDRAPUR (S.C),71,,51,630,0,11,641,0,,,0,630,630,0,630
Chandrapur,,,CHANDRAPUR (S.C),71,,52,640,0,7,647,0,,,0,640,640,0,640
Chandrapur,,,CHANDRAPUR (S.C),71,,53,456,0,1,457,0,,,0,456,456,0,456
Chandrapur,,,CHANDRAPUR (S.C),71,,54,398,0,2,400,0,,,0,398,398,0,398
Chandrapur,,,CHANDRAPUR (S.C),71,,55,451,0,4,455,0,,,0,451,451,0,451
Chandrapur,,,CHANDRAPUR (S.C),71,,56,521,0,6,527,0,,,0,521,521,0,521
Chandrapur,,,CHANDRAPUR (S.C),71,,57,424,0,1,425,0,,,0,424,424,0,424
Chandrapur,,,CHANDRAPUR (S.C),71,,58,741,0,10,751,0,,,0,741,741,0,741
Chandrapur,,,CHANDRAPUR (S.C),71,,59,516,0,5,521,0,,,0,516,516,0,516
Chandrapur,,,CHANDRAPUR (S.C),71,,60,457,0,10,467,0,,,0,457,457,0,457
Chandrapur,,,CHANDRAPUR (S.C),71,,61,321,0,3,324,0,,,0,321,321,0,321
Chandrapur,,,CHANDRAPUR (S.C),71,,62,407,0,3,410,0,,,0,407,407,0,407
Chandrapur,,,CHANDRAPUR (S.C),71,,63,632,0,10,642,0,,,0,632,632,0,632
Chandrapur,,,CHANDRAPUR (S.C),71,,64,739,0,12,751,0,,,0,739,739,0,739
Chandrapur,,,CHANDRAPUR (S.C),71,,65,631,0,16,647,0,,,0,631,631,0,631
Chandrapur,,,CHANDRAPUR (S.C),71,,66,542,0,6,548,0,,,0,542,542,0,542
Chandrapur,,,CHANDRAPUR (S.C),71,,67,401,0,1,402,0,,,0,401,401,0,401
Chandrapur,,,CHANDRAPUR (S.C),71,,68,481,0,1,482,0,,,0,481,481,0,481
Chandrapur,,,CHANDRAPUR (S.C),71,,69,429,0,1,430,0,,,0,429,429,0,429
Chandrapur,,,CHANDRAPUR (S.C),71,,70,335,0,3,338,0,,,0,335,335,0,335
Chandrapur,,,CHANDRAPUR (S.C),71,,71,386,0,5,391,0,,,0,386,386,0,386
Chandrapur,,,CHANDRAPUR (S.C),71,,72,387,0,2,389,0,,,0,387,387,0,387
Chandrapur,,,CHANDRAPUR (S.C),71,,73,372,0,2,374,0,,,0,372,372,0,372
Chandrapur,,,CHANDRAPUR (S.C),71,,74,454,0,3,457,0,,,0,454,454,0,454
Chandrapur,,,CHANDRAPUR (S.C),71,,75,306,0,4,310,0,,,0,306,306,0,306
Chandrapur,,,CHANDRAPUR (S.C),71,,76,561,0,5,566,0,,,0,561,561,0,561
Chandrapur,,,CHANDRAPUR (S.C),71,,77,404,0,5,409,0,,,0,404,404,0,404
Chandrapur,,,CHANDRAPUR (S.C),71,,78,308,0,9,317,0,,,0,308,308,0,308
Chandrapur,,,CHANDRAPUR (S.C),71,,79,404,0,9,413,0,,,0,404,404,0,404
Chandrapur,,,CHANDRAPUR (S.C),71,,80,226,0,0,226,0,,,0,226,226,0,226
Chandrapur,,,CHANDRAPUR (S.C),71,,81,202,0,1,203,0,,,0,202,202,0,202
Chandrapur,,,CHANDRAPUR (S.C),71,,82,371,0,4,375,0,,,0,371,371,0,371
Chandrapur,,,CHANDRAPUR (S.C),71,,83,357,0,3,360,0,,,0,357,357,0,357
Chandrapur,,,CHANDRAPUR (S.C),71,,84,450,0,7,457,0,,,0,450,450,0,450
Chandrapur,,,CHANDRAPUR (S.C),71,,85,377,0,2,379,0,,,0,377,377,0,377
Chandrapur,,,CHANDRAPUR (S.C),71,,86,541,0,6,547,0,,,0,541,541,0,541
Chandrapur,,,CHANDRAPUR (S.C),71,,87,537,0,4,541,0,,,0,537,537,0,537
Chandrapur,,,CHANDRAPUR (S.C),71,,88,677,0,13,690,0,,,0,677,677,0,677
Chandrapur,,,CHANDRAPUR (S.C),71,,89,745,0,4,749,0,,,0,745,745,0,745
Chandrapur,,,CHANDRAPUR (S.C),71,,90,662,0,5,667,0,,,0,662,662,0,662
Chandrapur,,,CHANDRAPUR (S.C),71,,91,488,0,2,490,0,,,0,488,488,0,488
Chandrapur,,,CHANDRAPUR (S.C),71,,92,394,0,4,398,0,,,0,394,394,0,394
Chandrapur,,,CHANDRAPUR (S.C),71,,93,391,0,9,400,0,,,0,391,391,0,391
Chandrapur,,,CHANDRAPUR (S.C),71,,94,540,0,3,543,0,,,0,540,540,0,540
Chandrapur,,,CHANDRAPUR (S.C),71,,95,306,0,7,313,0,,,0,306,306,0,306
Chandrapur,,,CHANDRAPUR (S.C),71,,96,531,0,10,541,0,,,0,531,531,0,531
Chandrapur,,,CHANDRAPUR (S.C),71,,97,651,0,4,655,0,,,0,651,651,0,651
Chandrapur,,,CHANDRAPUR (S.C),71,,98,643,0,6,649,0,,,0,643,643,0,643
Chandrapur,,,CHANDRAPUR (S.C),71,,99,456,0,5,461,0,,,0,456,456,0,456
Chandrapur,,,CHANDRAPUR (S.C),71,,100,292,0,1,293,0,,,0,292,292,0,292
Chandrapur,,,CHANDRAPUR (S.C),71,,101,766,0,7,773,0,,,0,766,766,0,766
Chandrapur,,,CHANDRAPUR (S.C),71,,102,603,0,0,603,0,,,0,603,603,0,603
Chandrapur,,,CHANDRAPUR (S.C),71,,103,578,0,3,581,0,,,0,578,578,0,578
Chandrapur,,,CHANDRAPUR (S.C),71,,104,438,0,4,442,0,,,0,438,438,0,438
Chandrapur,,,CHANDRAPUR (S.C),71,,105,635,0,6,641,0,,,0,635,635,0,635
Chandrapur,,,CHANDRAPUR (S.C),71,,106,659,0,5,664,0,,,0,659,659,0,659
Chandrapur,,,CHANDRAPUR (S.C),71,,107,718,0,5,723,0,,,0,718,718,0,718
Chandrapur,,,CHANDRAPUR (S.C),71,,108,694,0,7,701,0,,,0,694,694,0,694
Chandrapur,,,CHANDRAPUR (S.C),71,,109,641,0,8,649,0,,,0,641,641,0,641
Chandrapur,,,CHANDRAPUR (S.C),71,,110,409,0,6,415,0,,,0,409,409,0,409
Chandrapur,,,CHANDRAPUR (S.C),71,,111,566,0,4,570,0,,,0,566,566,0,566
Chandrapur,,,CHANDRAPUR (S.C),71,,112,583,0,6,589,0,,,0,583,583,0,583
Chandrapur,,,CHANDRAPUR (S.C),71,,113,624,0,6,630,0,,,0,624,624,0,624
Chandrapur,,,CHANDRAPUR (S.C),71,,114,324,0,2,326,0,,,0,324,324,0,324
Chandrapur,,,CHANDRAPUR (S.C),71,,115,706,0,9,715,0,,,0,706,706,0,706
Chandrapur,,,CHANDRAPUR (S.C),71,,116,396,0,3,399,0,,,0,396,396,0,396
Chandrapur,,,CHANDRAPUR (S.C),71,,117,889,0,7,896,0,,,0,889,889,0,889
Chandrapur,,,CHANDRAPUR (S.C),71,,118,725,0,13,738,0,,,0,725,725,0,725
Chandrapur,,,CHANDRAPUR (S.C),71,,119,542,0,7,549,0,,,0,542,542,0,542
Chandrapur,,,CHANDRAPUR (S.C),71,,120,515,0,3,518,0,,,0,515,515,0,515
Chandrapur,,,CHANDRAPUR (S.C),71,,121,818,0,4,822,0,,,0,819,819,0,819
Chandrapur,,,CHANDRAPUR (S.C),71,,122,805,0,9,814,0,,,0,808,808,0,808
Chandrapur,,,CHANDRAPUR (S.C),71,,123,666,0,8,674,0,,,0,668,668,0,668
Chandrapur,,,CHANDRAPUR (S.C),71,,124,618,0,4,622,0,,,0,618,618,0,618
Chandrapur,,,CHANDRAPUR (S.C),71,,125,361,0,0,361,0,,,0,362,362,0,362
Chandrapur,,,CHANDRAPUR (S.C),71,,126,223,0,5,228,0,,,0,224,224,0,224
Chandrapur,,,CHANDRAPUR (S.C),71,,127,281,0,0,281,0,,,0,282,282,0,282
Chandrapur,,,CHANDRAPUR (S.C),71,,128,615,0,10,625,0,,,0,617,617,0,617
Chandrapur,,,CHANDRAPUR (S.C),71,,129,410,0,6,416,0,,,0,410,410,0,410
Chandrapur,,,CHANDRAPUR (S.C),71,,130,372,0,6,378,0,,,0,373,373,0,373
Chandrapur,,,CHANDRAPUR (S.C),71,,131,424,0,6,430,0,,,0,425,425,0,425
Chandrapur,,,CHANDRAPUR (S.C),71,,132,482,0,7,489,0,,,0,484,484,0,484
Chandrapur,,,CHANDRAPUR (S.C),71,,133,633,0,1,634,0,,,0,635,635,0,635
Chandrapur,,,CHANDRAPUR (S.C),71,,134,615,0,2,617,0,,,0,616,616,0,616
Chandrapur,,,CHANDRAPUR (S.C),71,,135,643,0,5,648,0,,,0,644,644,0,644
Chandrapur,,,CHANDRAPUR (S.C),71,,136,555,0,5,560,0,,,0,555,555,0,555
Chandrapur,,,CHANDRAPUR (S.C),71,,137,440,0,6,446,0,,,0,440,440,0,440
Chandrapur,,,CHANDRAPUR (S.C),71,,138,312,0,1,313,0,,,0,313,313,0,313
Chandrapur,,,CHANDRAPUR (S.C),71,,139,572,0,6,578,0,,,0,574,574,0,574
Chandrapur,,,CHANDRAPUR (S.C),71,,140,598,0,0,598,0,,,0,598,598,0,598
Chandrapur,,,CHANDRAPUR (S.C),71,,141,663,0,5,668,0,,,0,663,663,0,663
Chandrapur,,,CHANDRAPUR (S.C),71,,142,320,0,1,321,0,,,0,320,320,0,320
Chandrapur,,,CHANDRAPUR (S.C),71,,143,507,0,4,511,0,,,0,507,507,0,507
Chandrapur,,,CHANDRAPUR (S.C),71,,144,517,0,9,526,0,,,0,517,517,0,517
Chandrapur,,,CHANDRAPUR (S.C),71,,145,425,0,2,427,0,,,0,425,425,0,425
Chandrapur,,,CHANDRAPUR (S.C),71,,146,514,0,13,527,0,,,0,514,514,0,514
Chandrapur,,,CHANDRAPUR (S.C),71,,147,452,0,2,454,0,,,0,452,452,0,452
Chandrapur,,,CHANDRAPUR (S.C),71,,148,242,0,1,243,0,,,0,242,242,0,242
Chandrapur,,,CHANDRAPUR (S.C),71,,149,527,0,6,533,0,,,0,527,527,0,527
Chandrapur,,,CHANDRAPUR (S.C),71,,150,528,0,2,530,0,,,0,528,528,0,528
Chandrapur,,,CHANDRAPUR (S.C),71,,151,546,0,3,549,0,,,0,546,546,0,546
Chandrapur,,,CHANDRAPUR (S.C),71,,152,296,0,0,296,0,,,0,296,296,0,296
Chandrapur,,,CHANDRAPUR (S.C),71,,153,590,0,6,596,0,,,0,590,590,0,590
Chandrapur,,,CHANDRAPUR (S.C),71,,154,338,0,0,338,0,,,0,338,338,0,338
Chandrapur,,,CHANDRAPUR (S.C),71,,155,684,0,6,690,0,,,0,684,684,0,684
Chandrapur,,,CHANDRAPUR (S.C),71,,156,527,0,0,527,0,,,0,527,527,0,527
Chandrapur,,,CHANDRAPUR (S.C),71,,157,655,0,2,657,0,,,0,655,655,0,655
Chandrapur,,,CHANDRAPUR (S.C),71,,158,522,0,8,530,0,,,0,522,522,0,522
Chandrapur,,,CHANDRAPUR (S.C),71,,159,360,0,10,370,0,,,0,360,360,0,360
Chandrapur,,,CHANDRAPUR (S.C),71,,160,384,0,6,390,0,,,0,384,384,0,384
Chandrapur,,,CHANDRAPUR (S.C),71,,161,802,0,3,805,0,,,0,802,802,0,802
Chandrapur,,,CHANDRAPUR (S.C),71,,162,564,0,3,567,0,,,0,564,564,0,564
Chandrapur,,,CHANDRAPUR (S.C),71,,163,671,0,4,675,0,,,0,671,671,0,671
Chandrapur,,,CHANDRAPUR (S.C),71,,164,656,0,11,667,0,,,0,656,656,0,656
Chandrapur,,,CHANDRAPUR (S.C),71,,165,593,0,7,600,0,,,0,593,593,0,593
Chandrapur,,,CHANDRAPUR (S.C),71,,166,519,0,3,522,0,,,0,519,519,0,519
Chandrapur,,,CHANDRAPUR (S.C),71,,167,738,0,7,745,0,,,0,738,738,0,738
Chandrapur,,,CHANDRAPUR (S.C),71,,168,576,0,11,587,0,,,0,576,576,0,576
Chandrapur,,,CHANDRAPUR (S.C),71,,169,511,0,5,516,0,,,0,511,511,0,511
Chandrapur,,,CHANDRAPUR (S.C),71,,170,528,0,7,535,0,,,0,528,528,0,528
Chandrapur,,,CHANDRAPUR (S.C),71,,171,650,0,1,651,0,,,0,650,650,0,650
Chandrapur,,,CHANDRAPUR (S.C),71,,172,707,0,6,713,0,,,0,707,707,0,707
Chandrapur,,,CHANDRAPUR (S.C),71,,173,421,0,5,426,0,,,0,421,421,0,421
Chandrapur,,,CHANDRAPUR (S.C),71,,174,621,0,9,630,0,,,0,621,621,0,621
Chandrapur,,,CHANDRAPUR (S.C),71,,175,648,0,5,653,0,,,0,648,648,0,648
Chandrapur,,,CHANDRAPUR (S.C),71,,176,838,0,2,840,0,,,0,838,838,0,838
Chandrapur,,,CHANDRAPUR (S.C),71,,177,399,0,3,402,0,,,0,399,399,0,399
Chandrapur,,,CHANDRAPUR (S.C),71,,178,413,0,8,421,0,,,0,413,413,0,413
Chandrapur,,,CHANDRAPUR (S.C),71,,179,720,0,7,727,0,,,0,720,720,0,720
Chandrapur,,,CHANDRAPUR (S.C),71,,180,441,0,8,449,0,,,0,441,441,0,441
Chandrapur,,,CHANDRAPUR (S.C),71,,181,396,0,5,401,0,,,0,396,396,0,396
Chandrapur,,,CHANDRAPUR (S.C),71,,182,871,0,3,874,0,,,0,871,871,0,871
Chandrapur,,,CHANDRAPUR (S.C),71,,183,847,0,5,852,0,,,0,847,847,0,847
Chandrapur,,,CHANDRAPUR (S.C),71,,184,614,0,14,628,0,,,0,614,614,0,614
Chandrapur,,,CHANDRAPUR (S.C),71,,185,510,0,4,514,0,,,0,510,510,0,510
Chandrapur,,,CHANDRAPUR (S.C),71,,186,419,0,5,424,0,,,0,419,419,0,419
Chandrapur,,,CHANDRAPUR (S.C),71,,187,591,0,4,595,0,,,0,591,591,0,591
Chandrapur,,,CHANDRAPUR (S.C),71,,188,679,0,4,683,0,,,0,679,679,0,679
Chandrapur,,,CHANDRAPUR (S.C),71,,189,576,0,1,577,0,,,0,576,576,0,576
Chandrapur,,,CHANDRAPUR (S.C),71,,190,616,0,2,618,0,,,0,616,616,0,616
Chandrapur,,,CHANDRAPUR (S.C),71,,191,410,0,3,413,0,,,0,410,410,0,410
Chandrapur,,,CHANDRAPUR (S.C),71,,192,520,0,1,521,0,,,0,520,520,0,520
Chandrapur,,,CHANDRAPUR (S.C),71,,193,570,0,5,575,0,,,0,570,570,0,570
Chandrapur,,,CHANDRAPUR (S.C),71,,194,622,0,4,626,0,,,0,622,622,0,622
Chandrapur,,,CHANDRAPUR (S.C),71,,195,719,0,7,726,0,,,0,719,719,0,719
Chandrapur,,,CHANDRAPUR (S.C),71,,196,631,0,8,639,0,,,0,631,631,0,631
Chandrapur,,,CHANDRAPUR (S.C),71,,197,535,0,4,539,0,,,0,535,535,0,535
Chandrapur,,,CHANDRAPUR (S.C),71,,198,655,0,8,663,0,,,0,655,655,0,655
Chandrapur,,,CHANDRAPUR (S.C),71,,199,681,0,6,687,0,,,0,681,681,0,681
Chandrapur,,,CHANDRAPUR (S.C),71,,200,639,0,6,645,0,,,0,639,639,0,639
Chandrapur,,,CHANDRAPUR (S.C),71,,201,578,0,3,581,0,,,0,578,578,0,578
Chandrapur,,,CHANDRAPUR (S.C),71,,202,819,0,13,832,0,,,0,819,819,0,819
Chandrapur,,,CHANDRAPUR (S.C),71,,203,570,0,5,575,0,,,0,570,570,0,570
Chandrapur,,,CHANDRAPUR (S.C),71,,204,553,0,7,560,0,,,0,553,553,0,553
Chandrapur,,,CHANDRAPUR (S.C),71,,205,685,0,4,689,0,,,0,685,685,0,685
Chandrapur,,,CHANDRAPUR (S.C),71,,206,876,0,8,884,0,,,0,876,876,0,876
Chandrapur,,,CHANDRAPUR (S.C),71,,207,778,0,5,783,0,,,0,778,778,0,778
Chandrapur,,,CHANDRAPUR (S.C),71,,208,780,0,9,789,0,,,0,780,780,0,780
Chandrapur,,,CHANDRAPUR (S.C),71,,209,537,0,5,542,0,,,0,537,537,0,537
Chandrapur,,,CHANDRAPUR (S.C),71,,210,462,0,3,465,0,,,0,462,462,0,462
Chandrapur,,,CHANDRAPUR (S.C),71,,211,748,0,10,758,0,,,0,748,748,0,748
Chandrapur,,,CHANDRAPUR (S.C),71,,212,568,0,10,578,0,,,0,568,568,0,568
Chandrapur,,,CHANDRAPUR (S.C),71,,213,618,0,7,625,0,,,0,618,618,0,618
Chandrapur,,,CHANDRAPUR (S.C),71,,214,439,0,2,441,0,,,0,439,439,0,439
Chandrapur,,,CHANDRAPUR (S.C),71,,215,836,0,11,847,0,,,0,836,836,0,836
Chandrapur,,,CHANDRAPUR (S.C),71,,216,624,0,9,633,0,,,0,624,624,0,624
Chandrapur,,,CHANDRAPUR (S.C),71,,217,609,0,4,613,0,,,0,609,609,0,609
Chandrapur,,,CHANDRAPUR (S.C),71,,218,573,0,7,580,0,,,0,573,573,0,573
Chandrapur,,,CHANDRAPUR (S.C),71,,219,627,0,7,634,0,,,0,627,627,0,627
Chandrapur,,,CHANDRAPUR (S.C),71,,220,753,0,11,764,0,,,0,753,753,0,753
Chandrapur,,,CHANDRAPUR (S.C),71,,221,794,0,13,807,0,,,0,794,794,0,794
Chandrapur,,,CHANDRAPUR (S.C),71,,222,494,0,7,501,0,,,0,494,494,0,494
Chandrapur,,,CHANDRAPUR (S.C),71,,223,612,0,6,618,0,,,0,612,612,0,612
Chandrapur,,,CHANDRAPUR (S.C),71,,224,646,0,4,650,0,,,0,646,646,0,646
Chandrapur,,,CHANDRAPUR (S.C),71,,225,469,0,4,473,0,,,0,469,469,0,469
Chandrapur,,,CHANDRAPUR (S.C),71,,226,649,0,9,658,0,,,0,649,649,0,649
Chandrapur,,,CHANDRAPUR (S.C),71,,227,490,0,6,496,0,,,0,490,490,0,490
Chandrapur,,,CHANDRAPUR (S.C),71,,228,516,0,5,521,0,,,0,516,516,0,516
Chandrapur,,,CHANDRAPUR (S.C),71,,229,487,0,3,490,0,,,0,487,487,0,487
Chandrapur,,,CHANDRAPUR (S.C),71,,230,275,0,4,279,0,,,0,275,275,0,275
Chandrapur,,,CHANDRAPUR (S.C),71,,231,586,0,14,600,0,,,0,586,586,0,586
Chandrapur,,,CHANDRAPUR (S.C),71,,232,728,0,2,730,0,,,0,728,728,0,728
Chandrapur,,,CHANDRAPUR (S.C),71,,233,718,0,11,729,0,,,0,718,718,0,718
Chandrapur,,,CHANDRAPUR (S.C),71,,234,715,0,7,722,0,,,0,715,715,0,715
Chandrapur,,,CHANDRAPUR (S.C),71,,235,754,0,11,765,0,,,0,754,754,0,754
Chandrapur,,,CHANDRAPUR (S.C),71,,236,834,0,8,842,0,,,0,834,834,0,834
Chandrapur,,,CHANDRAPUR (S.C),71,,237,848,0,16,864,0,,,0,848,848,0,848
Chandrapur,,,CHANDRAPUR (S.C),71,,238,518,0,4,522,0,,,0,518,518,0,518
Chandrapur,,,CHANDRAPUR (S.C),71,,239,652,0,6,658,0,,,0,652,652,0,652
Chandrapur,,,CHANDRAPUR (S.C),71,,240,556,0,6,562,0,,,0,556,556,0,556
Chandrapur,,,CHANDRAPUR (S.C),71,,241,682,0,5,687,0,,,0,682,682,0,682
Chandrapur,,,CHANDRAPUR (S.C),71,,242,585,0,10,595,0,,,0,585,585,0,585
Chandrapur,,,CHANDRAPUR (S.C),71,,243,612,0,4,616,0,,,0,612,612,0,612
Chandrapur,,,CHANDRAPUR (S.C),71,,244,614,0,5,619,0,,,0,614,614,0,614
Chandrapur,,,CHANDRAPUR (S.C),71,,245,704,0,6,710,0,,,0,704,704,0,704
Chandrapur,,,CHANDRAPUR (S.C),71,,246,692,0,7,699,0,,,0,692,692,0,692
Chandrapur,,,CHANDRAPUR (S.C),71,,247,336,0,1,337,0,,,0,336,336,0,336
Chandrapur,,,CHANDRAPUR (S.C),71,,248,566,0,13,579,0,,,0,566,566,0,566
Chandrapur,,,CHANDRAPUR (S.C),71,,249,461,0,5,466,0,,,0,461,461,0,461
Chandrapur,,,CHANDRAPUR (S.C),71,,250,740,0,11,751,0,,,0,740,740,0,740
Chandrapur,,,CHANDRAPUR (S.C),71,,251,818,0,13,831,0,,,0,818,818,0,818
Chandrapur,,,CHANDRAPUR (S.C),71,,252,654,0,8,662,0,,,0,654,654,0,654
Chandrapur,,,CHANDRAPUR (S.C),71,,253,875,0,19,894,0,,,0,875,875,0,875
Chandrapur,,,CHANDRAPUR (S.C),71,,254,446,0,0,446,0,,,0,446,446,0,446
Chandrapur,,,CHANDRAPUR (S.C),71,,255,507,0,5,512,0,,,0,507,507,0,507
Chandrapur,,,CHANDRAPUR (S.C),71,,256,758,0,3,761,0,,,0,758,758,0,758
Chandrapur,,,CHANDRAPUR (S.C),71,,257,758,0,12,770,0,,,0,758,758,0,758
Chandrapur,,,CHANDRAPUR (S.C),71,,258,879,0,13,892,0,,,0,879,879,0,879
Chandrapur,,,CHANDRAPUR (S.C),71,,259,626,0,4,630,0,,,0,626,626,0,626
Chandrapur,,,CHANDRAPUR (S.C),71,,260,846,0,5,851,0,,,0,846,846,0,846
Chandrapur,,,CHANDRAPUR (S.C),71,,261,545,0,3,548,0,,,0,545,545,0,545
Chandrapur,,,CHANDRAPUR (S.C),71,,262,678,0,15,693,0,,,0,678,678,0,678
Chandrapur,,,CHANDRAPUR (S.C),71,,263,833,0,4,837,0,,,0,833,833,0,833
Chandrapur,,,CHANDRAPUR (S.C),71,,264,472,0,5,477,0,,,0,472,472,0,472
Chandrapur,,,CHANDRAPUR (S.C),71,,265,378,0,4,382,0,,,0,378,378,0,378
Chandrapur,,,CHANDRAPUR (S.C),71,,266,527,0,11,538,0,,,0,527,527,0,527
Chandrapur,,,CHANDRAPUR (S.C),71,,267,845,0,10,855,0,,,0,845,845,0,845
Chandrapur,,,CHANDRAPUR (S.C),71,,268,896,0,12,908,0,,,0,896,896,0,896
Chandrapur,,,CHANDRAPUR (S.C),71,,269,597,0,20,617,0,,,0,597,597,0,597
Chandrapur,,,CHANDRAPUR (S.C),71,,270,369,0,5,374,0,,,0,369,369,0,369
Chandrapur,,,CHANDRAPUR (S.C),71,,271,441,0,5,446,0,,,0,441,441,0,441
Chandrapur,,,CHANDRAPUR (S.C),71,,272,395,0,4,399,0,,,0,395,395,0,395
Chandrapur,,,CHANDRAPUR (S.C),71,,273,596,0,15,611,0,,,0,596,596,0,596
Chandrapur,,,CHANDRAPUR (S.C),71,,274,645,0,7,652,0,,,0,645,645,0,645
Chandrapur,,,CHANDRAPUR (S.C),71,,275,397,0,0,397,0,,,0,397,397,0,397
Chandrapur,,,CHANDRAPUR (S.C),71,,276,488,0,2,490,0,,,0,488,488,0,488
Chandrapur,,,CHANDRAPUR (S.C),71,,277,857,0,11,868,0,,,0,857,857,0,857
Chandrapur,,,CHANDRAPUR (S.C),71,,278,600,0,6,606,0,,,0,600,600,0,600
Chandrapur,,,CHANDRAPUR (S.C),71,,279,485,0,3,488,0,,,0,485,485,0,485
Chandrapur,,,CHANDRAPUR (S.C),71,,280,614,0,2,616,0,,,0,614,614,0,614
Chandrapur,,,CHANDRAPUR (S.C),71,,281,411,0,0,411,0,,,0,411,411,0,411
Chandrapur,,,CHANDRAPUR (S.C),71,,282,705,0,5,710,0,,,0,705,705,0,705
Chandrapur,,,CHANDRAPUR (S.C),71,,283,402,0,1,403,0,,,0,402,402,0,402
Chandrapur,,,CHANDRAPUR (S.C),71,,284,776,0,1,777,0,,,0,776,776,0,776
Chandrapur,,,CHANDRAPUR (S.C),71,,285,376,0,4,380,0,,,0,376,376,0,376
Chandrapur,,,CHANDRAPUR (S.C),71,,286,346,0,4,350,0,,,0,346,346,0,346
Chandrapur,,,CHANDRAPUR (S.C),71,,287,484,0,6,490,0,,,0,484,484,0,484
Chandrapur,,,CHANDRAPUR (S.C),71,,288,517,0,6,523,0,,,0,517,517,0,517
Chandrapur,,,CHANDRAPUR (S.C),71,,289,508,0,1,509,0,,,0,507,507,0,507
Chandrapur,,,CHANDRAPUR (S.C),71,,290,784,0,10,794,0,,,0,784,784,0,784
Chandrapur,,,CHANDRAPUR (S.C),71,,291,396,0,3,399,0,,,0,396,396,0,396
Chandrapur,,,CHANDRAPUR (S.C),71,,292,420,0,3,423,0,,,0,420,420,0,420
Chandrapur,,,CHANDRAPUR (S.C),71,,293,488,0,3,491,0,,,0,488,488,0,488
Chandrapur,,,CHANDRAPUR (S.C),71,,294,488,0,4,492,0,,,0,488,488,0,488
Chandrapur,,,CHANDRAPUR (S.C),71,,295,542,0,3,545,0,,,0,542,542,0,542
Chandrapur,,,CHANDRAPUR (S.C),71,,296,613,0,6,619,0,,,0,613,613,0,613
Chandrapur,,,CHANDRAPUR (S.C),71,,297,345,0,3,348,0,,,0,345,345,0,345
Chandrapur,,,CHANDRAPUR (S.C),71,,298,649,0,5,654,0,,,0,649,649,0,649
Chandrapur,,,CHANDRAPUR (S.C),71,,299,440,0,11,451,0,,,0,440,440,0,440
Chandrapur,,,CHANDRAPUR (S.C),71,,300,487,0,1,488,0,,,0,487,487,0,487
Chandrapur,,,CHANDRAPUR (S.C),71,,301,394,0,5,399,0,,,0,394,394,0,394
Chandrapur,,,CHANDRAPUR (S.C),71,,302,528,0,6,534,0,,,0,528,528,0,528
Chandrapur,,,CHANDRAPUR (S.C),71,,303,403,0,4,407,0,,,0,403,403,0,403
Chandrapur,,,CHANDRAPUR (S.C),71,,304,494,0,6,500,0,,,0,494,494,0,494
Chandrapur,,,CHANDRAPUR (S.C),71,,305,458,0,9,467,0,,,0,458,458,0,458
Chandrapur,,,CHANDRAPUR (S.C),71,,306,672,0,6,678,0,,,0,672,672,0,672
Chandrapur,,,CHANDRAPUR (S.C),71,,307,519,0,8,527,0,,,0,519,519,0,519
Chandrapur,,,CHANDRAPUR (S.C),71,,308,389,0,2,391,0,,,0,389,389,0,389
Chandrapur,,,CHANDRAPUR (S.C),71,,309,400,0,5,405,0,,,0,400,400,0,400
Chandrapur,,,CHANDRAPUR (S.C),71,,310,336,0,4,340,0,,,0,336,336,0,336
Chandrapur,,,CHANDRAPUR (S.C),71,,311,533,0,7,540,0,,,0,533,533,0,533
Chandrapur,,,CHANDRAPUR (S.C),71,,312,505,0,3,508,0,,,0,505,505,0,505
Chandrapur,,,CHANDRAPUR (S.C),71,,313,551,0,5,556,0,,,0,551,551,0,551
Chandrapur,,,CHANDRAPUR (S.C),71,,314,650,0,9,659,0,,,0,650,650,0,650
Chandrapur,,,CHANDRAPUR (S.C),71,,315,608,0,6,614,0,,,0,608,608,0,608
Chandrapur,,,CHANDRAPUR (S.C),71,,316,546,0,14,560,0,,,0,546,546,0,546
Chandrapur,,,CHANDRAPUR (S.C),71,,317,560,0,7,567,0,,,0,560,560,0,560
Chandrapur,,,CHANDRAPUR (S.C),71,,318,309,0,6,315,0,,,0,309,309,0,309
Chandrapur,,,CHANDRAPUR (S.C),71,,319,287,0,2,289,0,,,0,287,287,0,287
Chandrapur,,,CHANDRAPUR (S.C),71,,320,485,0,6,491,0,,,0,485,485,0,485
Chandrapur,,,CHANDRAPUR (S.C),71,,321,468,0,5,468,0,,,0,468,468,0,468
Chandrapur,,,CHANDRAPUR (S.C),71,,322,424,0,5,424,0,,,0,424,424,0,424
Chandrapur,,,CHANDRAPUR (S.C),71,,323,639,0,6,639,0,,,0,639,639,0,639
Chandrapur,,,CHANDRAPUR (S.C),71,,324,571,0,2,571,0,,,0,571,571,0,571
Chandrapur,,,CHANDRAPUR (S.C),71,,325,539,0,4,539,0,,,0,539,539,0,539
Chandrapur,,,CHANDRAPUR (S.C),71,,326,488,0,9,488,0,,,0,488,488,0,488
Chandrapur,,,CHANDRAPUR (S.C),71,,327,515,0,5,515,0,,,0,515,515,0,515
Chandrapur,,,CHANDRAPUR (S.C),71,,328,648,0,6,648,0,,,0,648,648,0,648
Chandrapur,,,CHANDRAPUR (S.C),71,,329,482,0,3,482,0,,,0,482,482,0,482
Chandrapur,,,CHANDRAPUR (S.C),71,,330,579,0,5,579,0,,,0,579,579,0,579
Chandrapur,,,CHANDRAPUR (S.C),71,,331,339,0,5,339,0,,,0,341,341,0,341
Chandrapur,,,CHANDRAPUR (S.C),71,,332,373,0,2,373,0,,,0,369,369,0,369
Chandrapur,,,CHANDRAPUR (S.C),71,,333,299,0,2,299,0,,,0,302,302,0,302
Chandrapur,,,CHANDRAPUR (S.C),71,,334,444,0,8,444,0,,,0,443,443,0,443
Chandrapur,,,CHANDRAPUR (S.C),71,,335,282,0,8,282,0,,,0,282,282,0,282
Chandrapur,,,CHANDRAPUR (S.C),71,,336,725,0,18,725,0,,,0,725,725,0,725
Chandrapur,,,CHANDRAPUR (S.C),71,,337,391,0,4,391,0,,,0,391,391,0,391
Chandrapur,,,CHANDRAPUR (S.C),71,,338,389,0,4,389,0,,,0,389,389,0,389
Chandrapur,,,CHANDRAPUR (S.C),71,,339,397,0,3,397,0,,,0,397,397,0,397
Chandrapur,,,CHANDRAPUR (S.C),71,,340,376,0,8,376,0,,,0,376,376,0,376
Chandrapur,,,CHANDRAPUR (S.C),71,,341,751,0,16,751,0,,,0,751,751,0,751
Chandrapur,,,CHANDRAPUR (S.C),71,,342,687,0,5,692,0,,,0,687,687,0,687
Chandrapur,,,CHANDRAPUR (S.C),71,,343,691,0,4,695,0,,,0,691,691,0,691
Chandrapur,,,CHANDRAPUR (S.C),71,,344,383,0,4,387,0,,,0,383,383,0,383
Chandrapur,,,CHANDRAPUR (S.C),71,,345,500,0,4,504,0,,,0,500,500,0,500
Chandrapur,,,CHANDRAPUR (S.C),71,,346,447,0,1,448,0,,,0,447,447,0,447
Chandrapur,,,CHANDRAPUR (S.C),71,,347,402,0,5,407,0,,,0,402,402,0,402
Chandrapur,,,CHANDRAPUR (S.C),71,,348,429,0,3,432,0,,,0,429,429,0,429
Chandrapur,,,CHANDRAPUR (S.C),71,,349,465,0,5,470,0,,,0,465,465,0,465
Chandrapur,,,CHANDRAPUR (S.C),71,,350,362,0,2,364,0,,,0,362,362,0,362
Chandrapur,,,CHANDRAPUR (S.C),71,,351,268,0,4,272,0,,,0,268,268,0,268
Chandrapur,,,CHANDRAPUR (S.C),71,,352,428,0,5,433,0,,,0,428,428,0,428
Chandrapur,,,CHANDRAPUR (S.C),71,,353,607,0,7,614,0,,,0,607,607,0,607
Chandrapur,,,CHANDRAPUR (S.C),71,,354,327,0,2,329,0,,,0,327,327,0,327
Chandrapur,,,CHANDRAPUR (S.C),71,,355,370,0,1,371,0,,,0,370,370,0,370
Chandrapur,,,CHANDRAPUR (S.C),71,,356,473,0,2,475,0,,,0,473,473,0,473
Chandrapur,,,CHANDRAPUR (S.C),71,,357,630,0,3,633,0,,,0,630,630,0,630
Chandrapur,,,CHANDRAPUR (S.C),71,,358,751,0,6,757,0,,,0,751,751,0,751
Chandrapur,,,CHANDRAPUR (S.C),71,,359,582,0,6,588,0,,,0,582,582,0,582
Chandrapur,,,CHANDRAPUR (S.C),71,,360,652,0,6,658,0,,,0,652,652,0,652
Chandrapur,,,CHANDRAPUR (S.C),71,,361,720,0,5,725,0,,,0,720,720,0,720
Chandrapur,,,CHANDRAPUR (S.C),71,,362,398,0,2,400,0,,,0,398,398,0,398
TOTAL,,,,,,,199608,0,2095,201575,0,,,0,199629,199629,0,199629
